track_id,file_name,audio_path,status,error_type,error_message,duration_sec,sample_rate_hz,n_samples,peak_amplitude,waveform_rms,n_fft,hop_length,elapsed_sec
1,1.mp3,data_raw/PMEmo/chorus/1.mp3,ok,,,32.02612244897959,22050,706176,0.8858199119567871,0.18023672800520704,2048,512,1.7728
4,4.mp3,data_raw/PMEmo/chorus/4.mp3,ok,,,28.02938775510204,22050,618048,0.9982198476791382,0.36085164465441355,2048,512,0.7868
5,5.mp3,data_raw/PMEmo/chorus/5.mp3,ok,,,84.03591836734694,22050,1852992,1.0675071477890015,0.30525985568226804,2048,512,2.3874
6,6.mp3,data_raw/PMEmo/chorus/6.mp3,ok,,,29.466122448979593,22050,649728,1.143132209777832,0.2979045277359303,2048,512,0.8302
7,7.mp3,data_raw/PMEmo/chorus/7.mp3,ok,,,29.048163265306123,22050,640512,1.1448980569839478,0.28158685581551146,2048,512,0.8345
8,8.mp3,data_raw/PMEmo/chorus/8.mp3,ok,,,40.04571428571428,22050,883008,1.1035282611846924,0.31911974907875096,2048,512,1.1667
9,9.mp3,data_raw/PMEmo/chorus/9.mp3,ok,,,23.04,22050,508032,1.1676822900772095,0.3316983889763221,2048,512,0.659
10,10.mp3,data_raw/PMEmo/chorus/10.mp3,ok,,,32.02612244897959,22050,706176,1.009527564048767,0.28176452325826856,2048,512,0.9463
11,11.mp3,data_raw/PMEmo/chorus/11.mp3,ok,,,15.046530612244897,22050,331776,0.9362362623214722,0.1710618480731583,2048,512,0.4326
12,12.mp3,data_raw/PMEmo/chorus/12.mp3,ok,,,27.036734693877552,22050,596160,1.010203242301941,0.3233635214107426,2048,512,0.7736
13,13.mp3,data_raw/PMEmo/chorus/13.mp3,ok,,,33.04489795918367,22050,728640,1.0347652435302734,0.2992185125025554,2048,512,0.9472
14,14.mp3,data_raw/PMEmo/chorus/14.mp3,ok,,,26.04408163265306,22050,574272,0.9278533458709717,0.2853794208848243,2048,512,0.7391
15,15.mp3,data_raw/PMEmo/chorus/15.mp3,ok,,,37.04163265306122,22050,816768,0.9769365787506104,0.29484150352640287,2048,512,1.0454
16,16.mp3,data_raw/PMEmo/chorus/16.mp3,ok,,,51.04326530612245,22050,1125504,0.958611011505127,0.2660924432925869,2048,512,1.4444
17,17.mp3,data_raw/PMEmo/chorus/17.mp3,ok,,,53.02857142857143,22050,1169280,1.0300487279891968,0.32531207943791024,2048,512,1.5115
18,18.mp3,data_raw/PMEmo/chorus/18.mp3,ok,,,52.03591836734694,22050,1147392,1.0600217580795288,0.2941015865619531,2048,512,1.4713
19,19.mp3,data_raw/PMEmo/chorus/19.mp3,ok,,,43.049795918367344,22050,949248,1.056337833404541,0.2646814384001312,2048,512,1.2293
20,20.mp3,data_raw/PMEmo/chorus/20.mp3,ok,,,81.03183673469388,22050,1786752,0.6829231977462769,0.07555341275802478,2048,512,2.3395
21,21.mp3,data_raw/PMEmo/chorus/21.mp3,ok,,,45.03510204081633,22050,993024,1.0303137302398682,0.3025721955683411,2048,512,1.3366
23,23.mp3,data_raw/PMEmo/chorus/23.mp3,ok,,,28.02938775510204,22050,618048,0.8611356616020203,0.24409272804559579,2048,512,0.8176
25,25.mp3,data_raw/PMEmo/chorus/25.mp3,ok,,,42.031020408163265,22050,926784,1.0010616779327393,0.26195136508650824,2048,512,1.2243
26,26.mp3,data_raw/PMEmo/chorus/26.mp3,ok,,,18.05061224489796,22050,398016,1.099508285522461,0.33701752821107317,2048,512,0.5379
28,28.mp3,data_raw/PMEmo/chorus/28.mp3,ok,,,49.031836734693876,22050,1081152,1.0039600133895874,0.3524829521363682,2048,512,1.4265
29,29.mp3,data_raw/PMEmo/chorus/29.mp3,ok,,,41.03836734693878,22050,904896,0.9172075986862183,0.25737058460245443,2048,512,1.2007
30,30.mp3,data_raw/PMEmo/chorus/30.mp3,ok,,,52.03591836734694,22050,1147392,0.886687159538269,0.2602160306383614,2048,512,1.5142
31,31.mp3,data_raw/PMEmo/chorus/31.mp3,ok,,,18.05061224489796,22050,398016,1.3582687377929688,0.24029863114536854,2048,512,0.5225
32,32.mp3,data_raw/PMEmo/chorus/32.mp3,ok,,,35.030204081632654,22050,772416,0.9185935258865356,0.23632799903676596,2048,512,1.0175
33,33.mp3,data_raw/PMEmo/chorus/33.mp3,ok,,,33.04489795918367,22050,728640,1.0943681001663208,0.32293957175708643,2048,512,0.9603
34,34.mp3,data_raw/PMEmo/chorus/34.mp3,ok,,,36.04897959183673,22050,794880,0.6312010288238525,0.1376587021539435,2048,512,1.0617
35,35.mp3,data_raw/PMEmo/chorus/35.mp3,ok,,,52.03591836734694,22050,1147392,0.9365705251693726,0.24590193633307825,2048,512,1.4911
37,37.mp3,data_raw/PMEmo/chorus/37.mp3,ok,,,44.04244897959184,22050,971136,1.0146305561065674,0.32355736568880256,2048,512,1.2774
38,38.mp3,data_raw/PMEmo/chorus/38.mp3,ok,,,39.0269387755102,22050,860544,1.11867356300354,0.3215186203214955,2048,512,1.1356
39,39.mp3,data_raw/PMEmo/chorus/39.mp3,ok,,,44.04244897959184,22050,971136,1.1952691078186035,0.34563294702173974,2048,512,1.2926
40,40.mp3,data_raw/PMEmo/chorus/40.mp3,ok,,,37.04163265306122,22050,816768,0.977306604385376,0.17089795974713265,2048,512,1.084
42,42.mp3,data_raw/PMEmo/chorus/42.mp3,ok,,,47.0465306122449,22050,1037376,1.0237369537353516,0.2802601111760539,2048,512,1.3721
43,43.mp3,data_raw/PMEmo/chorus/43.mp3,ok,,,40.04571428571428,22050,883008,0.9885474443435669,0.29974103418767484,2048,512,1.1786
44,44.mp3,data_raw/PMEmo/chorus/44.mp3,ok,,,60.02938775510204,22050,1323648,1.0308901071548462,0.2874510605886422,2048,512,1.7469
46,46.mp3,data_raw/PMEmo/chorus/46.mp3,ok,,,45.03510204081633,22050,993024,1.2841088771820068,0.36099300618669566,2048,512,1.2979
47,47.mp3,data_raw/PMEmo/chorus/47.mp3,ok,,,36.04897959183673,22050,794880,1.2940120697021484,0.2429891493918053,2048,512,1.04
48,48.mp3,data_raw/PMEmo/chorus/48.mp3,ok,,,33.04489795918367,22050,728640,1.0089261531829834,0.24260291523321034,2048,512,0.9797
49,49.mp3,data_raw/PMEmo/chorus/49.mp3,ok,,,34.037551020408166,22050,750528,0.9169126152992249,0.2806507439781601,2048,512,1.0027
50,50.mp3,data_raw/PMEmo/chorus/50.mp3,ok,,,33.04489795918367,22050,728640,0.9989917278289795,0.18017631334252,2048,512,0.9734
51,51.mp3,data_raw/PMEmo/chorus/51.mp3,ok,,,21.02857142857143,22050,463680,1.1009349822998047,0.30333075947014443,2048,512,0.6198
52,52.mp3,data_raw/PMEmo/chorus/52.mp3,ok,,,31.0334693877551,22050,684288,1.073622703552246,0.3047487340561623,2048,512,0.9171
54,54.mp3,data_raw/PMEmo/chorus/54.mp3,ok,,,29.048163265306123,22050,640512,0.9109193086624146,0.25553858471710106,2048,512,0.8738
55,55.mp3,data_raw/PMEmo/chorus/55.mp3,ok,,,33.04489795918367,22050,728640,0.9408973455429077,0.25932264153746926,2048,512,0.9742
56,56.mp3,data_raw/PMEmo/chorus/56.mp3,ok,,,28.02938775510204,22050,618048,0.9684133529663086,0.15034885798207537,2048,512,0.8039
57,57.mp3,data_raw/PMEmo/chorus/57.mp3,ok,,,49.031836734693876,22050,1081152,1.0518834590911865,0.3339741214413106,2048,512,1.4212
58,58.mp3,data_raw/PMEmo/chorus/58.mp3,ok,,,55.04,22050,1213632,0.9619771242141724,0.25219022467291596,2048,512,1.5975
59,59.mp3,data_raw/PMEmo/chorus/59.mp3,ok,,,28.02938775510204,22050,618048,1.0141780376434326,0.2711092801564878,2048,512,0.8397
60,60.mp3,data_raw/PMEmo/chorus/60.mp3,ok,,,47.0465306122449,22050,1037376,0.9302085638046265,0.2428872914794827,2048,512,1.3797
61,61.mp3,data_raw/PMEmo/chorus/61.mp3,ok,,,28.02938775510204,22050,618048,0.9909552335739136,0.3391378018431811,2048,512,0.8315
63,63.mp3,data_raw/PMEmo/chorus/63.mp3,ok,,,29.048163265306123,22050,640512,0.9943193793296814,0.27115815023726625,2048,512,0.8736
64,64.mp3,data_raw/PMEmo/chorus/64.mp3,ok,,,14.027755102040816,22050,309312,0.901313066482544,0.1354379254861944,2048,512,0.436
65,65.mp3,data_raw/PMEmo/chorus/65.mp3,ok,,,25.05142857142857,22050,552384,0.8777114748954773,0.17923342717796947,2048,512,0.7926
66,66.mp3,data_raw/PMEmo/chorus/66.mp3,ok,,,25.05142857142857,22050,552384,0.9963604807853699,0.28348206751507443,2048,512,0.7471
67,67.mp3,data_raw/PMEmo/chorus/67.mp3,ok,,,33.04489795918367,22050,728640,0.978447675704956,0.283593171163083,2048,512,0.9554
68,68.mp3,data_raw/PMEmo/chorus/68.mp3,ok,,,29.048163265306123,22050,640512,1.1682552099227905,0.3464722315185835,2048,512,0.8296
69,69.mp3,data_raw/PMEmo/chorus/69.mp3,ok,,,17.03183673469388,22050,375552,1.033592939376831,0.266882211170387,2048,512,0.5024
70,70.mp3,data_raw/PMEmo/chorus/70.mp3,ok,,,30.040816326530614,22050,662400,1.0154483318328857,0.23226885585955337,2048,512,0.8632
71,71.mp3,data_raw/PMEmo/chorus/71.mp3,ok,,,28.02938775510204,22050,618048,1.0313493013381958,0.2788967376646147,2048,512,0.8119
72,72.mp3,data_raw/PMEmo/chorus/72.mp3,ok,,,21.02857142857143,22050,463680,1.0219907760620117,0.29034908581989444,2048,512,0.6116
73,73.mp3,data_raw/PMEmo/chorus/73.mp3,ok,,,18.05061224489796,22050,398016,1.0070297718048096,0.2521112152947477,2048,512,0.5335
74,74.mp3,data_raw/PMEmo/chorus/74.mp3,ok,,,26.04408163265306,22050,574272,1.0368025302886963,0.2608784055891653,2048,512,0.7619
75,75.mp3,data_raw/PMEmo/chorus/75.mp3,ok,,,22.04734693877551,22050,486144,1.1329333782196045,0.2963887110429686,2048,512,0.6486
76,76.mp3,data_raw/PMEmo/chorus/76.mp3,ok,,,20.035918367346937,22050,441792,1.0434412956237793,0.28938142256179006,2048,512,0.5867
78,78.mp3,data_raw/PMEmo/chorus/78.mp3,ok,,,41.03836734693878,22050,904896,0.9387666583061218,0.1581911672048667,2048,512,1.1692
79,79.mp3,data_raw/PMEmo/chorus/79.mp3,ok,,,48.03918367346939,22050,1059264,1.127496600151062,0.20709556500735068,2048,512,1.4054
80,80.mp3,data_raw/PMEmo/chorus/80.mp3,ok,,,19.04326530612245,22050,419904,0.8461954593658447,0.22797741890733322,2048,512,0.5714
81,81.mp3,data_raw/PMEmo/chorus/81.mp3,ok,,,26.04408163265306,22050,574272,1.042572259902954,0.31233521931566277,2048,512,0.7705
83,83.mp3,data_raw/PMEmo/chorus/83.mp3,ok,,,27.036734693877552,22050,596160,1.0088913440704346,0.24684610879329952,2048,512,0.8218
84,84.mp3,data_raw/PMEmo/chorus/84.mp3,ok,,,17.03183673469388,22050,375552,0.7014206647872925,0.10298341333529792,2048,512,0.5226
85,85.mp3,data_raw/PMEmo/chorus/85.mp3,ok,,,14.027755102040816,22050,309312,0.5599156022071838,0.1047485250748935,2048,512,0.4274
86,86.mp3,data_raw/PMEmo/chorus/86.mp3,ok,,,32.02612244897959,22050,706176,0.9632387757301331,0.22305827576807286,2048,512,0.9427
87,87.mp3,data_raw/PMEmo/chorus/87.mp3,ok,,,30.040816326530614,22050,662400,1.0279779434204102,0.25675895686471606,2048,512,0.8869
88,88.mp3,data_raw/PMEmo/chorus/88.mp3,ok,,,35.030204081632654,22050,772416,0.9495441913604736,0.22450981474379236,2048,512,1.0246
89,89.mp3,data_raw/PMEmo/chorus/89.mp3,ok,,,30.040816326530614,22050,662400,0.9876803159713745,0.22112169357087172,2048,512,0.8762
90,90.mp3,data_raw/PMEmo/chorus/90.mp3,ok,,,35.030204081632654,22050,772416,1.1108765602111816,0.2848673317147468,2048,512,1.0312
91,91.mp3,data_raw/PMEmo/chorus/91.mp3,ok,,,30.040816326530614,22050,662400,1.129382610321045,0.3326099283710773,2048,512,0.8779
92,92.mp3,data_raw/PMEmo/chorus/92.mp3,ok,,,35.030204081632654,22050,772416,1.1108765602111816,0.2848673317147468,2048,512,1.0411
93,93.mp3,data_raw/PMEmo/chorus/93.mp3,ok,,,76.04244897959184,22050,1676736,0.9169052839279175,0.1859328593233589,2048,512,2.2044
94,94.mp3,data_raw/PMEmo/chorus/94.mp3,ok,,,37.04163265306122,22050,816768,1.059330701828003,0.28920897229308634,2048,512,1.0486
95,95.mp3,data_raw/PMEmo/chorus/95.mp3,ok,,,14.027755102040816,22050,309312,1.0138256549835205,0.2287190365273263,2048,512,0.4239
96,96.mp3,data_raw/PMEmo/chorus/96.mp3,ok,,,38.034285714285716,22050,838656,1.1202070713043213,0.27020340085207595,2048,512,1.0925
97,97.mp3,data_raw/PMEmo/chorus/97.mp3,ok,,,19.04326530612245,22050,419904,1.0904282331466675,0.27624806476196695,2048,512,0.5636
98,98.mp3,data_raw/PMEmo/chorus/98.mp3,ok,,,31.0334693877551,22050,684288,1.1384508609771729,0.24384354444254386,2048,512,0.8895
99,99.mp3,data_raw/PMEmo/chorus/99.mp3,ok,,,26.04408163265306,22050,574272,1.0531827211380005,0.2268395277842867,2048,512,0.7893
100,100.mp3,data_raw/PMEmo/chorus/100.mp3,ok,,,40.04571428571428,22050,883008,1.1202192306518555,0.13007505409807268,2048,512,1.1719
101,101.mp3,data_raw/PMEmo/chorus/101.mp3,ok,,,13.035102040816327,22050,287424,0.7745612859725952,0.14801350429572305,2048,512,0.3867
102,102.mp3,data_raw/PMEmo/chorus/102.mp3,ok,,,18.05061224489796,22050,398016,0.829917311668396,0.15814181510939304,2048,512,0.5314
103,103.mp3,data_raw/PMEmo/chorus/103.mp3,ok,,,24.03265306122449,22050,529920,1.1430186033248901,0.36141679605862775,2048,512,0.699
104,104.mp3,data_raw/PMEmo/chorus/104.mp3,ok,,,65.04489795918367,22050,1434240,1.0191986560821533,0.30729827119889236,2048,512,1.8996
105,105.mp3,data_raw/PMEmo/chorus/105.mp3,ok,,,50.05061224489796,22050,1103616,0.9979907274246216,0.19244603282749612,2048,512,1.3927
106,106.mp3,data_raw/PMEmo/chorus/106.mp3,ok,,,40.04571428571428,22050,883008,1.0973243713378906,0.3001171106656401,2048,512,1.1611
107,107.mp3,data_raw/PMEmo/chorus/107.mp3,ok,,,22.04734693877551,22050,486144,1.103344202041626,0.3139923482475065,2048,512,0.6321
108,108.mp3,data_raw/PMEmo/chorus/108.mp3,ok,,,49.031836734693876,22050,1081152,1.1538410186767578,0.3309165331209204,2048,512,1.4289
109,109.mp3,data_raw/PMEmo/chorus/109.mp3,ok,,,54.04734693877551,22050,1191744,1.0916550159454346,0.3100197116387343,2048,512,1.5502
110,110.mp3,data_raw/PMEmo/chorus/110.mp3,ok,,,14.027755102040816,22050,309312,1.0381571054458618,0.26289587063895564,2048,512,0.4213
113,113.mp3,data_raw/PMEmo/chorus/113.mp3,ok,,,38.034285714285716,22050,838656,1.1004401445388794,0.34747395053875213,2048,512,1.1032
114,114.mp3,data_raw/PMEmo/chorus/114.mp3,ok,,,38.034285714285716,22050,838656,1.0400595664978027,0.24180906439027788,2048,512,1.0982
115,115.mp3,data_raw/PMEmo/chorus/115.mp3,ok,,,43.049795918367344,22050,949248,1.097766637802124,0.3457877264945542,2048,512,1.24
116,116.mp3,data_raw/PMEmo/chorus/116.mp3,ok,,,27.036734693877552,22050,596160,1.1367764472961426,0.3344324451096858,2048,512,0.7888
117,117.mp3,data_raw/PMEmo/chorus/117.mp3,ok,,,21.02857142857143,22050,463680,1.081183910369873,0.28960110180401405,2048,512,0.6148
118,118.mp3,data_raw/PMEmo/chorus/118.mp3,ok,,,11.049795918367346,22050,243648,1.167620062828064,0.3480407285839717,2048,512,0.3315
119,119.mp3,data_raw/PMEmo/chorus/119.mp3,ok,,,59.03673469387755,22050,1301760,0.9144662618637085,0.17706168654460322,2048,512,1.6742
120,120.mp3,data_raw/PMEmo/chorus/120.mp3,ok,,,59.03673469387755,22050,1301760,0.5675674676895142,0.1128459480957214,2048,512,1.6935
123,123.mp3,data_raw/PMEmo/chorus/123.mp3,ok,,,33.04489795918367,22050,728640,0.9878207445144653,0.21592807632718955,2048,512,0.9539
124,124.mp3,data_raw/PMEmo/chorus/124.mp3,ok,,,36.04897959183673,22050,794880,1.1657357215881348,0.31093360049298674,2048,512,1.0397
126,126.mp3,data_raw/PMEmo/chorus/126.mp3,ok,,,43.049795918367344,22050,949248,0.9839732050895691,0.27060635256902893,2048,512,1.2395
127,127.mp3,data_raw/PMEmo/chorus/127.mp3,ok,,,43.049795918367344,22050,949248,1.1497218608856201,0.34270428149024923,2048,512,1.2353
128,128.mp3,data_raw/PMEmo/chorus/128.mp3,ok,,,26.04408163265306,22050,574272,0.7919713258743286,0.14045414384277097,2048,512,0.7465
132,132.mp3,data_raw/PMEmo/chorus/132.mp3,ok,,,46.027755102040814,22050,1014912,1.1041103601455688,0.34108359781492553,2048,512,1.3379
133,133.mp3,data_raw/PMEmo/chorus/133.mp3,ok,,,62.04081632653061,22050,1368000,1.1695501804351807,0.2765712996836742,2048,512,1.7656
134,134.mp3,data_raw/PMEmo/chorus/134.mp3,ok,,,41.03836734693878,22050,904896,1.1146109104156494,0.31030188282688553,2048,512,1.1703
135,135.mp3,data_raw/PMEmo/chorus/135.mp3,ok,,,41.03836734693878,22050,904896,0.8952835202217102,0.20107809000346338,2048,512,1.2038
136,136.mp3,data_raw/PMEmo/chorus/136.mp3,ok,,,50.05061224489796,22050,1103616,0.9985346794128418,0.189156968368325,2048,512,1.429
137,137.mp3,data_raw/PMEmo/chorus/137.mp3,ok,,,42.031020408163265,22050,926784,0.9623732566833496,0.2928410525684792,2048,512,1.2137
138,138.mp3,data_raw/PMEmo/chorus/138.mp3,ok,,,41.03836734693878,22050,904896,0.9047717452049255,0.2360406104788714,2048,512,1.1709
139,139.mp3,data_raw/PMEmo/chorus/139.mp3,ok,,,32.02612244897959,22050,706176,1.0923078060150146,0.3036756870413634,2048,512,0.9162
140,140.mp3,data_raw/PMEmo/chorus/140.mp3,ok,,,85.02857142857142,22050,1874880,1.109989881515503,0.3137444697179762,2048,512,2.4167
141,141.mp3,data_raw/PMEmo/chorus/141.mp3,ok,,,28.02938775510204,22050,618048,1.0652012825012207,0.2364847237983446,2048,512,0.7919
142,142.mp3,data_raw/PMEmo/chorus/142.mp3,ok,,,24.03265306122449,22050,529920,1.0042877197265625,0.254749331000477,2048,512,0.6857
143,143.mp3,data_raw/PMEmo/chorus/143.mp3,ok,,,61.04816326530612,22050,1346112,0.990110456943512,0.30016787747250634,2048,512,1.7768
144,144.mp3,data_raw/PMEmo/chorus/144.mp3,ok,,,40.04571428571428,22050,883008,1.1530191898345947,0.33633660646265573,2048,512,1.1657
145,145.mp3,data_raw/PMEmo/chorus/145.mp3,ok,,,40.04571428571428,22050,883008,1.0588507652282715,0.2634364700710681,2048,512,1.1536
146,146.mp3,data_raw/PMEmo/chorus/146.mp3,ok,,,40.04571428571428,22050,883008,1.080228328704834,0.2856126127294925,2048,512,1.1594
147,147.mp3,data_raw/PMEmo/chorus/147.mp3,ok,,,52.03591836734694,22050,1147392,0.9561691284179688,0.20959008999644899,2048,512,1.4886
148,148.mp3,data_raw/PMEmo/chorus/148.mp3,ok,,,35.030204081632654,22050,772416,0.787790060043335,0.1339093397369066,2048,512,0.9901
149,149.mp3,data_raw/PMEmo/chorus/149.mp3,ok,,,65.04489795918367,22050,1434240,0.9005962610244751,0.19897006883196272,2048,512,1.8508
150,150.mp3,data_raw/PMEmo/chorus/150.mp3,ok,,,43.049795918367344,22050,949248,0.9081022143363953,0.1912585143189031,2048,512,1.244
151,151.mp3,data_raw/PMEmo/chorus/151.mp3,ok,,,75.04979591836735,22050,1654848,0.9123563766479492,0.16003720677408112,2048,512,2.1444
152,152.mp3,data_raw/PMEmo/chorus/152.mp3,ok,,,37.04163265306122,22050,816768,1.076110601425171,0.3153953856584523,2048,512,1.0762
153,153.mp3,data_raw/PMEmo/chorus/153.mp3,ok,,,39.0269387755102,22050,860544,1.0472161769866943,0.2729656468835492,2048,512,1.1279
156,156.mp3,data_raw/PMEmo/chorus/156.mp3,ok,,,63.033469387755105,22050,1389888,0.9618384838104248,0.269700221376283,2048,512,1.7929
157,157.mp3,data_raw/PMEmo/chorus/157.mp3,ok,,,41.03836734693878,22050,904896,0.9771906733512878,0.2667049031441966,2048,512,1.1594
158,158.mp3,data_raw/PMEmo/chorus/158.mp3,ok,,,21.02857142857143,22050,463680,0.6439434885978699,0.11083025936870619,2048,512,0.6148
159,159.mp3,data_raw/PMEmo/chorus/159.mp3,ok,,,49.031836734693876,22050,1081152,1.1077256202697754,0.3360114822903285,2048,512,1.4053
160,160.mp3,data_raw/PMEmo/chorus/160.mp3,ok,,,48.03918367346939,22050,1059264,1.0991159677505493,0.2830884392251378,2048,512,1.37
161,161.mp3,data_raw/PMEmo/chorus/161.mp3,ok,,,42.031020408163265,22050,926784,1.0230391025543213,0.26207537179310436,2048,512,1.2085
162,162.mp3,data_raw/PMEmo/chorus/162.mp3,ok,,,48.03918367346939,22050,1059264,1.0991159677505493,0.2830884392251378,2048,512,1.3732
165,165.mp3,data_raw/PMEmo/chorus/165.mp3,ok,,,46.027755102040814,22050,1014912,1.0589532852172852,0.2707143449106653,2048,512,1.3222
166,166.mp3,data_raw/PMEmo/chorus/166.mp3,ok,,,38.034285714285716,22050,838656,1.0022448301315308,0.35158457072006943,2048,512,1.0949
167,167.mp3,data_raw/PMEmo/chorus/167.mp3,ok,,,54.04734693877551,22050,1191744,1.0730440616607666,0.3417956904158992,2048,512,1.5712
168,168.mp3,data_raw/PMEmo/chorus/168.mp3,ok,,,57.05142857142857,22050,1257984,1.0627323389053345,0.2830452768983369,2048,512,1.6452
169,169.mp3,data_raw/PMEmo/chorus/169.mp3,ok,,,32.02612244897959,22050,706176,1.0372116565704346,0.3045006653500553,2048,512,0.9237
170,170.mp3,data_raw/PMEmo/chorus/170.mp3,ok,,,42.031020408163265,22050,926784,0.8552137613296509,0.19015838149836545,2048,512,1.2025
171,171.mp3,data_raw/PMEmo/chorus/171.mp3,ok,,,33.04489795918367,22050,728640,1.1385489702224731,0.30814810716980695,2048,512,0.9597
172,172.mp3,data_raw/PMEmo/chorus/172.mp3,ok,,,29.048163265306123,22050,640512,0.9653816819190979,0.31832243167108887,2048,512,0.8446
174,174.mp3,data_raw/PMEmo/chorus/174.mp3,ok,,,26.04408163265306,22050,574272,1.0200254917144775,0.28487212705247056,2048,512,0.7538
175,175.mp3,data_raw/PMEmo/chorus/175.mp3,ok,,,31.0334693877551,22050,684288,1.0429883003234863,0.3334973498840979,2048,512,0.8728
176,176.mp3,data_raw/PMEmo/chorus/176.mp3,ok,,,21.02857142857143,22050,463680,1.1028854846954346,0.330092551794292,2048,512,0.6093
177,177.mp3,data_raw/PMEmo/chorus/177.mp3,ok,,,30.040816326530614,22050,662400,1.040427803993225,0.3245981112713353,2048,512,0.8574
179,179.mp3,data_raw/PMEmo/chorus/179.mp3,ok,,,33.04489795918367,22050,728640,1.1817909479141235,0.39146864864371167,2048,512,0.9456
180,180.mp3,data_raw/PMEmo/chorus/180.mp3,ok,,,18.05061224489796,22050,398016,1.0932610034942627,0.319220175344657,2048,512,0.5217
181,181.mp3,data_raw/PMEmo/chorus/181.mp3,ok,,,18.05061224489796,22050,398016,0.9817502498626709,0.35448947095606353,2048,512,0.519
184,184.mp3,data_raw/PMEmo/chorus/184.mp3,ok,,,34.037551020408166,22050,750528,1.1133997440338135,0.2983813873246085,2048,512,0.9759
185,185.mp3,data_raw/PMEmo/chorus/185.mp3,ok,,,33.04489795918367,22050,728640,1.1817909479141235,0.39146864864371167,2048,512,0.9423
186,186.mp3,data_raw/PMEmo/chorus/186.mp3,ok,,,29.048163265306123,22050,640512,1.1079058647155762,0.3030769797669846,2048,512,0.8354
187,187.mp3,data_raw/PMEmo/chorus/187.mp3,ok,,,28.02938775510204,22050,618048,0.9739585518836975,0.18253366631632864,2048,512,0.8026
188,188.mp3,data_raw/PMEmo/chorus/188.mp3,ok,,,31.0334693877551,22050,684288,0.9127362966537476,0.21274004742225602,2048,512,0.8956
189,189.mp3,data_raw/PMEmo/chorus/189.mp3,ok,,,21.02857142857143,22050,463680,1.0165011882781982,0.1905503834280524,2048,512,0.607
191,191.mp3,data_raw/PMEmo/chorus/191.mp3,ok,,,21.02857142857143,22050,463680,0.9613862037658691,0.2503129025043631,2048,512,0.6054
192,192.mp3,data_raw/PMEmo/chorus/192.mp3,ok,,,23.04,22050,508032,1.2064887285232544,0.3387760366818318,2048,512,0.6665
196,196.mp3,data_raw/PMEmo/chorus/196.mp3,ok,,,16.03918367346939,22050,353664,0.9684263467788696,0.28934016346139046,2048,512,0.457
197,197.mp3,data_raw/PMEmo/chorus/197.mp3,ok,,,36.04897959183673,22050,794880,1.0048826932907104,0.2105436055730261,2048,512,1.0236
198,198.mp3,data_raw/PMEmo/chorus/198.mp3,ok,,,40.04571428571428,22050,883008,0.9678841233253479,0.2257058681050973,2048,512,1.1633
199,199.mp3,data_raw/PMEmo/chorus/199.mp3,ok,,,23.04,22050,508032,1.0671463012695312,0.3069663118160372,2048,512,0.6592
200,200.mp3,data_raw/PMEmo/chorus/200.mp3,ok,,,26.04408163265306,22050,574272,1.25162935256958,0.2734017460631387,2048,512,0.734
201,201.mp3,data_raw/PMEmo/chorus/201.mp3,ok,,,32.02612244897959,22050,706176,1.019431710243225,0.2893470329722502,2048,512,0.9272
202,202.mp3,data_raw/PMEmo/chorus/202.mp3,ok,,,30.040816326530614,22050,662400,1.135754942893982,0.307512244695419,2048,512,0.8719
203,203.mp3,data_raw/PMEmo/chorus/203.mp3,ok,,,36.04897959183673,22050,794880,1.050786018371582,0.30563256911981446,2048,512,1.041
204,204.mp3,data_raw/PMEmo/chorus/204.mp3,ok,,,31.0334693877551,22050,684288,0.8892902135848999,0.1738313078055653,2048,512,0.8866
205,205.mp3,data_raw/PMEmo/chorus/205.mp3,ok,,,14.027755102040816,22050,309312,1.0119065046310425,0.287395394318717,2048,512,0.4185
206,206.mp3,data_raw/PMEmo/chorus/206.mp3,ok,,,12.042448979591837,22050,265536,1.0672364234924316,0.2340726568095702,2048,512,0.361
207,207.mp3,data_raw/PMEmo/chorus/207.mp3,ok,,,32.02612244897959,22050,706176,1.0135287046432495,0.21788232875002747,2048,512,0.9295
209,209.mp3,data_raw/PMEmo/chorus/209.mp3,ok,,,28.02938775510204,22050,618048,1.0521858930587769,0.28775258133097303,2048,512,0.8165
210,210.mp3,data_raw/PMEmo/chorus/210.mp3,ok,,,24.03265306122449,22050,529920,0.9381512403488159,0.28395630108489467,2048,512,0.6949
211,211.mp3,data_raw/PMEmo/chorus/211.mp3,ok,,,44.04244897959184,22050,971136,1.1572179794311523,0.308790752649624,2048,512,1.3189
212,212.mp3,data_raw/PMEmo/chorus/212.mp3,ok,,,46.027755102040814,22050,1014912,1.0851187705993652,0.3680647199530802,2048,512,1.3327
213,213.mp3,data_raw/PMEmo/chorus/213.mp3,ok,,,66.03755102040816,22050,1456128,1.0944780111312866,0.26438198490607245,2048,512,1.8841
215,215.mp3,data_raw/PMEmo/chorus/215.mp3,ok,,,48.03918367346939,22050,1059264,1.188990592956543,0.3751428672597975,2048,512,1.3844
216,216.mp3,data_raw/PMEmo/chorus/216.mp3,ok,,,30.040816326530614,22050,662400,0.9654785394668579,0.27844847538055,2048,512,0.8697
217,217.mp3,data_raw/PMEmo/chorus/217.mp3,ok,,,27.036734693877552,22050,596160,0.9503281116485596,0.30265184712071735,2048,512,0.7904
219,219.mp3,data_raw/PMEmo/chorus/219.mp3,ok,,,39.0269387755102,22050,860544,0.9769707918167114,0.27955125089792404,2048,512,1.1445
220,220.mp3,data_raw/PMEmo/chorus/220.mp3,ok,,,29.048163265306123,22050,640512,0.9712111949920654,0.27845074928518754,2048,512,0.8483
221,221.mp3,data_raw/PMEmo/chorus/221.mp3,ok,,,33.04489795918367,22050,728640,1.083774209022522,0.30238528444514684,2048,512,0.9621
222,222.mp3,data_raw/PMEmo/chorus/222.mp3,ok,,,39.0269387755102,22050,860544,0.920372724533081,0.21716884778813642,2048,512,1.124
224,224.mp3,data_raw/PMEmo/chorus/224.mp3,ok,,,24.03265306122449,22050,529920,1.0725111961364746,0.30567519217768446,2048,512,0.6815
225,225.mp3,data_raw/PMEmo/chorus/225.mp3,ok,,,20.035918367346937,22050,441792,0.9889525175094604,0.2734434303836393,2048,512,0.5802
226,226.mp3,data_raw/PMEmo/chorus/226.mp3,ok,,,15.046530612244897,22050,331776,0.9691169261932373,0.34932913028141993,2048,512,0.436
227,227.mp3,data_raw/PMEmo/chorus/227.mp3,ok,,,22.04734693877551,22050,486144,0.9201669096946716,0.24743822123331138,2048,512,0.6295
228,228.mp3,data_raw/PMEmo/chorus/228.mp3,ok,,,16.03918367346939,22050,353664,0.9730777144432068,0.14900595066119443,2048,512,0.4703
229,229.mp3,data_raw/PMEmo/chorus/229.mp3,ok,,,36.04897959183673,22050,794880,1.0802419185638428,0.28318299411694353,2048,512,1.0264
230,230.mp3,data_raw/PMEmo/chorus/230.mp3,ok,,,28.02938775510204,22050,618048,0.801443338394165,0.10413979935537625,2048,512,0.8186
231,231.mp3,data_raw/PMEmo/chorus/231.mp3,ok,,,30.040816326530614,22050,662400,0.9392609000205994,0.2351523182452595,2048,512,0.8629
232,232.mp3,data_raw/PMEmo/chorus/232.mp3,ok,,,39.0269387755102,22050,860544,0.9025367498397827,0.1627988273532572,2048,512,1.1129
233,233.mp3,data_raw/PMEmo/chorus/233.mp3,ok,,,60.02938775510204,22050,1323648,0.9567963480949402,0.24732588177011255,2048,512,1.7072
234,234.mp3,data_raw/PMEmo/chorus/234.mp3,ok,,,29.048163265306123,22050,640512,0.9930633306503296,0.24906115808715362,2048,512,0.8284
235,235.mp3,data_raw/PMEmo/chorus/235.mp3,ok,,,25.05142857142857,22050,552384,0.9528191685676575,0.24337741902493717,2048,512,0.7304
236,236.mp3,data_raw/PMEmo/chorus/236.mp3,ok,,,32.02612244897959,22050,706176,0.8945407271385193,0.19688430076991198,2048,512,0.9136
237,237.mp3,data_raw/PMEmo/chorus/237.mp3,ok,,,44.04244897959184,22050,971136,0.9704177975654602,0.26682124162622206,2048,512,1.2493
238,238.mp3,data_raw/PMEmo/chorus/238.mp3,ok,,,20.035918367346937,22050,441792,0.9530067443847656,0.22043807235536025,2048,512,0.58
239,239.mp3,data_raw/PMEmo/chorus/239.mp3,ok,,,49.031836734693876,22050,1081152,1.0259419679641724,0.31879723795514014,2048,512,1.3893
241,241.mp3,data_raw/PMEmo/chorus/241.mp3,ok,,,19.04326530612245,22050,419904,0.9294372200965881,0.28461796297676567,2048,512,0.5635
242,242.mp3,data_raw/PMEmo/chorus/242.mp3,ok,,,29.048163265306123,22050,640512,1.1428587436676025,0.31418927912719935,2048,512,0.8416
244,244.mp3,data_raw/PMEmo/chorus/244.mp3,ok,,,44.04244897959184,22050,971136,0.9679229259490967,0.3110046162700996,2048,512,1.2667
249,249.mp3,data_raw/PMEmo/chorus/249.mp3,ok,,,31.0334693877551,22050,684288,1.0028204917907715,0.27932025849562386,2048,512,0.9247
251,251.mp3,data_raw/PMEmo/chorus/251.mp3,ok,,,22.04734693877551,22050,486144,1.0663046836853027,0.2672493672765256,2048,512,0.6414
252,252.mp3,data_raw/PMEmo/chorus/252.mp3,ok,,,37.04163265306122,22050,816768,0.6646841764450073,0.02944557361729541,2048,512,1.0856
253,253.mp3,data_raw/PMEmo/chorus/253.mp3,ok,,,50.05061224489796,22050,1103616,1.0899608135223389,0.25470742423414255,2048,512,1.4325
257,257.mp3,data_raw/PMEmo/chorus/257.mp3,ok,,,61.04816326530612,22050,1346112,1.0534601211547852,0.35867017545586627,2048,512,1.7483
258,258.mp3,data_raw/PMEmo/chorus/258.mp3,ok,,,18.05061224489796,22050,398016,0.9634658694267273,0.2802830940479939,2048,512,0.5268
260,260.mp3,data_raw/PMEmo/chorus/260.mp3,ok,,,46.027755102040814,22050,1014912,1.0910730361938477,0.279312974786315,2048,512,1.4177
263,263.mp3,data_raw/PMEmo/chorus/263.mp3,ok,,,30.040816326530614,22050,662400,0.9172548055648804,0.2348374327769895,2048,512,0.8708
264,264.mp3,data_raw/PMEmo/chorus/264.mp3,ok,,,12.042448979591837,22050,265536,0.7298876047134399,0.09918286215563875,2048,512,0.355
265,265.mp3,data_raw/PMEmo/chorus/265.mp3,ok,,,41.03836734693878,22050,904896,1.0127241611480713,0.37534070601263486,2048,512,1.23
267,267.mp3,data_raw/PMEmo/chorus/267.mp3,ok,,,41.03836734693878,22050,904896,1.1650077104568481,0.2491341549793371,2048,512,1.1719
269,269.mp3,data_raw/PMEmo/chorus/269.mp3,ok,,,36.04897959183673,22050,794880,0.9722524881362915,0.22939418231376796,2048,512,1.0782
273,273.mp3,data_raw/PMEmo/chorus/273.mp3,ok,,,49.031836734693876,22050,1081152,0.9473019242286682,0.19906014737933436,2048,512,1.4411
275,275.mp3,data_raw/PMEmo/chorus/275.mp3,ok,,,38.034285714285716,22050,838656,0.9728409051895142,0.31313818958063216,2048,512,1.1207
276,276.mp3,data_raw/PMEmo/chorus/276.mp3,ok,,,47.0465306122449,22050,1037376,1.227417230606079,0.34403865514665344,2048,512,1.3715
277,277.mp3,data_raw/PMEmo/chorus/277.mp3,ok,,,24.03265306122449,22050,529920,1.0670785903930664,0.33567389523778224,2048,512,0.6882
278,278.mp3,data_raw/PMEmo/chorus/278.mp3,ok,,,15.046530612244897,22050,331776,0.9975050687789917,0.3436617199070924,2048,512,0.4438
279,279.mp3,data_raw/PMEmo/chorus/279.mp3,ok,,,28.02938775510204,22050,618048,1.2552282810211182,0.31935138956821574,2048,512,0.7992
280,280.mp3,data_raw/PMEmo/chorus/280.mp3,ok,,,38.034285714285716,22050,838656,1.2991162538528442,0.319440620954585,2048,512,1.1294
282,282.mp3,data_raw/PMEmo/chorus/282.mp3,ok,,,24.03265306122449,22050,529920,0.9958349466323853,0.29092590157889764,2048,512,0.7463
283,283.mp3,data_raw/PMEmo/chorus/283.mp3,ok,,,20.035918367346937,22050,441792,0.9907433986663818,0.2309432725022011,2048,512,0.59
284,284.mp3,data_raw/PMEmo/chorus/284.mp3,ok,,,32.02612244897959,22050,706176,1.0226569175720215,0.24415047635294285,2048,512,0.9529
285,285.mp3,data_raw/PMEmo/chorus/285.mp3,ok,,,60.02938775510204,22050,1323648,0.9563263058662415,0.32844058866091547,2048,512,1.7504
287,287.mp3,data_raw/PMEmo/chorus/287.mp3,ok,,,25.05142857142857,22050,552384,1.0272232294082642,0.23601972360217527,2048,512,0.7362
291,291.mp3,data_raw/PMEmo/chorus/291.mp3,ok,,,12.042448979591837,22050,265536,1.122462511062622,0.2844361199426891,2048,512,0.3629
292,292.mp3,data_raw/PMEmo/chorus/292.mp3,ok,,,27.036734693877552,22050,596160,1.0989599227905273,0.3266429276860328,2048,512,0.7908
293,293.mp3,data_raw/PMEmo/chorus/293.mp3,ok,,,25.05142857142857,22050,552384,0.9577827453613281,0.27264756169624976,2048,512,0.8128
294,294.mp3,data_raw/PMEmo/chorus/294.mp3,ok,,,31.0334693877551,22050,684288,0.9989352226257324,0.27923733276081186,2048,512,0.9586
295,295.mp3,data_raw/PMEmo/chorus/295.mp3,ok,,,35.030204081632654,22050,772416,0.950670599937439,0.2312534325334503,2048,512,1.0266
296,296.mp3,data_raw/PMEmo/chorus/296.mp3,ok,,,37.04163265306122,22050,816768,0.9903278350830078,0.22392530437350655,2048,512,1.092
297,297.mp3,data_raw/PMEmo/chorus/297.mp3,ok,,,36.04897959183673,22050,794880,0.9217454195022583,0.23250458441062558,2048,512,1.0525
298,298.mp3,data_raw/PMEmo/chorus/298.mp3,ok,,,29.048163265306123,22050,640512,1.0269602537155151,0.3404901966264121,2048,512,0.8583
299,299.mp3,data_raw/PMEmo/chorus/299.mp3,ok,,,34.037551020408166,22050,750528,0.9999827146530151,0.29270362606280803,2048,512,1.016
300,300.mp3,data_raw/PMEmo/chorus/300.mp3,ok,,,36.04897959183673,22050,794880,1.0491220951080322,0.3112261369856224,2048,512,1.1407
301,301.mp3,data_raw/PMEmo/chorus/301.mp3,ok,,,42.031020408163265,22050,926784,1.1337039470672607,0.347553217549593,2048,512,1.2962
302,302.mp3,data_raw/PMEmo/chorus/302.mp3,ok,,,23.04,22050,508032,0.5555458068847656,0.14082882316472187,2048,512,0.7008
303,303.mp3,data_raw/PMEmo/chorus/303.mp3,ok,,,33.04489795918367,22050,728640,0.8343972563743591,0.15121251985706533,2048,512,1.0099
304,304.mp3,data_raw/PMEmo/chorus/304.mp3,ok,,,48.03918367346939,22050,1059264,1.0083690881729126,0.3030716548646723,2048,512,1.4652
305,305.mp3,data_raw/PMEmo/chorus/305.mp3,ok,,,40.04571428571428,22050,883008,1.1249518394470215,0.28985973247991803,2048,512,1.2339
306,306.mp3,data_raw/PMEmo/chorus/306.mp3,ok,,,62.04081632653061,22050,1368000,1.1517906188964844,0.23343517547616408,2048,512,1.9639
307,307.mp3,data_raw/PMEmo/chorus/307.mp3,ok,,,37.04163265306122,22050,816768,0.9277127981185913,0.24014060127953363,2048,512,1.1496
308,308.mp3,data_raw/PMEmo/chorus/308.mp3,ok,,,24.03265306122449,22050,529920,1.0315561294555664,0.2388664346962828,2048,512,0.7367
309,309.mp3,data_raw/PMEmo/chorus/309.mp3,ok,,,26.04408163265306,22050,574272,0.9242118000984192,0.17373518897853216,2048,512,0.789
310,310.mp3,data_raw/PMEmo/chorus/310.mp3,ok,,,29.048163265306123,22050,640512,0.8152830004692078,0.14243002449145534,2048,512,0.8961
311,311.mp3,data_raw/PMEmo/chorus/311.mp3,ok,,,13.035102040816327,22050,287424,1.1131383180618286,0.37695016250817026,2048,512,0.4045
312,312.mp3,data_raw/PMEmo/chorus/312.mp3,ok,,,32.02612244897959,22050,706176,1.2186164855957031,0.3160068941980037,2048,512,0.9601
313,313.mp3,data_raw/PMEmo/chorus/313.mp3,ok,,,22.04734693877551,22050,486144,0.9755077362060547,0.22230961088204043,2048,512,0.6892
314,314.mp3,data_raw/PMEmo/chorus/314.mp3,ok,,,29.048163265306123,22050,640512,0.9545688033103943,0.22520532441413027,2048,512,0.8665
315,315.mp3,data_raw/PMEmo/chorus/315.mp3,ok,,,44.04244897959184,22050,971136,0.8782386183738708,0.24730694916212745,2048,512,1.3424
316,316.mp3,data_raw/PMEmo/chorus/316.mp3,ok,,,64.02612244897959,22050,1411776,0.951232373714447,0.21084717398238081,2048,512,2.0208
317,317.mp3,data_raw/PMEmo/chorus/317.mp3,ok,,,64.02612244897959,22050,1411776,0.951232373714447,0.21084717398238081,2048,512,1.9686
318,318.mp3,data_raw/PMEmo/chorus/318.mp3,ok,,,33.04489795918367,22050,728640,1.0373129844665527,0.3306609649254064,2048,512,1.0697
319,319.mp3,data_raw/PMEmo/chorus/319.mp3,ok,,,30.040816326530614,22050,662400,0.9691592454910278,0.26108655886121973,2048,512,0.9945
320,320.mp3,data_raw/PMEmo/chorus/320.mp3,ok,,,14.027755102040816,22050,309312,0.8976614475250244,0.24509715693490786,2048,512,0.4343
321,321.mp3,data_raw/PMEmo/chorus/321.mp3,ok,,,42.031020408163265,22050,926784,1.0578455924987793,0.26168220871647857,2048,512,1.2574
323,323.mp3,data_raw/PMEmo/chorus/323.mp3,ok,,,22.04734693877551,22050,486144,1.078533411026001,0.31925524654196746,2048,512,0.6834
324,324.mp3,data_raw/PMEmo/chorus/324.mp3,ok,,,24.03265306122449,22050,529920,1.1043102741241455,0.27100674022068383,2048,512,0.8236
325,325.mp3,data_raw/PMEmo/chorus/325.mp3,ok,,,44.04244897959184,22050,971136,0.9851068258285522,0.2756271711269069,2048,512,1.3534
326,326.mp3,data_raw/PMEmo/chorus/326.mp3,ok,,,41.03836734693878,22050,904896,1.0728044509887695,0.30340897240416564,2048,512,1.2165
327,327.mp3,data_raw/PMEmo/chorus/327.mp3,ok,,,39.0269387755102,22050,860544,1.141774296760559,0.29796444379732834,2048,512,1.1497
329,329.mp3,data_raw/PMEmo/chorus/329.mp3,ok,,,42.031020408163265,22050,926784,1.1071475744247437,0.2990713917697942,2048,512,1.2331
331,331.mp3,data_raw/PMEmo/chorus/331.mp3,ok,,,30.040816326530614,22050,662400,1.1465712785720825,0.35603743501575713,2048,512,0.881
332,332.mp3,data_raw/PMEmo/chorus/332.mp3,ok,,,60.02938775510204,22050,1323648,1.0139838457107544,0.19115285650039274,2048,512,1.7408
333,333.mp3,data_raw/PMEmo/chorus/333.mp3,ok,,,35.030204081632654,22050,772416,1.2064366340637207,0.3451782203034038,2048,512,1.0221
334,334.mp3,data_raw/PMEmo/chorus/334.mp3,ok,,,25.05142857142857,22050,552384,0.594923734664917,0.10659920023974312,2048,512,0.7449
336,336.mp3,data_raw/PMEmo/chorus/336.mp3,ok,,,30.040816326530614,22050,662400,0.9824156165122986,0.29875510979107345,2048,512,0.8943
337,337.mp3,data_raw/PMEmo/chorus/337.mp3,ok,,,54.04734693877551,22050,1191744,1.050653100013733,0.25527364027846783,2048,512,1.5836
338,338.mp3,data_raw/PMEmo/chorus/338.mp3,ok,,,26.04408163265306,22050,574272,1.0642553567886353,0.24654344083997956,2048,512,0.7731
339,339.mp3,data_raw/PMEmo/chorus/339.mp3,ok,,,27.036734693877552,22050,596160,0.9716071486473083,0.29920086210075797,2048,512,0.7963
341,341.mp3,data_raw/PMEmo/chorus/341.mp3,ok,,,26.04408163265306,22050,574272,1.1447030305862427,0.2691144081687208,2048,512,0.769
342,342.mp3,data_raw/PMEmo/chorus/342.mp3,ok,,,17.03183673469388,22050,375552,1.000077486038208,0.2876286536951963,2048,512,0.5044
343,343.mp3,data_raw/PMEmo/chorus/343.mp3,ok,,,27.036734693877552,22050,596160,0.9477049112319946,0.26138533083300153,2048,512,0.8007
347,347.mp3,data_raw/PMEmo/chorus/347.mp3,ok,,,32.02612244897959,22050,706176,0.954758882522583,0.24164402400386417,2048,512,0.9251
348,348.mp3,data_raw/PMEmo/chorus/348.mp3,ok,,,69.04163265306123,22050,1522368,0.9263498783111572,0.20641663342361383,2048,512,1.9918
349,349.mp3,data_raw/PMEmo/chorus/349.mp3,ok,,,36.04897959183673,22050,794880,0.9345725178718567,0.18931672463655472,2048,512,1.0417
350,350.mp3,data_raw/PMEmo/chorus/350.mp3,ok,,,36.04897959183673,22050,794880,0.9295136332511902,0.20108495914010074,2048,512,1.0608
351,351.mp3,data_raw/PMEmo/chorus/351.mp3,ok,,,54.04734693877551,22050,1191744,1.0456547737121582,0.25237367236276,2048,512,1.5782
352,352.mp3,data_raw/PMEmo/chorus/352.mp3,ok,,,15.046530612244897,22050,331776,0.8932838439941406,0.21911958991616978,2048,512,0.4385
353,353.mp3,data_raw/PMEmo/chorus/353.mp3,ok,,,29.048163265306123,22050,640512,0.9856235980987549,0.25535677364101195,2048,512,0.8576
354,354.mp3,data_raw/PMEmo/chorus/354.mp3,ok,,,40.04571428571428,22050,883008,1.0119709968566895,0.2869898671596478,2048,512,1.1373
355,355.mp3,data_raw/PMEmo/chorus/355.mp3,ok,,,29.048163265306123,22050,640512,1.1450691223144531,0.2684882390443328,2048,512,0.8518
356,356.mp3,data_raw/PMEmo/chorus/356.mp3,ok,,,60.02938775510204,22050,1323648,1.0249602794647217,0.30024688054825915,2048,512,1.7542
358,358.mp3,data_raw/PMEmo/chorus/358.mp3,ok,,,46.027755102040814,22050,1014912,0.9727998971939087,0.19580320015965322,2048,512,1.3163
359,359.mp3,data_raw/PMEmo/chorus/359.mp3,ok,,,15.046530612244897,22050,331776,1.1540727615356445,0.3135636293438083,2048,512,0.4461
360,360.mp3,data_raw/PMEmo/chorus/360.mp3,ok,,,40.04571428571428,22050,883008,0.9564509391784668,0.283398675604586,2048,512,1.1633
361,361.mp3,data_raw/PMEmo/chorus/361.mp3,ok,,,25.05142857142857,22050,552384,0.964966356754303,0.3108244759591072,2048,512,0.7301
362,362.mp3,data_raw/PMEmo/chorus/362.mp3,ok,,,27.036734693877552,22050,596160,1.0078045129776,0.29952525700968824,2048,512,0.7834
364,364.mp3,data_raw/PMEmo/chorus/364.mp3,ok,,,58.04408163265306,22050,1279872,1.1079010963439941,0.325274414317584,2048,512,1.6591
366,366.mp3,data_raw/PMEmo/chorus/366.mp3,ok,,,41.03836734693878,22050,904896,1.0090383291244507,0.34882128649275806,2048,512,1.1834
367,367.mp3,data_raw/PMEmo/chorus/367.mp3,ok,,,32.02612244897959,22050,706176,1.1375722885131836,0.3187903056732796,2048,512,0.9363
368,368.mp3,data_raw/PMEmo/chorus/368.mp3,ok,,,38.034285714285716,22050,838656,1.055631160736084,0.30364057753083246,2048,512,1.1011
370,370.mp3,data_raw/PMEmo/chorus/370.mp3,ok,,,23.04,22050,508032,1.044862151145935,0.30438012331452313,2048,512,0.6631
371,371.mp3,data_raw/PMEmo/chorus/371.mp3,ok,,,12.042448979591837,22050,265536,1.047864556312561,0.357785214881858,2048,512,0.3607
372,372.mp3,data_raw/PMEmo/chorus/372.mp3,ok,,,60.02938775510204,22050,1323648,0.9867763519287109,0.147785850540954,2048,512,1.7271
373,373.mp3,data_raw/PMEmo/chorus/373.mp3,ok,,,33.04489795918367,22050,728640,1.0026601552963257,0.3130622090881418,2048,512,0.9729
375,375.mp3,data_raw/PMEmo/chorus/375.mp3,ok,,,58.04408163265306,22050,1279872,1.1042261123657227,0.32823441612834736,2048,512,1.6905
376,376.mp3,data_raw/PMEmo/chorus/376.mp3,ok,,,31.0334693877551,22050,684288,1.036330223083496,0.29357902382438056,2048,512,0.8924
379,379.mp3,data_raw/PMEmo/chorus/379.mp3,ok,,,36.04897959183673,22050,794880,1.1658248901367188,0.3772251695537728,2048,512,1.057
381,381.mp3,data_raw/PMEmo/chorus/381.mp3,ok,,,17.03183673469388,22050,375552,1.182413101196289,0.30151002275180133,2048,512,0.5078
382,382.mp3,data_raw/PMEmo/chorus/382.mp3,ok,,,33.04489795918367,22050,728640,1.0827841758728027,0.2701719449926517,2048,512,0.968
383,383.mp3,data_raw/PMEmo/chorus/383.mp3,ok,,,25.05142857142857,22050,552384,0.8309601545333862,0.11739271142790451,2048,512,0.7398
384,384.mp3,data_raw/PMEmo/chorus/384.mp3,ok,,,11.049795918367346,22050,243648,0.8291356563568115,0.07281135258464487,2048,512,0.3401
385,385.mp3,data_raw/PMEmo/chorus/385.mp3,ok,,,40.04571428571428,22050,883008,1.0551886558532715,0.2357146248636006,2048,512,1.1834
386,386.mp3,data_raw/PMEmo/chorus/386.mp3,ok,,,61.04816326530612,22050,1346112,0.9836047887802124,0.22781326952836475,2048,512,1.7602
388,388.mp3,data_raw/PMEmo/chorus/388.mp3,ok,,,25.05142857142857,22050,552384,1.0780409574508667,0.3369074632397235,2048,512,0.7406
389,389.mp3,data_raw/PMEmo/chorus/389.mp3,ok,,,24.03265306122449,22050,529920,0.6240966320037842,0.09282814963643805,2048,512,0.6929
391,391.mp3,data_raw/PMEmo/chorus/391.mp3,ok,,,29.048163265306123,22050,640512,0.9883995056152344,0.22949882893097917,2048,512,0.8548
392,392.mp3,data_raw/PMEmo/chorus/392.mp3,ok,,,15.046530612244897,22050,331776,1.0172518491744995,0.33065725468847623,2048,512,0.4547
393,393.mp3,data_raw/PMEmo/chorus/393.mp3,ok,,,25.05142857142857,22050,552384,0.9656317830085754,0.2859842416055998,2048,512,0.7383
394,394.mp3,data_raw/PMEmo/chorus/394.mp3,ok,,,47.0465306122449,22050,1037376,1.0067431926727295,0.2982869471179355,2048,512,1.3617
395,395.mp3,data_raw/PMEmo/chorus/395.mp3,ok,,,47.0465306122449,22050,1037376,1.009947657585144,0.2982233212666465,2048,512,1.3624
396,396.mp3,data_raw/PMEmo/chorus/396.mp3,ok,,,37.04163265306122,22050,816768,0.926618218421936,0.23034907915653177,2048,512,1.0898
397,397.mp3,data_raw/PMEmo/chorus/397.mp3,ok,,,45.03510204081633,22050,993024,1.1716557741165161,0.31049743684520387,2048,512,1.2764
398,398.mp3,data_raw/PMEmo/chorus/398.mp3,ok,,,32.02612244897959,22050,706176,1.2223432064056396,0.2766460551239794,2048,512,0.9082
399,399.mp3,data_raw/PMEmo/chorus/399.mp3,ok,,,34.037551020408166,22050,750528,1.0839890241622925,0.2611203050652176,2048,512,0.9791
401,401.mp3,data_raw/PMEmo/chorus/401.mp3,ok,,,46.027755102040814,22050,1014912,1.1230462789535522,0.40153929918701586,2048,512,1.2936
402,402.mp3,data_raw/PMEmo/chorus/402.mp3,ok,,,39.0269387755102,22050,860544,1.101322889328003,0.3137990329298236,2048,512,1.1332
403,403.mp3,data_raw/PMEmo/chorus/403.mp3,ok,,,37.04163265306122,22050,816768,1.0872873067855835,0.32409605871535,2048,512,1.0867
404,404.mp3,data_raw/PMEmo/chorus/404.mp3,ok,,,13.035102040816327,22050,287424,1.0741589069366455,0.3125839218152919,2048,512,0.3918
405,405.mp3,data_raw/PMEmo/chorus/405.mp3,ok,,,23.04,22050,508032,0.9522995948791504,0.24351190149400287,2048,512,0.6727
407,407.mp3,data_raw/PMEmo/chorus/407.mp3,ok,,,31.0334693877551,22050,684288,1.0525319576263428,0.34972473259020587,2048,512,0.9256
408,408.mp3,data_raw/PMEmo/chorus/408.mp3,ok,,,31.0334693877551,22050,684288,1.03074049949646,0.2528231450068525,2048,512,0.9101
409,409.mp3,data_raw/PMEmo/chorus/409.mp3,ok,,,31.0334693877551,22050,684288,1.03074049949646,0.2528231450068525,2048,512,0.9131
410,410.mp3,data_raw/PMEmo/chorus/410.mp3,ok,,,54.04734693877551,22050,1191744,1.1410160064697266,0.32970075880448657,2048,512,1.5767
411,411.mp3,data_raw/PMEmo/chorus/411.mp3,ok,,,44.04244897959184,22050,971136,0.8117245435714722,0.219411584270936,2048,512,1.2811
412,412.mp3,data_raw/PMEmo/chorus/412.mp3,ok,,,27.036734693877552,22050,596160,0.8704323172569275,0.23525334213607782,2048,512,0.7822
413,413.mp3,data_raw/PMEmo/chorus/413.mp3,ok,,,34.037551020408166,22050,750528,1.0108104944229126,0.2993696793378569,2048,512,1.0008
414,414.mp3,data_raw/PMEmo/chorus/414.mp3,ok,,,37.04163265306122,22050,816768,0.7017844915390015,0.22303728183944901,2048,512,1.0831
415,415.mp3,data_raw/PMEmo/chorus/415.mp3,ok,,,32.02612244897959,22050,706176,0.8681958913803101,0.17601039488308776,2048,512,0.9268
417,417.mp3,data_raw/PMEmo/chorus/417.mp3,ok,,,22.04734693877551,22050,486144,1.0735938549041748,0.34090291735466915,2048,512,0.6571
418,418.mp3,data_raw/PMEmo/chorus/418.mp3,ok,,,44.04244897959184,22050,971136,0.7876702547073364,0.1989071833023775,2048,512,1.2635
419,419.mp3,data_raw/PMEmo/chorus/419.mp3,ok,,,30.040816326530614,22050,662400,0.23978351056575775,0.043150366639717955,2048,512,0.8724
420,420.mp3,data_raw/PMEmo/chorus/420.mp3,ok,,,47.0465306122449,22050,1037376,1.0005500316619873,0.2534560594177929,2048,512,1.3554
421,421.mp3,data_raw/PMEmo/chorus/421.mp3,ok,,,57.05142857142857,22050,1257984,1.1231660842895508,0.35074400708729836,2048,512,1.6674
423,423.mp3,data_raw/PMEmo/chorus/423.mp3,ok,,,31.0334693877551,22050,684288,1.1011810302734375,0.31297145638096335,2048,512,0.9164
424,424.mp3,data_raw/PMEmo/chorus/424.mp3,ok,,,40.04571428571428,22050,883008,0.9669883251190186,0.2972771964882604,2048,512,1.1558
425,425.mp3,data_raw/PMEmo/chorus/425.mp3,ok,,,30.040816326530614,22050,662400,1.0936939716339111,0.3891013906741685,2048,512,0.8914
426,426.mp3,data_raw/PMEmo/chorus/426.mp3,ok,,,48.03918367346939,22050,1059264,1.1471459865570068,0.3783509722946298,2048,512,1.4051
427,427.mp3,data_raw/PMEmo/chorus/427.mp3,ok,,,30.040816326530614,22050,662400,1.0843865871429443,0.3034654508060218,2048,512,0.8817
428,428.mp3,data_raw/PMEmo/chorus/428.mp3,ok,,,22.04734693877551,22050,486144,1.018773078918457,0.2228762074535159,2048,512,0.6471
429,429.mp3,data_raw/PMEmo/chorus/429.mp3,ok,,,32.02612244897959,22050,706176,0.9730506539344788,0.23642529058334033,2048,512,0.9219
431,431.mp3,data_raw/PMEmo/chorus/431.mp3,ok,,,22.04734693877551,22050,486144,1.0638970136642456,0.2902591986344994,2048,512,0.6376
432,432.mp3,data_raw/PMEmo/chorus/432.mp3,ok,,,24.03265306122449,22050,529920,0.9224070906639099,0.17002891765951572,2048,512,0.6979
433,433.mp3,data_raw/PMEmo/chorus/433.mp3,ok,,,37.04163265306122,22050,816768,0.9688324332237244,0.20778977040629498,2048,512,1.0839
434,434.mp3,data_raw/PMEmo/chorus/434.mp3,ok,,,31.0334693877551,22050,684288,0.9771843552589417,0.2070308224552955,2048,512,0.9108
435,435.mp3,data_raw/PMEmo/chorus/435.mp3,ok,,,27.036734693877552,22050,596160,1.000881314277649,0.2716261263760185,2048,512,0.783
436,436.mp3,data_raw/PMEmo/chorus/436.mp3,ok,,,34.037551020408166,22050,750528,0.9515652656555176,0.1958753137991665,2048,512,0.9754
437,437.mp3,data_raw/PMEmo/chorus/437.mp3,ok,,,16.03918367346939,22050,353664,0.9197262525558472,0.16394439596672314,2048,512,0.4722
438,438.mp3,data_raw/PMEmo/chorus/438.mp3,ok,,,17.03183673469388,22050,375552,0.8932199478149414,0.1782972834135387,2048,512,0.4987
439,439.mp3,data_raw/PMEmo/chorus/439.mp3,ok,,,25.05142857142857,22050,552384,0.9266088008880615,0.1846136263463357,2048,512,0.7258
440,440.mp3,data_raw/PMEmo/chorus/440.mp3,ok,,,76.04244897959184,22050,1676736,0.9815632104873657,0.21788837838062367,2048,512,2.1959
441,441.mp3,data_raw/PMEmo/chorus/441.mp3,ok,,,36.04897959183673,22050,794880,1.0670013427734375,0.32935816779652555,2048,512,1.0502
442,442.mp3,data_raw/PMEmo/chorus/442.mp3,ok,,,51.04326530612245,22050,1125504,1.0705063343048096,0.3109877501084409,2048,512,1.4729
443,443.mp3,data_raw/PMEmo/chorus/443.mp3,ok,,,33.04489795918367,22050,728640,1.034143090248108,0.2910860879072562,2048,512,0.973
444,444.mp3,data_raw/PMEmo/chorus/444.mp3,ok,,,52.03591836734694,22050,1147392,1.0589673519134521,0.2753582675340397,2048,512,1.5252
445,445.mp3,data_raw/PMEmo/chorus/445.mp3,ok,,,40.04571428571428,22050,883008,0.9854978322982788,0.27228056505146436,2048,512,1.1704
446,446.mp3,data_raw/PMEmo/chorus/446.mp3,ok,,,56.03265306122449,22050,1235520,0.9689479470252991,0.22749662818683541,2048,512,1.6047
447,447.mp3,data_raw/PMEmo/chorus/447.mp3,ok,,,28.02938775510204,22050,618048,0.8556828498840332,0.22868011364829374,2048,512,0.8056
448,448.mp3,data_raw/PMEmo/chorus/448.mp3,ok,,,27.036734693877552,22050,596160,1.0666759014129639,0.3109736104839672,2048,512,0.7958
449,449.mp3,data_raw/PMEmo/chorus/449.mp3,ok,,,26.04408163265306,22050,574272,1.0285007953643799,0.30499064799642167,2048,512,0.7682
450,450.mp3,data_raw/PMEmo/chorus/450.mp3,ok,,,26.04408163265306,22050,574272,1.0756666660308838,0.2895847014165134,2048,512,0.7678
451,451.mp3,data_raw/PMEmo/chorus/451.mp3,ok,,,33.04489795918367,22050,728640,1.1458022594451904,0.27310261103383127,2048,512,0.975
452,452.mp3,data_raw/PMEmo/chorus/452.mp3,ok,,,44.04244897959184,22050,971136,1.045910120010376,0.24287100516594004,2048,512,1.2541
454,454.mp3,data_raw/PMEmo/chorus/454.mp3,ok,,,42.031020408163265,22050,926784,1.1206555366516113,0.29229456372847545,2048,512,1.217
455,455.mp3,data_raw/PMEmo/chorus/455.mp3,ok,,,53.02857142857143,22050,1169280,1.0626084804534912,0.30915875921172964,2048,512,1.5344
456,456.mp3,data_raw/PMEmo/chorus/456.mp3,ok,,,27.036734693877552,22050,596160,1.0131783485412598,0.2701666700535804,2048,512,0.8012
457,457.mp3,data_raw/PMEmo/chorus/457.mp3,ok,,,34.037551020408166,22050,750528,1.127766489982605,0.2635905419923102,2048,512,0.973
458,458.mp3,data_raw/PMEmo/chorus/458.mp3,ok,,,46.027755102040814,22050,1014912,0.9562537670135498,0.27076196114680734,2048,512,1.3382
459,459.mp3,data_raw/PMEmo/chorus/459.mp3,ok,,,13.035102040816327,22050,287424,0.8250464200973511,0.15595854851106003,2048,512,0.3919
460,460.mp3,data_raw/PMEmo/chorus/460.mp3,ok,,,34.037551020408166,22050,750528,1.045640230178833,0.37095991942746137,2048,512,0.9966
461,461.mp3,data_raw/PMEmo/chorus/461.mp3,ok,,,20.035918367346937,22050,441792,1.0060044527053833,0.18631958905049598,2048,512,0.5865
462,462.mp3,data_raw/PMEmo/chorus/462.mp3,ok,,,24.03265306122449,22050,529920,0.9725284576416016,0.1649483313817896,2048,512,0.7001
463,463.mp3,data_raw/PMEmo/chorus/463.mp3,ok,,,47.0465306122449,22050,1037376,0.9446417093276978,0.1805526081094253,2048,512,1.3536
464,464.mp3,data_raw/PMEmo/chorus/464.mp3,ok,,,11.049795918367346,22050,243648,0.7854854464530945,0.1271917055180271,2048,512,0.3318
465,465.mp3,data_raw/PMEmo/chorus/465.mp3,ok,,,21.02857142857143,22050,463680,0.9046912789344788,0.21307954589793998,2048,512,0.6166
466,466.mp3,data_raw/PMEmo/chorus/466.mp3,ok,,,26.04408163265306,22050,574272,0.9586467742919922,0.18600723449488388,2048,512,0.7307
468,468.mp3,data_raw/PMEmo/chorus/468.mp3,ok,,,49.031836734693876,22050,1081152,1.0590522289276123,0.2810726690702446,2048,512,1.4151
469,469.mp3,data_raw/PMEmo/chorus/469.mp3,ok,,,27.036734693877552,22050,596160,1.0186504125595093,0.2646312805942311,2048,512,0.7945
470,470.mp3,data_raw/PMEmo/chorus/470.mp3,ok,,,63.033469387755105,22050,1389888,1.0218660831451416,0.2761210925896011,2048,512,1.8866
471,471.mp3,data_raw/PMEmo/chorus/471.mp3,ok,,,66.03755102040816,22050,1456128,1.1332956552505493,0.28237230362297455,2048,512,1.9288
472,472.mp3,data_raw/PMEmo/chorus/472.mp3,ok,,,56.03265306122449,22050,1235520,1.0995477437973022,0.25424927217900317,2048,512,1.6286
476,476.mp3,data_raw/PMEmo/chorus/476.mp3,ok,,,41.03836734693878,22050,904896,0.7584885954856873,0.13940483693979186,2048,512,1.1961
477,477.mp3,data_raw/PMEmo/chorus/477.mp3,ok,,,42.031020408163265,22050,926784,1.0091767311096191,0.32300214211964323,2048,512,1.2408
478,478.mp3,data_raw/PMEmo/chorus/478.mp3,ok,,,45.03510204081633,22050,993024,1.0603855848312378,0.2685452531354334,2048,512,1.3123
479,479.mp3,data_raw/PMEmo/chorus/479.mp3,ok,,,23.04,22050,508032,0.7117505669593811,0.11992268432642021,2048,512,0.6816
480,480.mp3,data_raw/PMEmo/chorus/480.mp3,ok,,,48.03918367346939,22050,1059264,0.9410279989242554,0.2245021950344848,2048,512,1.4157
481,481.mp3,data_raw/PMEmo/chorus/481.mp3,ok,,,26.04408163265306,22050,574272,0.9415140151977539,0.24980467479093574,2048,512,0.7682
482,482.mp3,data_raw/PMEmo/chorus/482.mp3,ok,,,50.05061224489796,22050,1103616,0.9178370237350464,0.2397505366761063,2048,512,1.4905
483,483.mp3,data_raw/PMEmo/chorus/483.mp3,ok,,,25.05142857142857,22050,552384,1.0026402473449707,0.3133706708163003,2048,512,0.7326
484,484.mp3,data_raw/PMEmo/chorus/484.mp3,ok,,,34.037551020408166,22050,750528,1.051008701324463,0.27690557163105795,2048,512,0.9947
485,485.mp3,data_raw/PMEmo/chorus/485.mp3,ok,,,43.049795918367344,22050,949248,1.1473808288574219,0.3005388259899877,2048,512,1.273
486,486.mp3,data_raw/PMEmo/chorus/486.mp3,ok,,,42.031020408163265,22050,926784,0.9357248544692993,0.15407917535972987,2048,512,1.2119
487,487.mp3,data_raw/PMEmo/chorus/487.mp3,ok,,,37.04163265306122,22050,816768,1.1021080017089844,0.35170782220716795,2048,512,1.0776
488,488.mp3,data_raw/PMEmo/chorus/488.mp3,ok,,,27.036734693877552,22050,596160,1.085433840751648,0.3245123378150633,2048,512,0.7961
489,489.mp3,data_raw/PMEmo/chorus/489.mp3,ok,,,44.04244897959184,22050,971136,1.0543487071990967,0.26718506043792883,2048,512,1.2856
490,490.mp3,data_raw/PMEmo/chorus/490.mp3,ok,,,27.036734693877552,22050,596160,1.029396414756775,0.30158176582616947,2048,512,0.7966
491,491.mp3,data_raw/PMEmo/chorus/491.mp3,ok,,,49.031836734693876,22050,1081152,0.988801896572113,0.32229102617706035,2048,512,1.4142
492,492.mp3,data_raw/PMEmo/chorus/492.mp3,ok,,,34.037551020408166,22050,750528,0.9924657344818115,0.2818202542387306,2048,512,0.997
493,493.mp3,data_raw/PMEmo/chorus/493.mp3,ok,,,40.04571428571428,22050,883008,0.9385278820991516,0.2808543857222843,2048,512,1.1963
494,494.mp3,data_raw/PMEmo/chorus/494.mp3,ok,,,32.02612244897959,22050,706176,1.1180074214935303,0.3533763279224053,2048,512,0.9355
495,495.mp3,data_raw/PMEmo/chorus/495.mp3,ok,,,69.04163265306123,22050,1522368,1.0869616270065308,0.32366498590369885,2048,512,1.9872
496,496.mp3,data_raw/PMEmo/chorus/496.mp3,ok,,,34.037551020408166,22050,750528,1.0075764656066895,0.33989202810064345,2048,512,0.9826
499,499.mp3,data_raw/PMEmo/chorus/499.mp3,ok,,,29.048163265306123,22050,640512,1.0266093015670776,0.3027082876410267,2048,512,0.856
500,500.mp3,data_raw/PMEmo/chorus/500.mp3,ok,,,35.030204081632654,22050,772416,1.1731555461883545,0.3342721776624366,2048,512,1.0175
501,501.mp3,data_raw/PMEmo/chorus/501.mp3,ok,,,44.04244897959184,22050,971136,1.0713756084442139,0.2706638071274897,2048,512,1.3045
503,503.mp3,data_raw/PMEmo/chorus/503.mp3,ok,,,60.02938775510204,22050,1323648,0.9315547943115234,0.2414602517505151,2048,512,1.7605
504,504.mp3,data_raw/PMEmo/chorus/504.mp3,ok,,,32.02612244897959,22050,706176,0.9503430128097534,0.2314614417376613,2048,512,0.9209
505,505.mp3,data_raw/PMEmo/chorus/505.mp3,ok,,,34.037551020408166,22050,750528,1.1961928606033325,0.26137020968027413,2048,512,0.9892
506,506.mp3,data_raw/PMEmo/chorus/506.mp3,ok,,,34.037551020408166,22050,750528,0.6206597089767456,0.12963248685640463,2048,512,1.0013
507,507.mp3,data_raw/PMEmo/chorus/507.mp3,ok,,,32.02612244897959,22050,706176,1.0494136810302734,0.2858505434823614,2048,512,0.9421
508,508.mp3,data_raw/PMEmo/chorus/508.mp3,ok,,,37.04163265306122,22050,816768,1.1336145401000977,0.23597754330359613,2048,512,1.0691
510,510.mp3,data_raw/PMEmo/chorus/510.mp3,ok,,,35.030204081632654,22050,772416,0.9549164772033691,0.23090885557833987,2048,512,1.0377
511,511.mp3,data_raw/PMEmo/chorus/511.mp3,ok,,,41.03836734693878,22050,904896,0.9752365946769714,0.25776474522436615,2048,512,1.2035
512,512.mp3,data_raw/PMEmo/chorus/512.mp3,ok,,,32.02612244897959,22050,706176,0.8574135303497314,0.09518426720465768,2048,512,0.9199
514,514.mp3,data_raw/PMEmo/chorus/514.mp3,ok,,,40.04571428571428,22050,883008,0.8958733677864075,0.22486113376782527,2048,512,1.1729
515,515.mp3,data_raw/PMEmo/chorus/515.mp3,ok,,,57.05142857142857,22050,1257984,0.9825828671455383,0.27486491141569225,2048,512,1.7469
516,516.mp3,data_raw/PMEmo/chorus/516.mp3,ok,,,29.048163265306123,22050,640512,1.0854287147521973,0.16738868262794196,2048,512,0.8538
517,517.mp3,data_raw/PMEmo/chorus/517.mp3,ok,,,21.02857142857143,22050,463680,0.9517441987991333,0.22424472233991127,2048,512,0.6217
518,518.mp3,data_raw/PMEmo/chorus/518.mp3,ok,,,22.04734693877551,22050,486144,1.0877413749694824,0.21111388647540547,2048,512,0.6485
519,519.mp3,data_raw/PMEmo/chorus/519.mp3,ok,,,19.04326530612245,22050,419904,0.7594475746154785,0.08167946257402595,2048,512,0.5921
520,520.mp3,data_raw/PMEmo/chorus/520.mp3,ok,,,63.033469387755105,22050,1389888,1.236828088760376,0.37135119090958807,2048,512,1.813
521,521.mp3,data_raw/PMEmo/chorus/521.mp3,ok,,,62.04081632653061,22050,1368000,1.0677850246429443,0.2286211689976489,2048,512,1.7788
522,522.mp3,data_raw/PMEmo/chorus/522.mp3,ok,,,54.04734693877551,22050,1191744,1.0485618114471436,0.28309392778097725,2048,512,1.5383
523,523.mp3,data_raw/PMEmo/chorus/523.mp3,ok,,,47.0465306122449,22050,1037376,0.9898301959037781,0.26033201092391645,2048,512,1.3455
524,524.mp3,data_raw/PMEmo/chorus/524.mp3,ok,,,22.04734693877551,22050,486144,0.9874803423881531,0.24502900638546707,2048,512,0.6404
525,525.mp3,data_raw/PMEmo/chorus/525.mp3,ok,,,33.04489795918367,22050,728640,0.9644132852554321,0.15366674442174386,2048,512,0.9513
526,526.mp3,data_raw/PMEmo/chorus/526.mp3,ok,,,37.04163265306122,22050,816768,1.0488622188568115,0.304248678236462,2048,512,1.0552
530,530.mp3,data_raw/PMEmo/chorus/530.mp3,ok,,,38.034285714285716,22050,838656,1.1022244691848755,0.1954452155237091,2048,512,1.1176
531,531.mp3,data_raw/PMEmo/chorus/531.mp3,ok,,,51.04326530612245,22050,1125504,0.987498939037323,0.24668485694522946,2048,512,1.5357
532,532.mp3,data_raw/PMEmo/chorus/532.mp3,ok,,,38.034285714285716,22050,838656,0.9410055875778198,0.1997458400666847,2048,512,1.099
534,534.mp3,data_raw/PMEmo/chorus/534.mp3,ok,,,40.04571428571428,22050,883008,0.9658982753753662,0.23009149915899785,2048,512,1.1609
535,535.mp3,data_raw/PMEmo/chorus/535.mp3,ok,,,37.04163265306122,22050,816768,1.0733704566955566,0.3351092083332655,2048,512,1.0941
536,536.mp3,data_raw/PMEmo/chorus/536.mp3,ok,,,45.03510204081633,22050,993024,1.0114575624465942,0.32248898943359655,2048,512,1.3337
537,537.mp3,data_raw/PMEmo/chorus/537.mp3,ok,,,58.04408163265306,22050,1279872,1.0827069282531738,0.3269405779609756,2048,512,1.7161
539,539.mp3,data_raw/PMEmo/chorus/539.mp3,ok,,,67.03020408163265,22050,1478016,1.055286169052124,0.27295809236993357,2048,512,1.9613
540,540.mp3,data_raw/PMEmo/chorus/540.mp3,ok,,,49.031836734693876,22050,1081152,1.1686766147613525,0.2492867291003228,2048,512,1.4204
541,541.mp3,data_raw/PMEmo/chorus/541.mp3,ok,,,47.0465306122449,22050,1037376,0.9861084222793579,0.28222360067233654,2048,512,1.3519
542,542.mp3,data_raw/PMEmo/chorus/542.mp3,ok,,,40.04571428571428,22050,883008,0.9832432866096497,0.2838374509466146,2048,512,1.1608
544,544.mp3,data_raw/PMEmo/chorus/544.mp3,ok,,,72.04571428571428,22050,1588608,1.0246118307113647,0.2325342037961686,2048,512,2.1022
546,546.mp3,data_raw/PMEmo/chorus/546.mp3,ok,,,34.037551020408166,22050,750528,0.9513297080993652,0.25721208301530013,2048,512,0.997
548,548.mp3,data_raw/PMEmo/chorus/548.mp3,ok,,,37.04163265306122,22050,816768,0.9775329828262329,0.24850554405854103,2048,512,1.0806
549,549.mp3,data_raw/PMEmo/chorus/549.mp3,ok,,,63.033469387755105,22050,1389888,1.1176745891571045,0.3367918623481344,2048,512,1.8381
550,550.mp3,data_raw/PMEmo/chorus/550.mp3,ok,,,32.02612244897959,22050,706176,0.9660564064979553,0.2984410692508252,2048,512,0.9305
551,551.mp3,data_raw/PMEmo/chorus/551.mp3,ok,,,52.03591836734694,22050,1147392,1.0022344589233398,0.37712313088777083,2048,512,1.5023
552,552.mp3,data_raw/PMEmo/chorus/552.mp3,ok,,,25.05142857142857,22050,552384,1.0612106323242188,0.2985270135420556,2048,512,0.7298
554,554.mp3,data_raw/PMEmo/chorus/554.mp3,ok,,,41.03836734693878,22050,904896,1.0687742233276367,0.2510805064439979,2048,512,1.2044
555,555.mp3,data_raw/PMEmo/chorus/555.mp3,ok,,,24.03265306122449,22050,529920,1.0305821895599365,0.2685347770116348,2048,512,0.7219
558,558.mp3,data_raw/PMEmo/chorus/558.mp3,ok,,,17.03183673469388,22050,375552,1.0027525424957275,0.22182275988603142,2048,512,0.5199
560,560.mp3,data_raw/PMEmo/chorus/560.mp3,ok,,,47.0465306122449,22050,1037376,0.8753259778022766,0.21040100616327612,2048,512,1.468
561,561.mp3,data_raw/PMEmo/chorus/561.mp3,ok,,,52.03591836734694,22050,1147392,1.0295252799987793,0.23835205334239626,2048,512,1.5335
562,562.mp3,data_raw/PMEmo/chorus/562.mp3,ok,,,27.036734693877552,22050,596160,1.0053352117538452,0.2380499012181839,2048,512,0.7999
563,563.mp3,data_raw/PMEmo/chorus/563.mp3,ok,,,25.05142857142857,22050,552384,1.0862994194030762,0.214043087767701,2048,512,0.7455
564,564.mp3,data_raw/PMEmo/chorus/564.mp3,ok,,,47.0465306122449,22050,1037376,1.1434669494628906,0.2714750127895758,2048,512,1.3947
565,565.mp3,data_raw/PMEmo/chorus/565.mp3,ok,,,37.04163265306122,22050,816768,1.0113152265548706,0.22713084308293383,2048,512,1.1349
566,566.mp3,data_raw/PMEmo/chorus/566.mp3,ok,,,52.03591836734694,22050,1147392,1.0359041690826416,0.26554601117871535,2048,512,1.5627
567,567.mp3,data_raw/PMEmo/chorus/567.mp3,ok,,,32.02612244897959,22050,706176,1.0609060525894165,0.2825982501610665,2048,512,0.9453
568,568.mp3,data_raw/PMEmo/chorus/568.mp3,ok,,,34.037551020408166,22050,750528,1.0974154472351074,0.32175492824170426,2048,512,1.0366
569,569.mp3,data_raw/PMEmo/chorus/569.mp3,ok,,,67.03020408163265,22050,1478016,0.9590909481048584,0.2019888171985567,2048,512,2.0455
570,570.mp3,data_raw/PMEmo/chorus/570.mp3,ok,,,24.03265306122449,22050,529920,0.9412782788276672,0.26004171518486985,2048,512,0.702
571,571.mp3,data_raw/PMEmo/chorus/571.mp3,ok,,,35.030204081632654,22050,772416,0.9246845245361328,0.25953255610828935,2048,512,1.0203
572,572.mp3,data_raw/PMEmo/chorus/572.mp3,ok,,,30.040816326530614,22050,662400,1.0343083143234253,0.2614514270364039,2048,512,0.9028
573,573.mp3,data_raw/PMEmo/chorus/573.mp3,ok,,,76.04244897959184,22050,1676736,1.0791021585464478,0.291222345599011,2048,512,2.2875
574,574.mp3,data_raw/PMEmo/chorus/574.mp3,ok,,,44.04244897959184,22050,971136,1.0530571937561035,0.3333568265123405,2048,512,1.2807
575,575.mp3,data_raw/PMEmo/chorus/575.mp3,ok,,,72.04571428571428,22050,1588608,0.9717395305633545,0.26968307876426384,2048,512,2.1372
576,576.mp3,data_raw/PMEmo/chorus/576.mp3,ok,,,57.05142857142857,22050,1257984,1.0461927652359009,0.269507522867073,2048,512,1.6606
577,577.mp3,data_raw/PMEmo/chorus/577.mp3,ok,,,28.02938775510204,22050,618048,0.9521888494491577,0.2883763043118152,2048,512,0.8218
578,578.mp3,data_raw/PMEmo/chorus/578.mp3,ok,,,42.031020408163265,22050,926784,0.8866946697235107,0.19942286720183292,2048,512,1.2237
579,579.mp3,data_raw/PMEmo/chorus/579.mp3,ok,,,29.048163265306123,22050,640512,0.8922538757324219,0.2892740089901691,2048,512,0.8646
580,580.mp3,data_raw/PMEmo/chorus/580.mp3,ok,,,37.04163265306122,22050,816768,1.0150206089019775,0.2980684084966632,2048,512,1.1012
582,582.mp3,data_raw/PMEmo/chorus/582.mp3,ok,,,62.04081632653061,22050,1368000,0.907325029373169,0.2633459450697117,2048,512,1.7791
583,583.mp3,data_raw/PMEmo/chorus/583.mp3,ok,,,39.0269387755102,22050,860544,0.8878092169761658,0.2620486449360909,2048,512,1.1134
584,584.mp3,data_raw/PMEmo/chorus/584.mp3,ok,,,17.03183673469388,22050,375552,0.255926251411438,0.06203604737750036,2048,512,0.5021
585,585.mp3,data_raw/PMEmo/chorus/585.mp3,ok,,,32.02612244897959,22050,706176,0.9197230935096741,0.14098001914734465,2048,512,0.9265
587,587.mp3,data_raw/PMEmo/chorus/587.mp3,ok,,,62.04081632653061,22050,1368000,0.7924404740333557,0.12059387389268968,2048,512,1.8328
588,588.mp3,data_raw/PMEmo/chorus/588.mp3,ok,,,39.0269387755102,22050,860544,1.1128513813018799,0.3205198520514588,2048,512,1.1255
589,589.mp3,data_raw/PMEmo/chorus/589.mp3,ok,,,43.049795918367344,22050,949248,1.0089178085327148,0.2932878014647021,2048,512,1.2585
590,590.mp3,data_raw/PMEmo/chorus/590.mp3,ok,,,53.02857142857143,22050,1169280,1.1044001579284668,0.3236551706539039,2048,512,1.5266
591,591.mp3,data_raw/PMEmo/chorus/591.mp3,ok,,,27.036734693877552,22050,596160,1.0253329277038574,0.3070610466426245,2048,512,0.7798
592,592.mp3,data_raw/PMEmo/chorus/592.mp3,ok,,,32.02612244897959,22050,706176,0.7123039960861206,0.19154839123821113,2048,512,0.9406
594,594.mp3,data_raw/PMEmo/chorus/594.mp3,ok,,,64.02612244897959,22050,1411776,1.086259126663208,0.280454024845472,2048,512,1.8334
595,595.mp3,data_raw/PMEmo/chorus/595.mp3,ok,,,42.031020408163265,22050,926784,1.0328925848007202,0.2309370250660199,2048,512,1.1981
596,596.mp3,data_raw/PMEmo/chorus/596.mp3,ok,,,14.027755102040816,22050,309312,0.8418871760368347,0.21560865060467257,2048,512,0.4219
597,597.mp3,data_raw/PMEmo/chorus/597.mp3,ok,,,31.0334693877551,22050,684288,1.0667470693588257,0.27657320880280795,2048,512,0.922
598,598.mp3,data_raw/PMEmo/chorus/598.mp3,ok,,,30.040816326530614,22050,662400,1.0280698537826538,0.33999852009085574,2048,512,0.8805
599,599.mp3,data_raw/PMEmo/chorus/599.mp3,ok,,,37.04163265306122,22050,816768,0.990044355392456,0.3397442853514312,2048,512,1.0835
600,600.mp3,data_raw/PMEmo/chorus/600.mp3,ok,,,29.048163265306123,22050,640512,0.9005434513092041,0.20187869868488253,2048,512,0.8435
601,601.mp3,data_raw/PMEmo/chorus/601.mp3,ok,,,34.037551020408166,22050,750528,1.0476977825164795,0.23955701085048384,2048,512,0.9951
602,602.mp3,data_raw/PMEmo/chorus/602.mp3,ok,,,42.031020408163265,22050,926784,1.0543627738952637,0.30663393059560123,2048,512,1.2047
603,603.mp3,data_raw/PMEmo/chorus/603.mp3,ok,,,22.04734693877551,22050,486144,1.1142127513885498,0.3345648798297221,2048,512,0.6534
605,605.mp3,data_raw/PMEmo/chorus/605.mp3,ok,,,33.04489795918367,22050,728640,1.1603715419769287,0.3378725241651233,2048,512,0.9672
606,606.mp3,data_raw/PMEmo/chorus/606.mp3,ok,,,21.02857142857143,22050,463680,1.0904792547225952,0.302904640199481,2048,512,0.6194
607,607.mp3,data_raw/PMEmo/chorus/607.mp3,ok,,,44.04244897959184,22050,971136,1.0724360942840576,0.2935780622379948,2048,512,1.2796
608,608.mp3,data_raw/PMEmo/chorus/608.mp3,ok,,,30.040816326530614,22050,662400,1.0362823009490967,0.23979426132227352,2048,512,0.8627
609,609.mp3,data_raw/PMEmo/chorus/609.mp3,ok,,,39.0269387755102,22050,860544,0.9971258640289307,0.2620983076573533,2048,512,1.1274
610,610.mp3,data_raw/PMEmo/chorus/610.mp3,ok,,,14.027755102040816,22050,309312,0.9213323593139648,0.18233062201764483,2048,512,0.4114
611,611.mp3,data_raw/PMEmo/chorus/611.mp3,ok,,,17.03183673469388,22050,375552,1.1211841106414795,0.24770998906738456,2048,512,0.5041
612,612.mp3,data_raw/PMEmo/chorus/612.mp3,ok,,,24.03265306122449,22050,529920,1.0396718978881836,0.20464153531459442,2048,512,0.6923
613,613.mp3,data_raw/PMEmo/chorus/613.mp3,ok,,,18.05061224489796,22050,398016,0.9168417453765869,0.1940010914904519,2048,512,0.5316
614,614.mp3,data_raw/PMEmo/chorus/614.mp3,ok,,,28.02938775510204,22050,618048,0.9177329540252686,0.23311135884110107,2048,512,0.8187
615,615.mp3,data_raw/PMEmo/chorus/615.mp3,ok,,,32.02612244897959,22050,706176,1.0499099493026733,0.29389202973314493,2048,512,0.9343
616,616.mp3,data_raw/PMEmo/chorus/616.mp3,ok,,,30.040816326530614,22050,662400,1.0488872528076172,0.25452532029464026,2048,512,0.8715
617,617.mp3,data_raw/PMEmo/chorus/617.mp3,ok,,,24.03265306122449,22050,529920,1.0123319625854492,0.3079061903288526,2048,512,0.7029
621,621.mp3,data_raw/PMEmo/chorus/621.mp3,ok,,,22.04734693877551,22050,486144,0.8727830648422241,0.12449558607527011,2048,512,0.6397
622,622.mp3,data_raw/PMEmo/chorus/622.mp3,ok,,,25.05142857142857,22050,552384,1.044666051864624,0.2753248971416122,2048,512,0.7272
623,623.mp3,data_raw/PMEmo/chorus/623.mp3,ok,,,37.04163265306122,22050,816768,1.0532798767089844,0.2841320494909122,2048,512,1.0893
624,624.mp3,data_raw/PMEmo/chorus/624.mp3,ok,,,29.048163265306123,22050,640512,1.0083900690078735,0.29297542498945606,2048,512,0.8447
625,625.mp3,data_raw/PMEmo/chorus/625.mp3,ok,,,26.04408163265306,22050,574272,1.002151370048523,0.29947975138791455,2048,512,0.7658
626,626.mp3,data_raw/PMEmo/chorus/626.mp3,ok,,,34.037551020408166,22050,750528,1.0500273704528809,0.37136630787262154,2048,512,1.0036
627,627.mp3,data_raw/PMEmo/chorus/627.mp3,ok,,,30.040816326530614,22050,662400,0.9745460748672485,0.2676309715950611,2048,512,0.8873
628,628.mp3,data_raw/PMEmo/chorus/628.mp3,ok,,,29.048163265306123,22050,640512,0.9889314770698547,0.2672636821795539,2048,512,0.8568
629,629.mp3,data_raw/PMEmo/chorus/629.mp3,ok,,,29.048163265306123,22050,640512,1.0692884922027588,0.3144389209279934,2048,512,0.8376
630,630.mp3,data_raw/PMEmo/chorus/630.mp3,ok,,,21.02857142857143,22050,463680,0.846686601638794,0.1339152299139443,2048,512,0.6117
631,631.mp3,data_raw/PMEmo/chorus/631.mp3,ok,,,29.048163265306123,22050,640512,1.0285272598266602,0.34273853106988056,2048,512,0.852
632,632.mp3,data_raw/PMEmo/chorus/632.mp3,ok,,,25.05142857142857,22050,552384,1.029119610786438,0.3083682884934977,2048,512,0.7389
634,634.mp3,data_raw/PMEmo/chorus/634.mp3,ok,,,45.03510204081633,22050,993024,0.6451054811477661,0.12232169132912642,2048,512,1.2983
635,635.mp3,data_raw/PMEmo/chorus/635.mp3,ok,,,24.03265306122449,22050,529920,1.2008087635040283,0.21249179812030103,2048,512,0.6967
636,636.mp3,data_raw/PMEmo/chorus/636.mp3,ok,,,17.03183673469388,22050,375552,1.052475094795227,0.277718651459135,2048,512,0.5022
637,637.mp3,data_raw/PMEmo/chorus/637.mp3,ok,,,35.030204081632654,22050,772416,1.0821802616119385,0.2571329147185773,2048,512,1.0242
638,638.mp3,data_raw/PMEmo/chorus/638.mp3,ok,,,19.04326530612245,22050,419904,1.159876823425293,0.24008352264252134,2048,512,0.5645
639,639.mp3,data_raw/PMEmo/chorus/639.mp3,ok,,,18.05061224489796,22050,398016,1.071542739868164,0.33999086839737086,2048,512,0.5349
643,643.mp3,data_raw/PMEmo/chorus/643.mp3,ok,,,24.03265306122449,22050,529920,0.9586208462715149,0.3100839811454985,2048,512,0.6972
644,644.mp3,data_raw/PMEmo/chorus/644.mp3,ok,,,24.03265306122449,22050,529920,0.9615679979324341,0.2132408267262023,2048,512,0.6963
645,645.mp3,data_raw/PMEmo/chorus/645.mp3,ok,,,24.03265306122449,22050,529920,0.9615679979324341,0.2132408267262023,2048,512,0.7048
646,646.mp3,data_raw/PMEmo/chorus/646.mp3,ok,,,27.036734693877552,22050,596160,0.9098880887031555,0.2764348974494421,2048,512,0.7995
647,647.mp3,data_raw/PMEmo/chorus/647.mp3,ok,,,26.04408163265306,22050,574272,0.8661614060401917,0.24398141505164705,2048,512,0.7592
648,648.mp3,data_raw/PMEmo/chorus/648.mp3,ok,,,38.034285714285716,22050,838656,0.9144600629806519,0.27149796098998,2048,512,1.1089
649,649.mp3,data_raw/PMEmo/chorus/649.mp3,ok,,,53.02857142857143,22050,1169280,0.9033223390579224,0.2779667358534693,2048,512,1.5632
650,650.mp3,data_raw/PMEmo/chorus/650.mp3,ok,,,40.04571428571428,22050,883008,1.2442742586135864,0.2911168059557917,2048,512,1.1549
651,651.mp3,data_raw/PMEmo/chorus/651.mp3,ok,,,67.03020408163265,22050,1478016,0.9916025400161743,0.15305921977071568,2048,512,1.9439
652,652.mp3,data_raw/PMEmo/chorus/652.mp3,ok,,,70.03428571428572,22050,1544256,1.2352871894836426,0.20769024527435093,2048,512,1.9682
653,653.mp3,data_raw/PMEmo/chorus/653.mp3,ok,,,44.04244897959184,22050,971136,1.050533413887024,0.21663062477339914,2048,512,1.2717
654,654.mp3,data_raw/PMEmo/chorus/654.mp3,ok,,,28.02938775510204,22050,618048,0.9952914118766785,0.20758474988960415,2048,512,0.8223
656,656.mp3,data_raw/PMEmo/chorus/656.mp3,ok,,,40.04571428571428,22050,883008,0.989058256149292,0.24290383286661332,2048,512,1.1508
657,657.mp3,data_raw/PMEmo/chorus/657.mp3,ok,,,20.035918367346937,22050,441792,0.901266872882843,0.192855342406692,2048,512,0.5836
659,659.mp3,data_raw/PMEmo/chorus/659.mp3,ok,,,33.04489795918367,22050,728640,0.966062068939209,0.24201079867194306,2048,512,0.9944
660,660.mp3,data_raw/PMEmo/chorus/660.mp3,ok,,,42.031020408163265,22050,926784,1.0548644065856934,0.33059619132336704,2048,512,1.2366
661,661.mp3,data_raw/PMEmo/chorus/661.mp3,ok,,,18.05061224489796,22050,398016,0.9199374318122864,0.22814192153858928,2048,512,0.5435
662,662.mp3,data_raw/PMEmo/chorus/662.mp3,ok,,,43.049795918367344,22050,949248,0.9254881739616394,0.18975223573029307,2048,512,1.266
665,665.mp3,data_raw/PMEmo/chorus/665.mp3,ok,,,36.04897959183673,22050,794880,1.1554012298583984,0.25287046133751034,2048,512,1.0946
666,666.mp3,data_raw/PMEmo/chorus/666.mp3,ok,,,37.04163265306122,22050,816768,1.076233148574829,0.3167242022379874,2048,512,1.1448
668,668.mp3,data_raw/PMEmo/chorus/668.mp3,ok,,,23.04,22050,508032,0.9475768208503723,0.15511692659822995,2048,512,0.676
670,670.mp3,data_raw/PMEmo/chorus/670.mp3,ok,,,39.0269387755102,22050,860544,0.8506274223327637,0.17008967775536712,2048,512,1.1217
671,671.mp3,data_raw/PMEmo/chorus/671.mp3,ok,,,30.040816326530614,22050,662400,1.0312367677688599,0.3245751308369086,2048,512,0.8711
672,672.mp3,data_raw/PMEmo/chorus/672.mp3,ok,,,23.04,22050,508032,0.8861547708511353,0.27247709614086896,2048,512,0.6717
673,673.mp3,data_raw/PMEmo/chorus/673.mp3,ok,,,65.04489795918367,22050,1434240,1.0727474689483643,0.19861160810288825,2048,512,1.8985
674,674.mp3,data_raw/PMEmo/chorus/674.mp3,ok,,,44.04244897959184,22050,971136,1.0212888717651367,0.2972401895129053,2048,512,1.3608
675,675.mp3,data_raw/PMEmo/chorus/675.mp3,ok,,,48.03918367346939,22050,1059264,1.058089256286621,0.2458759567814225,2048,512,1.4063
676,676.mp3,data_raw/PMEmo/chorus/676.mp3,ok,,,25.05142857142857,22050,552384,1.2815136909484863,0.3489227471992664,2048,512,0.7518
677,677.mp3,data_raw/PMEmo/chorus/677.mp3,ok,,,30.040816326530614,22050,662400,0.9838286638259888,0.3488791512043826,2048,512,0.8875
678,678.mp3,data_raw/PMEmo/chorus/678.mp3,ok,,,59.010612244897956,22050,1301184,1.0428284406661987,0.24059565648791878,2048,512,1.7676
679,679.mp3,data_raw/PMEmo/chorus/679.mp3,ok,,,48.03918367346939,22050,1059264,0.7733361721038818,0.09618531722175373,2048,512,1.4527
681,681.mp3,data_raw/PMEmo/chorus/681.mp3,ok,,,38.034285714285716,22050,838656,1.1206698417663574,0.31140995829773854,2048,512,1.1404
682,682.mp3,data_raw/PMEmo/chorus/682.mp3,ok,,,55.04,22050,1213632,0.9842896461486816,0.32022884742412316,2048,512,1.6892
683,683.mp3,data_raw/PMEmo/chorus/683.mp3,ok,,,45.03510204081633,22050,993024,0.9612643718719482,0.16855122728316757,2048,512,1.3503
684,684.mp3,data_raw/PMEmo/chorus/684.mp3,ok,,,37.04163265306122,22050,816768,0.9603012800216675,0.2560955494807069,2048,512,1.0946
685,685.mp3,data_raw/PMEmo/chorus/685.mp3,ok,,,31.0334693877551,22050,684288,1.0211224555969238,0.29272855341822995,2048,512,0.9401
686,686.mp3,data_raw/PMEmo/chorus/686.mp3,ok,,,38.034285714285716,22050,838656,0.9730406999588013,0.2544424873657398,2048,512,1.1382
687,687.mp3,data_raw/PMEmo/chorus/687.mp3,ok,,,15.046530612244897,22050,331776,1.0656898021697998,0.30715303831643814,2048,512,0.4739
688,688.mp3,data_raw/PMEmo/chorus/688.mp3,ok,,,17.03183673469388,22050,375552,1.012168526649475,0.31231962997383383,2048,512,0.5196
689,689.mp3,data_raw/PMEmo/chorus/689.mp3,ok,,,48.03918367346939,22050,1059264,1.0559728145599365,0.22435435199022172,2048,512,1.4594
692,692.mp3,data_raw/PMEmo/chorus/692.mp3,ok,,,16.03918367346939,22050,353664,1.0320422649383545,0.3233730887469277,2048,512,0.4987
693,693.mp3,data_raw/PMEmo/chorus/693.mp3,ok,,,21.02857142857143,22050,463680,1.1391667127609253,0.33462552582763744,2048,512,0.6336
694,694.mp3,data_raw/PMEmo/chorus/694.mp3,ok,,,26.04408163265306,22050,574272,1.0645968914031982,0.25619009779835195,2048,512,0.7823
697,697.mp3,data_raw/PMEmo/chorus/697.mp3,ok,,,36.04897959183673,22050,794880,1.0868383646011353,0.25125626136797286,2048,512,1.0639
698,698.mp3,data_raw/PMEmo/chorus/698.mp3,ok,,,51.04326530612245,22050,1125504,1.168513298034668,0.23742284783255838,2048,512,1.4988
699,699.mp3,data_raw/PMEmo/chorus/699.mp3,ok,,,57.05142857142857,22050,1257984,1.116321086883545,0.2557433381535761,2048,512,1.7342
700,700.mp3,data_raw/PMEmo/chorus/700.mp3,ok,,,22.04734693877551,22050,486144,0.8603916168212891,0.18149989935474914,2048,512,0.6616
703,703.mp3,data_raw/PMEmo/chorus/703.mp3,ok,,,32.02612244897959,22050,706176,1.0946612358093262,0.3059925387299377,2048,512,0.9599
704,704.mp3,data_raw/PMEmo/chorus/704.mp3,ok,,,40.04571428571428,22050,883008,0.9599364399909973,0.22780794719619957,2048,512,1.2193
705,705.mp3,data_raw/PMEmo/chorus/705.mp3,ok,,,47.0465306122449,22050,1037376,0.9419379234313965,0.22790992300654744,2048,512,1.4121
706,706.mp3,data_raw/PMEmo/chorus/706.mp3,ok,,,32.02612244897959,22050,706176,1.0029855966567993,0.24711397254887266,2048,512,1.0166
707,707.mp3,data_raw/PMEmo/chorus/707.mp3,ok,,,39.0269387755102,22050,860544,1.132551670074463,0.28434097989384255,2048,512,1.1308
708,708.mp3,data_raw/PMEmo/chorus/708.mp3,ok,,,34.037551020408166,22050,750528,1.1381105184555054,0.27161357943152603,2048,512,0.9807
710,710.mp3,data_raw/PMEmo/chorus/710.mp3,ok,,,42.031020408163265,22050,926784,1.0728507041931152,0.306217946211472,2048,512,1.2315
711,711.mp3,data_raw/PMEmo/chorus/711.mp3,ok,,,37.04163265306122,22050,816768,0.9592853784561157,0.1957588002532944,2048,512,1.0765
713,713.mp3,data_raw/PMEmo/chorus/713.mp3,ok,,,37.04163265306122,22050,816768,1.093082070350647,0.2852058290329837,2048,512,1.079
715,715.mp3,data_raw/PMEmo/chorus/715.mp3,ok,,,56.03265306122449,22050,1235520,0.8716434240341187,0.2065866661296652,2048,512,1.6295
716,716.mp3,data_raw/PMEmo/chorus/716.mp3,ok,,,62.04081632653061,22050,1368000,1.0524873733520508,0.2664569123689876,2048,512,1.7966
717,717.mp3,data_raw/PMEmo/chorus/717.mp3,ok,,,32.02612244897959,22050,706176,0.9054564237594604,0.25611266910324076,2048,512,0.9422
718,718.mp3,data_raw/PMEmo/chorus/718.mp3,ok,,,49.031836734693876,22050,1081152,0.985089123249054,0.2990562317484955,2048,512,1.4418
719,719.mp3,data_raw/PMEmo/chorus/719.mp3,ok,,,35.030204081632654,22050,772416,0.966783881187439,0.24269389392672375,2048,512,1.0289
720,720.mp3,data_raw/PMEmo/chorus/720.mp3,ok,,,34.037551020408166,22050,750528,0.951748251914978,0.26204383318976265,2048,512,0.997
722,722.mp3,data_raw/PMEmo/chorus/722.mp3,ok,,,32.02612244897959,22050,706176,0.872242271900177,0.2238231832084266,2048,512,0.9296
726,726.mp3,data_raw/PMEmo/chorus/726.mp3,ok,,,45.03510204081633,22050,993024,1.076535701751709,0.30635500989632325,2048,512,1.3165
727,727.mp3,data_raw/PMEmo/chorus/727.mp3,ok,,,32.02612244897959,22050,706176,1.0070977210998535,0.2755861751562433,2048,512,0.9186
728,728.mp3,data_raw/PMEmo/chorus/728.mp3,ok,,,42.031020408163265,22050,926784,0.9669520854949951,0.253943446643846,2048,512,1.2086
729,729.mp3,data_raw/PMEmo/chorus/729.mp3,ok,,,35.030204081632654,22050,772416,1.045401930809021,0.2841035225887593,2048,512,1.0032
730,730.mp3,data_raw/PMEmo/chorus/730.mp3,ok,,,56.03265306122449,22050,1235520,0.9232298135757446,0.2675104472724493,2048,512,1.5937
731,731.mp3,data_raw/PMEmo/chorus/731.mp3,ok,,,44.04244897959184,22050,971136,1.0292962789535522,0.26549389045115207,2048,512,1.2943
732,732.mp3,data_raw/PMEmo/chorus/732.mp3,ok,,,33.04489795918367,22050,728640,1.0115939378738403,0.17129149095055396,2048,512,0.9532
733,733.mp3,data_raw/PMEmo/chorus/733.mp3,ok,,,27.036734693877552,22050,596160,0.9788548946380615,0.26601281936847077,2048,512,0.7816
734,734.mp3,data_raw/PMEmo/chorus/734.mp3,ok,,,32.02612244897959,22050,706176,0.9493829011917114,0.25991239344777384,2048,512,0.9498
736,736.mp3,data_raw/PMEmo/chorus/736.mp3,ok,,,45.03510204081633,22050,993024,1.0489275455474854,0.2777848386293585,2048,512,1.3017
738,738.mp3,data_raw/PMEmo/chorus/738.mp3,ok,,,30.040816326530614,22050,662400,0.9694334268569946,0.2813775193016951,2048,512,0.8807
739,739.mp3,data_raw/PMEmo/chorus/739.mp3,ok,,,39.0269387755102,22050,860544,1.1051998138427734,0.2859377459538326,2048,512,1.1428
740,740.mp3,data_raw/PMEmo/chorus/740.mp3,ok,,,42.031020408163265,22050,926784,1.0902400016784668,0.31153602856346474,2048,512,1.2326
741,741.mp3,data_raw/PMEmo/chorus/741.mp3,ok,,,32.02612244897959,22050,706176,0.9932829737663269,0.28837441602739655,2048,512,0.9395
742,742.mp3,data_raw/PMEmo/chorus/742.mp3,ok,,,36.04897959183673,22050,794880,0.9994982481002808,0.3162499793954394,2048,512,1.0468
743,743.mp3,data_raw/PMEmo/chorus/743.mp3,ok,,,34.037551020408166,22050,750528,1.1152124404907227,0.3150376793428643,2048,512,0.9934
744,744.mp3,data_raw/PMEmo/chorus/744.mp3,ok,,,61.04816326530612,22050,1346112,1.0094599723815918,0.2574519867209874,2048,512,1.795
745,745.mp3,data_raw/PMEmo/chorus/745.mp3,ok,,,35.030204081632654,22050,772416,1.0112273693084717,0.25504213867679615,2048,512,1.0418
746,746.mp3,data_raw/PMEmo/chorus/746.mp3,ok,,,45.03510204081633,22050,993024,0.9469329118728638,0.2278741717809497,2048,512,1.3163
747,747.mp3,data_raw/PMEmo/chorus/747.mp3,ok,,,38.034285714285716,22050,838656,0.9109694957733154,0.2415526496047344,2048,512,1.1197
748,748.mp3,data_raw/PMEmo/chorus/748.mp3,ok,,,27.036734693877552,22050,596160,0.982997715473175,0.23501576595575452,2048,512,0.7819
749,749.mp3,data_raw/PMEmo/chorus/749.mp3,ok,,,46.027755102040814,22050,1014912,1.0216267108917236,0.30447287945082396,2048,512,1.3282
750,750.mp3,data_raw/PMEmo/chorus/750.mp3,ok,,,49.031836734693876,22050,1081152,1.0046275854110718,0.4022020646301848,2048,512,1.4053
751,751.mp3,data_raw/PMEmo/chorus/751.mp3,ok,,,60.02938775510204,22050,1323648,0.915990948677063,0.20805967297300668,2048,512,1.7513
752,752.mp3,data_raw/PMEmo/chorus/752.mp3,ok,,,41.03836734693878,22050,904896,0.6794388294219971,0.1683298376594738,2048,512,1.2157
753,753.mp3,data_raw/PMEmo/chorus/753.mp3,ok,,,29.048163265306123,22050,640512,1.057989478111267,0.3544454688781345,2048,512,0.8817
754,754.mp3,data_raw/PMEmo/chorus/754.mp3,ok,,,53.02857142857143,22050,1169280,1.0144507884979248,0.22726311416983636,2048,512,1.5647
755,755.mp3,data_raw/PMEmo/chorus/755.mp3,ok,,,35.030204081632654,22050,772416,0.8908385038375854,0.14861946048098407,2048,512,0.9944
757,757.mp3,data_raw/PMEmo/chorus/757.mp3,ok,,,38.034285714285716,22050,838656,0.9455353021621704,0.25291138153716824,2048,512,1.1072
758,758.mp3,data_raw/PMEmo/chorus/758.mp3,ok,,,16.03918367346939,22050,353664,0.9066615700721741,0.2828967846450689,2048,512,0.4628
759,759.mp3,data_raw/PMEmo/chorus/759.mp3,ok,,,16.03918367346939,22050,353664,0.9066615700721741,0.2828967846450689,2048,512,0.4593
760,760.mp3,data_raw/PMEmo/chorus/760.mp3,ok,,,26.04408163265306,22050,574272,1.1135737895965576,0.3155852666245436,2048,512,0.7668
761,761.mp3,data_raw/PMEmo/chorus/761.mp3,ok,,,35.030204081632654,22050,772416,1.031609296798706,0.24923811895046305,2048,512,1.0132
763,763.mp3,data_raw/PMEmo/chorus/763.mp3,ok,,,41.03836734693878,22050,904896,0.9778951406478882,0.31276006704931336,2048,512,1.1975
765,765.mp3,data_raw/PMEmo/chorus/765.mp3,ok,,,50.05061224489796,22050,1103616,1.084545373916626,0.2698163872037942,2048,512,1.4412
767,767.mp3,data_raw/PMEmo/chorus/767.mp3,ok,,,34.037551020408166,22050,750528,1.0965237617492676,0.30894607503736016,2048,512,0.9775
769,769.mp3,data_raw/PMEmo/chorus/769.mp3,ok,,,34.037551020408166,22050,750528,0.9420979022979736,0.19728675005521315,2048,512,0.9854
770,770.mp3,data_raw/PMEmo/chorus/770.mp3,ok,,,78.02775510204081,22050,1720512,0.5955415964126587,0.09229644534428748,2048,512,2.2845
771,771.mp3,data_raw/PMEmo/chorus/771.mp3,ok,,,28.02938775510204,22050,618048,0.8379277586936951,0.0845736183150988,2048,512,0.8347
772,772.mp3,data_raw/PMEmo/chorus/772.mp3,ok,,,53.02857142857143,22050,1169280,1.0479196310043335,0.23450374831625936,2048,512,1.5279
773,773.mp3,data_raw/PMEmo/chorus/773.mp3,ok,,,36.04897959183673,22050,794880,0.7731205224990845,0.13103798021451793,2048,512,1.064
774,774.mp3,data_raw/PMEmo/chorus/774.mp3,ok,,,52.03591836734694,22050,1147392,0.8944205641746521,0.1468317775884512,2048,512,1.5157
775,775.mp3,data_raw/PMEmo/chorus/775.mp3,ok,,,44.04244897959184,22050,971136,0.8173127174377441,0.14476027739207675,2048,512,1.2808
776,776.mp3,data_raw/PMEmo/chorus/776.mp3,ok,,,36.04897959183673,22050,794880,0.9490045309066772,0.12127384583649677,2048,512,1.041
777,777.mp3,data_raw/PMEmo/chorus/777.mp3,ok,,,40.04571428571428,22050,883008,0.8852011561393738,0.1037089464489719,2048,512,1.1764
778,778.mp3,data_raw/PMEmo/chorus/778.mp3,ok,,,43.049795918367344,22050,949248,1.0584073066711426,0.3177083697779092,2048,512,1.287
779,779.mp3,data_raw/PMEmo/chorus/779.mp3,ok,,,68.04897959183674,22050,1500480,0.9199620485305786,0.20846854642742565,2048,512,2.0163
780,780.mp3,data_raw/PMEmo/chorus/780.mp3,ok,,,28.02938775510204,22050,618048,1.0575097799301147,0.31517942293430196,2048,512,0.8078
783,783.mp3,data_raw/PMEmo/chorus/783.mp3,ok,,,32.02612244897959,22050,706176,1.0772840976715088,0.3030788201271727,2048,512,0.925
784,784.mp3,data_raw/PMEmo/chorus/784.mp3,ok,,,35.030204081632654,22050,772416,1.1028004884719849,0.32316680204280296,2048,512,1.0084
786,786.mp3,data_raw/PMEmo/chorus/786.mp3,ok,,,60.02938775510204,22050,1323648,1.1927870512008667,0.3165641788881165,2048,512,1.6848
788,788.mp3,data_raw/PMEmo/chorus/788.mp3,ok,,,88.0326530612245,22050,1941120,1.0712170600891113,0.23865733265798675,2048,512,2.5564
789,789.mp3,data_raw/PMEmo/chorus/789.mp3,ok,,,75.04979591836735,22050,1654848,0.3965755105018616,0.06303122161082525,2048,512,2.1521
790,790.mp3,data_raw/PMEmo/chorus/790.mp3,ok,,,44.04244897959184,22050,971136,0.9780053496360779,0.24859949326967176,2048,512,1.2819
791,791.mp3,data_raw/PMEmo/chorus/791.mp3,ok,,,48.03918367346939,22050,1059264,0.9279520511627197,0.3026739702677989,2048,512,1.4047
792,792.mp3,data_raw/PMEmo/chorus/792.mp3,ok,,,42.031020408163265,22050,926784,0.9915673136711121,0.25949063310135223,2048,512,1.2378
793,793.mp3,data_raw/PMEmo/chorus/793.mp3,ok,,,45.03510204081633,22050,993024,0.989894688129425,0.28450480555881036,2048,512,1.3094
794,794.mp3,data_raw/PMEmo/chorus/794.mp3,ok,,,62.04081632653061,22050,1368000,0.9767475128173828,0.3307283574660346,2048,512,1.8012
796,796.mp3,data_raw/PMEmo/chorus/796.mp3,ok,,,31.0334693877551,22050,684288,1.1233749389648438,0.33022209056938606,2048,512,0.9094
797,797.mp3,data_raw/PMEmo/chorus/797.mp3,ok,,,26.04408163265306,22050,574272,0.9926043748855591,0.21541807547104588,2048,512,0.7645
798,798.mp3,data_raw/PMEmo/chorus/798.mp3,ok,,,18.05061224489796,22050,398016,0.9012648463249207,0.2020838593161933,2048,512,0.5361
799,799.mp3,data_raw/PMEmo/chorus/799.mp3,ok,,,86.0473469387755,22050,1897344,1.0872899293899536,0.31460514897121744,2048,512,2.5013
801,801.mp3,data_raw/PMEmo/chorus/801.mp3,ok,,,37.04163265306122,22050,816768,0.9924852848052979,0.3202122227653373,2048,512,1.0633
803,803.mp3,data_raw/PMEmo/chorus/803.mp3,ok,,,40.04571428571428,22050,883008,0.9961401224136353,0.24035970741867208,2048,512,1.1716
804,804.mp3,data_raw/PMEmo/chorus/804.mp3,ok,,,33.04489795918367,22050,728640,1.0466983318328857,0.24967979363993817,2048,512,0.9896
806,806.mp3,data_raw/PMEmo/chorus/806.mp3,ok,,,32.02612244897959,22050,706176,1.0009926557540894,0.22858696988943358,2048,512,0.9187
807,807.mp3,data_raw/PMEmo/chorus/807.mp3,ok,,,39.0269387755102,22050,860544,1.2203257083892822,0.24730580508053832,2048,512,1.1183
808,808.mp3,data_raw/PMEmo/chorus/808.mp3,ok,,,32.02612244897959,22050,706176,1.315335750579834,0.2089129766699551,2048,512,0.9038
809,809.mp3,data_raw/PMEmo/chorus/809.mp3,ok,,,49.031836734693876,22050,1081152,0.5864062309265137,0.10437972753802159,2048,512,1.3919
810,810.mp3,data_raw/PMEmo/chorus/810.mp3,ok,,,35.030204081632654,22050,772416,0.7998514175415039,0.12878774135799137,2048,512,1.0126
812,812.mp3,data_raw/PMEmo/chorus/812.mp3,ok,,,44.04244897959184,22050,971136,1.1565277576446533,0.33940848100152504,2048,512,1.2775
813,813.mp3,data_raw/PMEmo/chorus/813.mp3,ok,,,32.02612244897959,22050,706176,1.0391478538513184,0.3327459255341444,2048,512,0.9253
814,814.mp3,data_raw/PMEmo/chorus/814.mp3,ok,,,35.030204081632654,22050,772416,1.0043851137161255,0.24698988742615624,2048,512,1.021
815,815.mp3,data_raw/PMEmo/chorus/815.mp3,ok,,,32.02612244897959,22050,706176,0.7282639741897583,0.1251162494855313,2048,512,0.932
816,816.mp3,data_raw/PMEmo/chorus/816.mp3,ok,,,33.04489795918367,22050,728640,0.8139203786849976,0.2823451421762513,2048,512,0.9502
818,818.mp3,data_raw/PMEmo/chorus/818.mp3,ok,,,32.02612244897959,22050,706176,1.002942681312561,0.20940466540461475,2048,512,0.9135
820,820.mp3,data_raw/PMEmo/chorus/820.mp3,ok,,,36.04897959183673,22050,794880,1.003071665763855,0.2574594429722338,2048,512,1.0641
821,821.mp3,data_raw/PMEmo/chorus/821.mp3,ok,,,40.04571428571428,22050,883008,1.0506008863449097,0.37188031853076664,2048,512,1.1721
823,823.mp3,data_raw/PMEmo/chorus/823.mp3,ok,,,34.037551020408166,22050,750528,1.0955387353897095,0.2767041455627629,2048,512,0.9863
824,824.mp3,data_raw/PMEmo/chorus/824.mp3,ok,,,35.030204081632654,22050,772416,1.0674958229064941,0.3061960585355301,2048,512,1.0331
825,825.mp3,data_raw/PMEmo/chorus/825.mp3,ok,,,43.049795918367344,22050,949248,0.9311650395393372,0.1601463895767546,2048,512,1.2354
827,827.mp3,data_raw/PMEmo/chorus/827.mp3,ok,,,41.03836734693878,22050,904896,0.8401403427124023,0.1271209186832129,2048,512,1.1957
828,828.mp3,data_raw/PMEmo/chorus/828.mp3,ok,,,32.02612244897959,22050,706176,1.1182518005371094,0.33063989300296653,2048,512,0.9186
829,829.mp3,data_raw/PMEmo/chorus/829.mp3,ok,,,38.034285714285716,22050,838656,0.8678086996078491,0.255100004964625,2048,512,1.1266
830,830.mp3,data_raw/PMEmo/chorus/830.mp3,ok,,,39.0269387755102,22050,860544,1.1500203609466553,0.28136945368686095,2048,512,1.1509
831,831.mp3,data_raw/PMEmo/chorus/831.mp3,ok,,,34.037551020408166,22050,750528,1.0619869232177734,0.30613088575792674,2048,512,0.999
832,832.mp3,data_raw/PMEmo/chorus/832.mp3,ok,,,42.031020408163265,22050,926784,1.0303525924682617,0.3372306228307384,2048,512,1.2411
833,833.mp3,data_raw/PMEmo/chorus/833.mp3,ok,,,41.03836734693878,22050,904896,0.9494861364364624,0.245067721399397,2048,512,1.1918
834,834.mp3,data_raw/PMEmo/chorus/834.mp3,ok,,,34.037551020408166,22050,750528,1.0090680122375488,0.29099871404530897,2048,512,0.9913
835,835.mp3,data_raw/PMEmo/chorus/835.mp3,ok,,,36.04897959183673,22050,794880,1.0885716676712036,0.2882687984490545,2048,512,1.0464
836,836.mp3,data_raw/PMEmo/chorus/836.mp3,ok,,,32.02612244897959,22050,706176,1.1279211044311523,0.3293569334819898,2048,512,0.9474
837,837.mp3,data_raw/PMEmo/chorus/837.mp3,ok,,,45.03510204081633,22050,993024,1.048005223274231,0.25074135581601004,2048,512,1.3357
839,839.mp3,data_raw/PMEmo/chorus/839.mp3,ok,,,46.027755102040814,22050,1014912,0.9254136085510254,0.21767775084370555,2048,512,1.4022
842,842.mp3,data_raw/PMEmo/chorus/842.mp3,ok,,,52.03591836734694,22050,1147392,0.8555221557617188,0.26669407825065555,2048,512,1.5028
844,844.mp3,data_raw/PMEmo/chorus/844.mp3,ok,,,32.02612244897959,22050,706176,1.1088671684265137,0.2670723872107713,2048,512,0.9387
846,846.mp3,data_raw/PMEmo/chorus/846.mp3,ok,,,29.048163265306123,22050,640512,1.268158197402954,0.41070701295452344,2048,512,0.8471
847,847.mp3,data_raw/PMEmo/chorus/847.mp3,ok,,,61.04816326530612,22050,1346112,0.967685341835022,0.2416381363539859,2048,512,1.7916
848,848.mp3,data_raw/PMEmo/chorus/848.mp3,ok,,,56.03265306122449,22050,1235520,1.041825294494629,0.2971037524284715,2048,512,1.6237
850,850.mp3,data_raw/PMEmo/chorus/850.mp3,ok,,,39.0269387755102,22050,860544,1.1607390642166138,0.3437701195107084,2048,512,1.1332
851,851.mp3,data_raw/PMEmo/chorus/851.mp3,ok,,,44.59102040816327,22050,983232,1.1017961502075195,0.3197107460844071,2048,512,1.278
852,852.mp3,data_raw/PMEmo/chorus/852.mp3,ok,,,47.02040816326531,22050,1036800,1.0579830408096313,0.2586978723682511,2048,512,1.373
853,853.mp3,data_raw/PMEmo/chorus/853.mp3,ok,,,22.04734693877551,22050,486144,1.0246858596801758,0.2520634430943534,2048,512,0.6467
854,854.mp3,data_raw/PMEmo/chorus/854.mp3,ok,,,56.03265306122449,22050,1235520,1.0463502407073975,0.3063014714740654,2048,512,1.6413
855,855.mp3,data_raw/PMEmo/chorus/855.mp3,ok,,,79.0465306122449,22050,1742976,1.164146900177002,0.2916486027738025,2048,512,2.3021
857,857.mp3,data_raw/PMEmo/chorus/857.mp3,ok,,,43.049795918367344,22050,949248,1.1465919017791748,0.3024191436600879,2048,512,1.2452
858,858.mp3,data_raw/PMEmo/chorus/858.mp3,ok,,,29.048163265306123,22050,640512,0.9801963567733765,0.24219775482076403,2048,512,0.9301
859,859.mp3,data_raw/PMEmo/chorus/859.mp3,ok,,,38.034285714285716,22050,838656,0.8946239948272705,0.2859165952836352,2048,512,1.1203
860,860.mp3,data_raw/PMEmo/chorus/860.mp3,ok,,,43.049795918367344,22050,949248,0.9446253776550293,0.26550450294478173,2048,512,1.2687
861,861.mp3,data_raw/PMEmo/chorus/861.mp3,ok,,,49.031836734693876,22050,1081152,0.976298451423645,0.2627757992651284,2048,512,1.4655
862,862.mp3,data_raw/PMEmo/chorus/862.mp3,ok,,,55.90204081632653,22050,1232640,1.0333560705184937,0.25009890508412513,2048,512,1.6497
863,863.mp3,data_raw/PMEmo/chorus/863.mp3,ok,,,33.04489795918367,22050,728640,1.0385584831237793,0.25434890638341867,2048,512,1.0025
864,864.mp3,data_raw/PMEmo/chorus/864.mp3,ok,,,65.04489795918367,22050,1434240,1.0307848453521729,0.29385380774580283,2048,512,1.8881
865,865.mp3,data_raw/PMEmo/chorus/865.mp3,ok,,,43.049795918367344,22050,949248,0.9890007972717285,0.3092040454249919,2048,512,1.269
866,866.mp3,data_raw/PMEmo/chorus/866.mp3,ok,,,14.027755102040816,22050,309312,1.0198625326156616,0.2890262254395481,2048,512,0.4228
868,868.mp3,data_raw/PMEmo/chorus/868.mp3,ok,,,42.031020408163265,22050,926784,1.0544769763946533,0.2727796596677247,2048,512,1.2207
869,869.mp3,data_raw/PMEmo/chorus/869.mp3,ok,,,25.05142857142857,22050,552384,0.9508681297302246,0.29498474157221677,2048,512,0.7395
870,870.mp3,data_raw/PMEmo/chorus/870.mp3,ok,,,40.04571428571428,22050,883008,0.9829028248786926,0.21858889243966814,2048,512,1.1665
871,871.mp3,data_raw/PMEmo/chorus/871.mp3,ok,,,46.027755102040814,22050,1014912,1.1833957433700562,0.3011027521445633,2048,512,1.3345
876,876.mp3,data_raw/PMEmo/chorus/876.mp3,ok,,,43.049795918367344,22050,949248,1.0521972179412842,0.3188212595853506,2048,512,1.2603
879,879.mp3,data_raw/PMEmo/chorus/879.mp3,ok,,,25.05142857142857,22050,552384,0.9358735084533691,0.24497405009378137,2048,512,0.7226
880,880.mp3,data_raw/PMEmo/chorus/880.mp3,ok,,,46.027755102040814,22050,1014912,0.8491659760475159,0.2146898223114655,2048,512,1.3395
881,881.mp3,data_raw/PMEmo/chorus/881.mp3,ok,,,23.04,22050,508032,0.9479765892028809,0.2558018888324782,2048,512,0.6689
882,882.mp3,data_raw/PMEmo/chorus/882.mp3,ok,,,28.02938775510204,22050,618048,0.9287039041519165,0.3115986965936755,2048,512,0.8316
883,883.mp3,data_raw/PMEmo/chorus/883.mp3,ok,,,22.04734693877551,22050,486144,1.1084545850753784,0.2972214043903386,2048,512,0.6624
884,884.mp3,data_raw/PMEmo/chorus/884.mp3,ok,,,39.0269387755102,22050,860544,0.9772554636001587,0.2661940598789479,2048,512,1.1435
885,885.mp3,data_raw/PMEmo/chorus/885.mp3,ok,,,53.02857142857143,22050,1169280,1.1104940176010132,0.1548773958882792,2048,512,1.5345
886,886.mp3,data_raw/PMEmo/chorus/886.mp3,ok,,,72.04571428571428,22050,1588608,0.8884941339492798,0.13227203585025757,2048,512,2.1017
888,888.mp3,data_raw/PMEmo/chorus/888.mp3,ok,,,43.049795918367344,22050,949248,0.9304977059364319,0.2192605687839242,2048,512,1.2363
889,889.mp3,data_raw/PMEmo/chorus/889.mp3,ok,,,26.04408163265306,22050,574272,1.1031209230422974,0.3290881014410903,2048,512,0.7655
890,890.mp3,data_raw/PMEmo/chorus/890.mp3,ok,,,30.040816326530614,22050,662400,0.9758411645889282,0.24500498585017746,2048,512,0.8993
892,892.mp3,data_raw/PMEmo/chorus/892.mp3,ok,,,44.04244897959184,22050,971136,1.0746313333511353,0.2993494419785124,2048,512,1.3207
894,894.mp3,data_raw/PMEmo/chorus/894.mp3,ok,,,34.037551020408166,22050,750528,0.9750187397003174,0.2707060915035993,2048,512,1.0039
895,895.mp3,data_raw/PMEmo/chorus/895.mp3,ok,,,27.036734693877552,22050,596160,1.0201435089111328,0.251178541880839,2048,512,0.7843
896,896.mp3,data_raw/PMEmo/chorus/896.mp3,ok,,,36.04897959183673,22050,794880,1.0606024265289307,0.2558269986873812,2048,512,1.0501
897,897.mp3,data_raw/PMEmo/chorus/897.mp3,ok,,,41.03836734693878,22050,904896,0.9837417602539062,0.19073958274600356,2048,512,1.2798
900,900.mp3,data_raw/PMEmo/chorus/900.mp3,ok,,,32.02612244897959,22050,706176,1.0845818519592285,0.34344312445321884,2048,512,0.9426
903,903.mp3,data_raw/PMEmo/chorus/903.mp3,ok,,,36.04897959183673,22050,794880,1.1000217199325562,0.3193345627124351,2048,512,1.0635
904,904.mp3,data_raw/PMEmo/chorus/904.mp3,ok,,,43.049795918367344,22050,949248,1.075828194618225,0.25875078217852654,2048,512,1.2422
905,905.mp3,data_raw/PMEmo/chorus/905.mp3,ok,,,81.03183673469388,22050,1786752,1.092323899269104,0.25889697956660807,2048,512,2.3462
906,906.mp3,data_raw/PMEmo/chorus/906.mp3,ok,,,55.04,22050,1213632,0.8800106644630432,0.1414615668335087,2048,512,1.5878
907,907.mp3,data_raw/PMEmo/chorus/907.mp3,ok,,,60.02938775510204,22050,1323648,1.0289106369018555,0.30833311490196746,2048,512,1.7241
908,908.mp3,data_raw/PMEmo/chorus/908.mp3,ok,,,37.04163265306122,22050,816768,1.1108003854751587,0.3094803686381598,2048,512,1.1207
909,909.mp3,data_raw/PMEmo/chorus/909.mp3,ok,,,44.04244897959184,22050,971136,1.1032837629318237,0.28394678408015006,2048,512,1.3452
911,911.mp3,data_raw/PMEmo/chorus/911.mp3,ok,,,87.04,22050,1919232,1.0603017807006836,0.3086608262934242,2048,512,2.7064
913,913.mp3,data_raw/PMEmo/chorus/913.mp3,ok,,,34.037551020408166,22050,750528,0.8790019750595093,0.20385895759124875,2048,512,1.0101
915,915.mp3,data_raw/PMEmo/chorus/915.mp3,ok,,,47.0465306122449,22050,1037376,0.9772001504898071,0.2562333161122049,2048,512,1.4813
916,916.mp3,data_raw/PMEmo/chorus/916.mp3,ok,,,35.030204081632654,22050,772416,0.9781437516212463,0.26990903716265646,2048,512,1.3877
917,917.mp3,data_raw/PMEmo/chorus/917.mp3,ok,,,65.04489795918367,22050,1434240,1.0961941480636597,0.2669019346334379,2048,512,1.9376
918,918.mp3,data_raw/PMEmo/chorus/918.mp3,ok,,,32.02612244897959,22050,706176,0.9444658756256104,0.2014573528949656,2048,512,0.955
919,919.mp3,data_raw/PMEmo/chorus/919.mp3,ok,,,56.03265306122449,22050,1235520,1.0133105516433716,0.21855335011020582,2048,512,1.6871
921,921.mp3,data_raw/PMEmo/chorus/921.mp3,ok,,,40.04571428571428,22050,883008,1.0224668979644775,0.22302493680105104,2048,512,1.2269
922,922.mp3,data_raw/PMEmo/chorus/922.mp3,ok,,,58.04408163265306,22050,1279872,1.1343915462493896,0.2746120175492133,2048,512,1.7058
924,924.mp3,data_raw/PMEmo/chorus/924.mp3,ok,,,41.03836734693878,22050,904896,0.9724329710006714,0.26081595105604866,2048,512,1.2203
925,925.mp3,data_raw/PMEmo/chorus/925.mp3,ok,,,40.04571428571428,22050,883008,0.9643290638923645,0.2517241634819937,2048,512,1.2293
926,926.mp3,data_raw/PMEmo/chorus/926.mp3,ok,,,38.034285714285716,22050,838656,0.8130854368209839,0.15557937688966117,2048,512,1.1311
927,927.mp3,data_raw/PMEmo/chorus/927.mp3,ok,,,78.02775510204081,22050,1720512,1.048811674118042,0.23785403687134707,2048,512,2.3014
928,928.mp3,data_raw/PMEmo/chorus/928.mp3,ok,,,52.03591836734694,22050,1147392,1.0866572856903076,0.2836497011843826,2048,512,1.5469
929,929.mp3,data_raw/PMEmo/chorus/929.mp3,ok,,,48.03918367346939,22050,1059264,1.05962336063385,0.30773938810176055,2048,512,1.3901
931,931.mp3,data_raw/PMEmo/chorus/931.mp3,ok,,,68.04897959183674,22050,1500480,0.9280952215194702,0.26424584611926893,2048,512,1.9842
932,932.mp3,data_raw/PMEmo/chorus/932.mp3,ok,,,44.04244897959184,22050,971136,1.097867727279663,0.2764796991890323,2048,512,1.2808
933,933.mp3,data_raw/PMEmo/chorus/933.mp3,ok,,,44.04244897959184,22050,971136,1.2421897649765015,0.3133357193076495,2048,512,1.2943
934,934.mp3,data_raw/PMEmo/chorus/934.mp3,ok,,,34.037551020408166,22050,750528,1.1002143621444702,0.2992697976770524,2048,512,1.0083
935,935.mp3,data_raw/PMEmo/chorus/935.mp3,ok,,,47.0465306122449,22050,1037376,1.4237251281738281,0.3141449320013608,2048,512,1.3799
936,936.mp3,data_raw/PMEmo/chorus/936.mp3,ok,,,52.03591836734694,22050,1147392,1.2726922035217285,0.20618658904732756,2048,512,1.5189
937,937.mp3,data_raw/PMEmo/chorus/937.mp3,ok,,,58.04408163265306,22050,1279872,1.0300562381744385,0.2897162658096377,2048,512,1.7539
938,938.mp3,data_raw/PMEmo/chorus/938.mp3,ok,,,50.05061224489796,22050,1103616,1.1537178754806519,0.27452694451044696,2048,512,1.5035
939,939.mp3,data_raw/PMEmo/chorus/939.mp3,ok,,,40.04571428571428,22050,883008,1.1166114807128906,0.301196089461523,2048,512,1.2223
940,940.mp3,data_raw/PMEmo/chorus/940.mp3,ok,,,68.04897959183674,22050,1500480,0.9888027310371399,0.2496775047662725,2048,512,2.081
941,941.mp3,data_raw/PMEmo/chorus/941.mp3,ok,,,40.04571428571428,22050,883008,0.7933339476585388,0.09178414357356458,2048,512,1.3794
943,943.mp3,data_raw/PMEmo/chorus/943.mp3,ok,,,38.034285714285716,22050,838656,0.9188699722290039,0.11162986034639655,2048,512,1.1372
945,945.mp3,data_raw/PMEmo/chorus/945.mp3,ok,,,38.034285714285716,22050,838656,1.0226092338562012,0.22495509009481032,2048,512,1.1085
946,946.mp3,data_raw/PMEmo/chorus/946.mp3,ok,,,43.049795918367344,22050,949248,1.1126412153244019,0.29493776107211783,2048,512,1.2428
948,948.mp3,data_raw/PMEmo/chorus/948.mp3,ok,,,78.02775510204081,22050,1720512,1.076888084411621,0.2998229978476914,2048,512,2.2363
950,950.mp3,data_raw/PMEmo/chorus/950.mp3,ok,,,52.03591836734694,22050,1147392,1.0971609354019165,0.2739523212068632,2048,512,1.4887
951,951.mp3,data_raw/PMEmo/chorus/951.mp3,ok,,,26.04408163265306,22050,574272,0.9210824966430664,0.22983031627664066,2048,512,0.7657
952,952.mp3,data_raw/PMEmo/chorus/952.mp3,ok,,,33.04489795918367,22050,728640,1.1528973579406738,0.2762862571592057,2048,512,0.9644
953,953.mp3,data_raw/PMEmo/chorus/953.mp3,ok,,,41.03836734693878,22050,904896,0.9463210701942444,0.18758583905264797,2048,512,1.1698
957,957.mp3,data_raw/PMEmo/chorus/957.mp3,ok,,,28.02938775510204,22050,618048,1.0450648069381714,0.2913807978680675,2048,512,0.8118
958,958.mp3,data_raw/PMEmo/chorus/958.mp3,ok,,,64.02612244897959,22050,1411776,0.8745642304420471,0.18452077948270584,2048,512,1.9024
959,959.mp3,data_raw/PMEmo/chorus/959.mp3,ok,,,50.05061224489796,22050,1103616,0.9734943509101868,0.26454640932851725,2048,512,1.4929
962,962.mp3,data_raw/PMEmo/chorus/962.mp3,ok,,,29.048163265306123,22050,640512,1.103212594985962,0.4755352460135135,2048,512,0.8494
964,964.mp3,data_raw/PMEmo/chorus/964.mp3,ok,,,47.0465306122449,22050,1037376,1.0484287738800049,0.24634018328904445,2048,512,1.4241
965,965.mp3,data_raw/PMEmo/chorus/965.mp3,ok,,,64.02612244897959,22050,1411776,1.0682048797607422,0.2541459482752801,2048,512,1.8398
966,966.mp3,data_raw/PMEmo/chorus/966.mp3,ok,,,56.03265306122449,22050,1235520,1.1225858926773071,0.27224492121812816,2048,512,1.6201
967,967.mp3,data_raw/PMEmo/chorus/967.mp3,ok,,,56.03265306122449,22050,1235520,1.1225858926773071,0.27224492121812816,2048,512,1.6449
968,968.mp3,data_raw/PMEmo/chorus/968.mp3,ok,,,42.031020408163265,22050,926784,1.1356048583984375,0.2936645043360491,2048,512,1.2216
969,969.mp3,data_raw/PMEmo/chorus/969.mp3,ok,,,67.03020408163265,22050,1478016,0.9851070642471313,0.19021981731627732,2048,512,1.9232
970,970.mp3,data_raw/PMEmo/chorus/970.mp3,ok,,,50.05061224489796,22050,1103616,1.0285602807998657,0.2770575741196883,2048,512,1.4329
971,971.mp3,data_raw/PMEmo/chorus/971.mp3,ok,,,64.02612244897959,22050,1411776,1.0930335521697998,0.33672700491079766,2048,512,1.8523
973,973.mp3,data_raw/PMEmo/chorus/973.mp3,ok,,,36.04897959183673,22050,794880,0.9606120586395264,0.2431568145599493,2048,512,1.0674
974,974.mp3,data_raw/PMEmo/chorus/974.mp3,ok,,,65.04489795918367,22050,1434240,1.0949137210845947,0.3413461128248497,2048,512,1.9316
978,978.mp3,data_raw/PMEmo/chorus/978.mp3,ok,,,36.04897959183673,22050,794880,1.0321738719940186,0.23671100429248673,2048,512,1.0604
979,979.mp3,data_raw/PMEmo/chorus/979.mp3,ok,,,30.040816326530614,22050,662400,0.8920267820358276,0.15891355975191088,2048,512,0.8668
980,980.mp3,data_raw/PMEmo/chorus/980.mp3,ok,,,84.03591836734694,22050,1852992,0.9828141927719116,0.23194366358335264,2048,512,2.4962
981,981.mp3,data_raw/PMEmo/chorus/981.mp3,ok,,,57.05142857142857,22050,1257984,0.9953768253326416,0.28177473096792227,2048,512,1.6695
983,983.mp3,data_raw/PMEmo/chorus/983.mp3,ok,,,34.037551020408166,22050,750528,1.0846350193023682,0.3224388602630018,2048,512,0.9939
984,984.mp3,data_raw/PMEmo/chorus/984.mp3,ok,,,61.04816326530612,22050,1346112,1.1483899354934692,0.2889064770582531,2048,512,1.7549
985,985.mp3,data_raw/PMEmo/chorus/985.mp3,ok,,,46.027755102040814,22050,1014912,1.0603108406066895,0.27725371605287163,2048,512,1.3341
989,989.mp3,data_raw/PMEmo/chorus/989.mp3,ok,,,66.03755102040816,22050,1456128,1.181475043296814,0.2669476179679532,2048,512,1.8936
992,992.mp3,data_raw/PMEmo/chorus/992.mp3,ok,,,45.4269387755102,22050,1001664,0.7792813777923584,0.09613344988579783,2048,512,1.3193
993,993.mp3,data_raw/PMEmo/chorus/993.mp3,ok,,,57.05142857142857,22050,1257984,1.1952706575393677,0.28420197101912936,2048,512,1.6896
996,996.mp3,data_raw/PMEmo/chorus/996.mp3,ok,,,50.05061224489796,22050,1103616,1.0419816970825195,0.27477671337035475,2048,512,1.4839
997,997.mp3,data_raw/PMEmo/chorus/997.mp3,ok,,,58.04408163265306,22050,1279872,1.067399263381958,0.2888716126047634,2048,512,1.7075
999,999.mp3,data_raw/PMEmo/chorus/999.mp3,ok,,,39.0269387755102,22050,860544,1.0959256887435913,0.3310901461159784,2048,512,1.1607
1000,1000.mp3,data_raw/PMEmo/chorus/1000.mp3,ok,,,77.03510204081633,22050,1698624,1.0927698612213135,0.2952348753803718,2048,512,2.2735
