track_id,outer_fold,outcome,model,observed,predicted,absolute_error,best_parameters
5,0,arousal,random_forest_optional,0.15,0.4293970550351056,0.2793970550351057,"{""model__max_depth"": null, ""model__max_features"": 0.7, ""model__min_samples_leaf"": 3, ""model__n_estimators"": 300}"
9,0,arousal,random_forest_optional,0.45,0.6033602071539613,0.1533602071539613,"{""model__max_depth"": null, ""model__max_features"": 0.7, ""model__min_samples_leaf"": 3, ""model__n_estimators"": 300}"
12,0,arousal,random_forest_optional,0.6875,0.5930869845642587,0.0944130154357413,"{""model__max_depth"": null, ""model__max_features"": 0.7, ""model__min_samples_leaf"": 3, ""model__n_estimators"": 300}"
18,0,arousal,random_forest_optional,0.8,0.6744850646617686,0.1255149353382314,"{""model__max_depth"": null, ""model__max_features"": 0.7, ""model__min_samples_leaf"": 3, ""model__n_estimators"": 300}"
20,0,arousal,random_forest_optional,0.55,0.4950394781144785,0.0549605218855214,"{""model__max_depth"": null, ""model__max_features"": 0.7, ""model__min_samples_leaf"": 3, ""model__n_estimators"": 300}"
23,0,arousal,random_forest_optional,0.625,0.6882756323747797,0.0632756323747797,"{""model__max_depth"": null, ""model__max_features"": 0.7, ""model__min_samples_leaf"": 3, ""model__n_estimators"": 300}"
30,0,arousal,random_forest_optional,0.6125,0.6546563116281818,0.0421563116281817,"{""model__max_depth"": null, ""model__max_features"": 0.7, ""model__min_samples_leaf"": 3, ""model__n_estimators"": 300}"
33,0,arousal,random_forest_optional,0.6375,0.5875057133838426,0.0499942866161573,"{""model__max_depth"": null, ""model__max_features"": 0.7, ""model__min_samples_leaf"": 3, ""model__n_estimators"": 300}"
37,0,arousal,random_forest_optional,0.8,0.6888653469216032,0.1111346530783968,"{""model__max_depth"": null, ""model__max_features"": 0.7, ""model__min_samples_leaf"": 3, ""model__n_estimators"": 300}"
38,0,arousal,random_forest_optional,0.8875,0.8351375541125566,0.0523624458874433,"{""model__max_depth"": null, ""model__max_features"": 0.7, ""model__min_samples_leaf"": 3, ""model__n_estimators"": 300}"
49,0,arousal,random_forest_optional,0.7875,0.7744150674556954,0.0130849325443045,"{""model__max_depth"": null, ""model__max_features"": 0.7, ""model__min_samples_leaf"": 3, ""model__n_estimators"": 300}"
63,0,arousal,random_forest_optional,0.375,0.4872026732316539,0.1122026732316539,"{""model__max_depth"": null, ""model__max_features"": 0.7, ""model__min_samples_leaf"": 3, ""model__n_estimators"": 300}"
65,0,arousal,random_forest_optional,0.5875,0.4967753563634088,0.0907246436365911,"{""model__max_depth"": null, ""model__max_features"": 0.7, ""model__min_samples_leaf"": 3, ""model__n_estimators"": 300}"
69,0,arousal,random_forest_optional,0.7125,0.7199413236805297,0.0074413236805296,"{""model__max_depth"": null, ""model__max_features"": 0.7, ""model__min_samples_leaf"": 3, ""model__n_estimators"": 300}"
70,0,arousal,random_forest_optional,0.575,0.6164227010363363,0.0414227010363363,"{""model__max_depth"": null, ""model__max_features"": 0.7, ""model__min_samples_leaf"": 3, ""model__n_estimators"": 300}"
75,0,arousal,random_forest_optional,0.9625,0.8400940990722269,0.1224059009277731,"{""model__max_depth"": null, ""model__max_features"": 0.7, ""model__min_samples_leaf"": 3, ""model__n_estimators"": 300}"
87,0,arousal,random_forest_optional,0.6625,0.7481940975691023,0.0856940975691022,"{""model__max_depth"": null, ""model__max_features"": 0.7, ""model__min_samples_leaf"": 3, ""model__n_estimators"": 300}"
90,0,arousal,random_forest_optional,0.65,0.7125991847588418,0.0625991847588417,"{""model__max_depth"": null, ""model__max_features"": 0.7, ""model__min_samples_leaf"": 3, ""model__n_estimators"": 300}"
92,0,arousal,random_forest_optional,0.65,0.7125991847588418,0.0625991847588417,"{""model__max_depth"": null, ""model__max_features"": 0.7, ""model__min_samples_leaf"": 3, ""model__n_estimators"": 300}"
100,0,arousal,random_forest_optional,0.175,0.3480055011029285,0.1730055011029285,"{""model__max_depth"": null, ""model__max_features"": 0.7, ""model__min_samples_leaf"": 3, ""model__n_estimators"": 300}"
113,0,arousal,random_forest_optional,0.75,0.7383225767866418,0.0116774232133581,"{""model__max_depth"": null, ""model__max_features"": 0.7, ""model__min_samples_leaf"": 3, ""model__n_estimators"": 300}"
124,0,arousal,random_forest_optional,0.9,0.8196051404613884,0.0803948595386115,"{""model__max_depth"": null, ""model__max_features"": 0.7, ""model__min_samples_leaf"": 3, ""model__n_estimators"": 300}"
126,0,arousal,random_forest_optional,0.7,0.5859503742784995,0.1140496257215004,"{""model__max_depth"": null, ""model__max_features"": 0.7, ""model__min_samples_leaf"": 3, ""model__n_estimators"": 300}"
128,0,arousal,random_forest_optional,0.5125,0.4315173601966245,0.0809826398033754,"{""model__max_depth"": null, ""model__max_features"": 0.7, ""model__min_samples_leaf"": 3, ""model__n_estimators"": 300}"
136,0,arousal,random_forest_optional,0.625,0.4827649239964621,0.1422350760035379,"{""model__max_depth"": null, ""model__max_features"": 0.7, ""model__min_samples_leaf"": 3, ""model__n_estimators"": 300}"
141,0,arousal,random_forest_optional,0.5375,0.5971776302506462,0.0596776302506462,"{""model__max_depth"": null, ""model__max_features"": 0.7, ""model__min_samples_leaf"": 3, ""model__n_estimators"": 300}"
142,0,arousal,random_forest_optional,0.6,0.556408198167577,0.0435918018324229,"{""model__max_depth"": null, ""model__max_features"": 0.7, ""model__min_samples_leaf"": 3, ""model__n_estimators"": 300}"
166,0,arousal,random_forest_optional,0.625,0.6341801737614227,0.0091801737614226,"{""model__max_depth"": null, ""model__max_features"": 0.7, ""model__min_samples_leaf"": 3, ""model__n_estimators"": 300}"
174,0,arousal,random_forest_optional,0.477272727273,0.5897427684583956,0.1124700411853955,"{""model__max_depth"": null, ""model__max_features"": 0.7, ""model__min_samples_leaf"": 3, ""model__n_estimators"": 300}"
176,0,arousal,random_forest_optional,0.7125,0.6635409395003155,0.0489590604996845,"{""model__max_depth"": null, ""model__max_features"": 0.7, ""model__min_samples_leaf"": 3, ""model__n_estimators"": 300}"
181,0,arousal,random_forest_optional,0.4875,0.4680325156325255,0.0194674843674744,"{""model__max_depth"": null, ""model__max_features"": 0.7, ""model__min_samples_leaf"": 3, ""model__n_estimators"": 300}"
184,0,arousal,random_forest_optional,0.825,0.7818223926536435,0.0431776073463564,"{""model__max_depth"": null, ""model__max_features"": 0.7, ""model__min_samples_leaf"": 3, ""model__n_estimators"": 300}"
187,0,arousal,random_forest_optional,0.7,0.5615374203343029,0.138462579665697,"{""model__max_depth"": null, ""model__max_features"": 0.7, ""model__min_samples_leaf"": 3, ""model__n_estimators"": 300}"
199,0,arousal,random_forest_optional,0.7875,0.72581216410904,0.0616878358909599,"{""model__max_depth"": null, ""model__max_features"": 0.7, ""model__min_samples_leaf"": 3, ""model__n_estimators"": 300}"
200,0,arousal,random_forest_optional,0.7,0.5722799512987046,0.1277200487012953,"{""model__max_depth"": null, ""model__max_features"": 0.7, ""model__min_samples_leaf"": 3, ""model__n_estimators"": 300}"
202,0,arousal,random_forest_optional,0.85,0.7299763588263609,0.120023641173639,"{""model__max_depth"": null, ""model__max_features"": 0.7, ""model__min_samples_leaf"": 3, ""model__n_estimators"": 300}"
210,0,arousal,random_forest_optional,0.8125,0.8211094696969765,0.0086094696969765,"{""model__max_depth"": null, ""model__max_features"": 0.7, ""model__min_samples_leaf"": 3, ""model__n_estimators"": 300}"
217,0,arousal,random_forest_optional,0.6125,0.6598484902197939,0.0473484902197938,"{""model__max_depth"": null, ""model__max_features"": 0.7, ""model__min_samples_leaf"": 3, ""model__n_estimators"": 300}"
219,0,arousal,random_forest_optional,0.8375,0.7132357472178498,0.1242642527821502,"{""model__max_depth"": null, ""model__max_features"": 0.7, ""model__min_samples_leaf"": 3, ""model__n_estimators"": 300}"
231,0,arousal,random_forest_optional,0.5375,0.5272840507346203,0.0102159492653797,"{""model__max_depth"": null, ""model__max_features"": 0.7, ""model__min_samples_leaf"": 3, ""model__n_estimators"": 300}"
234,0,arousal,random_forest_optional,0.3875,0.496792364390663,0.1092923643906629,"{""model__max_depth"": null, ""model__max_features"": 0.7, ""model__min_samples_leaf"": 3, ""model__n_estimators"": 300}"
239,0,arousal,random_forest_optional,0.625,0.5915419297558562,0.0334580702441438,"{""model__max_depth"": null, ""model__max_features"": 0.7, ""model__min_samples_leaf"": 3, ""model__n_estimators"": 300}"
242,0,arousal,random_forest_optional,0.625,0.5309224562054073,0.0940775437945926,"{""model__max_depth"": null, ""model__max_features"": 0.7, ""model__min_samples_leaf"": 3, ""model__n_estimators"": 300}"
251,0,arousal,random_forest_optional,0.431818181818,0.6031180256086532,0.1712998437906532,"{""model__max_depth"": null, ""model__max_features"": 0.7, ""model__min_samples_leaf"": 3, ""model__n_estimators"": 300}"
253,0,arousal,random_forest_optional,0.6125,0.5275071954350349,0.0849928045649651,"{""model__max_depth"": null, ""model__max_features"": 0.7, ""model__min_samples_leaf"": 3, ""model__n_estimators"": 300}"
263,0,arousal,random_forest_optional,0.4125,0.3937945978789755,0.0187054021210244,"{""model__max_depth"": null, ""model__max_features"": 0.7, ""model__min_samples_leaf"": 3, ""model__n_estimators"": 300}"
267,0,arousal,random_forest_optional,0.275,0.4581417348014019,0.1831417348014019,"{""model__max_depth"": null, ""model__max_features"": 0.7, ""model__min_samples_leaf"": 3, ""model__n_estimators"": 300}"
269,0,arousal,random_forest_optional,0.5875,0.4376282180151538,0.1498717819848462,"{""model__max_depth"": null, ""model__max_features"": 0.7, ""model__min_samples_leaf"": 3, ""model__n_estimators"": 300}"
273,0,arousal,random_forest_optional,0.3375,0.340977958506636,0.0034779585066359,"{""model__max_depth"": null, ""model__max_features"": 0.7, ""model__min_samples_leaf"": 3, ""model__n_estimators"": 300}"
280,0,arousal,random_forest_optional,0.325,0.3533861516955261,0.0283861516955261,"{""model__max_depth"": null, ""model__max_features"": 0.7, ""model__min_samples_leaf"": 3, ""model__n_estimators"": 300}"
292,0,arousal,random_forest_optional,0.95,0.7974871587902848,0.1525128412097152,"{""model__max_depth"": null, ""model__max_features"": 0.7, ""model__min_samples_leaf"": 3, ""model__n_estimators"": 300}"
296,0,arousal,random_forest_optional,0.8125,0.7358342815170987,0.0766657184829012,"{""model__max_depth"": null, ""model__max_features"": 0.7, ""model__min_samples_leaf"": 3, ""model__n_estimators"": 300}"
306,0,arousal,random_forest_optional,0.775,0.839961683224187,0.0649616832241869,"{""model__max_depth"": null, ""model__max_features"": 0.7, ""model__min_samples_leaf"": 3, ""model__n_estimators"": 300}"
307,0,arousal,random_forest_optional,0.9,0.7020308983840248,0.1979691016159752,"{""model__max_depth"": null, ""model__max_features"": 0.7, ""model__min_samples_leaf"": 3, ""model__n_estimators"": 300}"
310,0,arousal,random_forest_optional,0.4,0.4015829426428695,0.0015829426428695,"{""model__max_depth"": null, ""model__max_features"": 0.7, ""model__min_samples_leaf"": 3, ""model__n_estimators"": 300}"
312,0,arousal,random_forest_optional,0.8375,0.8377988906926443,0.0002988906926443,"{""model__max_depth"": null, ""model__max_features"": 0.7, ""model__min_samples_leaf"": 3, ""model__n_estimators"": 300}"
318,0,arousal,random_forest_optional,0.725,0.7803511288480081,0.055351128848008,"{""model__max_depth"": null, ""model__max_features"": 0.7, ""model__min_samples_leaf"": 3, ""model__n_estimators"": 300}"
323,0,arousal,random_forest_optional,0.8625,0.7586825995132856,0.1038174004867144,"{""model__max_depth"": null, ""model__max_features"": 0.7, ""model__min_samples_leaf"": 3, ""model__n_estimators"": 300}"
329,0,arousal,random_forest_optional,0.9375,0.8802377630471397,0.0572622369528602,"{""model__max_depth"": null, ""model__max_features"": 0.7, ""model__min_samples_leaf"": 3, ""model__n_estimators"": 300}"
332,0,arousal,random_forest_optional,0.7625,0.704712694365817,0.0577873056341829,"{""model__max_depth"": null, ""model__max_features"": 0.7, ""model__min_samples_leaf"": 3, ""model__n_estimators"": 300}"
338,0,arousal,random_forest_optional,0.825,0.8343929748492289,0.0093929748492289,"{""model__max_depth"": null, ""model__max_features"": 0.7, ""model__min_samples_leaf"": 3, ""model__n_estimators"": 300}"
341,0,arousal,random_forest_optional,0.85,0.7351059622196012,0.1148940377803987,"{""model__max_depth"": null, ""model__max_features"": 0.7, ""model__min_samples_leaf"": 3, ""model__n_estimators"": 300}"
347,0,arousal,random_forest_optional,0.1875,0.355878730759987,0.168378730759987,"{""model__max_depth"": null, ""model__max_features"": 0.7, ""model__min_samples_leaf"": 3, ""model__n_estimators"": 300}"
353,0,arousal,random_forest_optional,0.525,0.5712564371024562,0.0462564371024561,"{""model__max_depth"": null, ""model__max_features"": 0.7, ""model__min_samples_leaf"": 3, ""model__n_estimators"": 300}"
375,0,arousal,random_forest_optional,0.7375,0.723813894438896,0.013686105561104,"{""model__max_depth"": null, ""model__max_features"": 0.7, ""model__min_samples_leaf"": 3, ""model__n_estimators"": 300}"
376,0,arousal,random_forest_optional,0.6,0.5122825743700833,0.0877174256299166,"{""model__max_depth"": null, ""model__max_features"": 0.7, ""model__min_samples_leaf"": 3, ""model__n_estimators"": 300}"
399,0,arousal,random_forest_optional,0.6125,0.6099465850647712,0.0025534149352288,"{""model__max_depth"": null, ""model__max_features"": 0.7, ""model__min_samples_leaf"": 3, ""model__n_estimators"": 300}"
411,0,arousal,random_forest_optional,0.175,0.3038224781006025,0.1288224781006025,"{""model__max_depth"": null, ""model__max_features"": 0.7, ""model__min_samples_leaf"": 3, ""model__n_estimators"": 300}"
418,0,arousal,random_forest_optional,0.425,0.4038236247548723,0.0211763752451276,"{""model__max_depth"": null, ""model__max_features"": 0.7, ""model__min_samples_leaf"": 3, ""model__n_estimators"": 300}"
420,0,arousal,random_forest_optional,0.775,0.663356041065422,0.111643958934578,"{""model__max_depth"": null, ""model__max_features"": 0.7, ""model__min_samples_leaf"": 3, ""model__n_estimators"": 300}"
432,0,arousal,random_forest_optional,0.375,0.3299702369389862,0.0450297630610137,"{""model__max_depth"": null, ""model__max_features"": 0.7, ""model__min_samples_leaf"": 3, ""model__n_estimators"": 300}"
434,0,arousal,random_forest_optional,0.5125,0.5260090957127941,0.0135090957127941,"{""model__max_depth"": null, ""model__max_features"": 0.7, ""model__min_samples_leaf"": 3, ""model__n_estimators"": 300}"
455,0,arousal,random_forest_optional,0.875,0.6941807870370404,0.1808192129629595,"{""model__max_depth"": null, ""model__max_features"": 0.7, ""model__min_samples_leaf"": 3, ""model__n_estimators"": 300}"
466,0,arousal,random_forest_optional,0.65,0.5292381579069075,0.1207618420930924,"{""model__max_depth"": null, ""model__max_features"": 0.7, ""model__min_samples_leaf"": 3, ""model__n_estimators"": 300}"
478,0,arousal,random_forest_optional,0.65,0.6406542084073312,0.0093457915926687,"{""model__max_depth"": null, ""model__max_features"": 0.7, ""model__min_samples_leaf"": 3, ""model__n_estimators"": 300}"
484,0,arousal,random_forest_optional,0.675,0.5430538944220799,0.1319461055779202,"{""model__max_depth"": null, ""model__max_features"": 0.7, ""model__min_samples_leaf"": 3, ""model__n_estimators"": 300}"
486,0,arousal,random_forest_optional,0.375,0.4438011127445809,0.0688011127445809,"{""model__max_depth"": null, ""model__max_features"": 0.7, ""model__min_samples_leaf"": 3, ""model__n_estimators"": 300}"
489,0,arousal,random_forest_optional,0.909090909091,0.8304491203241247,0.0786417887668753,"{""model__max_depth"": null, ""model__max_features"": 0.7, ""model__min_samples_leaf"": 3, ""model__n_estimators"": 300}"
491,0,arousal,random_forest_optional,0.575,0.4122257671411094,0.1627742328588905,"{""model__max_depth"": null, ""model__max_features"": 0.7, ""model__min_samples_leaf"": 3, ""model__n_estimators"": 300}"
492,0,arousal,random_forest_optional,0.9,0.8020683884402687,0.0979316115597312,"{""model__max_depth"": null, ""model__max_features"": 0.7, ""model__min_samples_leaf"": 3, ""model__n_estimators"": 300}"
493,0,arousal,random_forest_optional,0.7375,0.8285848244348331,0.091084824434833,"{""model__max_depth"": null, ""model__max_features"": 0.7, ""model__min_samples_leaf"": 3, ""model__n_estimators"": 300}"
499,0,arousal,random_forest_optional,0.8625,0.730932070023835,0.131567929976165,"{""model__max_depth"": null, ""model__max_features"": 0.7, ""model__min_samples_leaf"": 3, ""model__n_estimators"": 300}"
515,0,arousal,random_forest_optional,0.6125,0.6718345859002115,0.0593345859002114,"{""model__max_depth"": null, ""model__max_features"": 0.7, ""model__min_samples_leaf"": 3, ""model__n_estimators"": 300}"
517,0,arousal,random_forest_optional,0.2625,0.4085438262037552,0.1460438262037551,"{""model__max_depth"": null, ""model__max_features"": 0.7, ""model__min_samples_leaf"": 3, ""model__n_estimators"": 300}"
519,0,arousal,random_forest_optional,0.35,0.4078108362770081,0.0578108362770081,"{""model__max_depth"": null, ""model__max_features"": 0.7, ""model__min_samples_leaf"": 3, ""model__n_estimators"": 300}"
522,0,arousal,random_forest_optional,0.5375,0.4915351584127159,0.045964841587284,"{""model__max_depth"": null, ""model__max_features"": 0.7, ""model__min_samples_leaf"": 3, ""model__n_estimators"": 300}"
530,0,arousal,random_forest_optional,0.295454545455,0.4537463674125436,0.1582918219575436,"{""model__max_depth"": null, ""model__max_features"": 0.7, ""model__min_samples_leaf"": 3, ""model__n_estimators"": 300}"
542,0,arousal,random_forest_optional,0.7125,0.5156584750371813,0.1968415249628187,"{""model__max_depth"": null, ""model__max_features"": 0.7, ""model__min_samples_leaf"": 3, ""model__n_estimators"": 300}"
544,0,arousal,random_forest_optional,0.45,0.413485562785283,0.0365144372147169,"{""model__max_depth"": null, ""model__max_features"": 0.7, ""model__min_samples_leaf"": 3, ""model__n_estimators"": 300}"
548,0,arousal,random_forest_optional,0.45,0.4526712119320102,0.0026712119320102,"{""model__max_depth"": null, ""model__max_features"": 0.7, ""model__min_samples_leaf"": 3, ""model__n_estimators"": 300}"
550,0,arousal,random_forest_optional,0.4375,0.5262761932511938,0.0887761932511937,"{""model__max_depth"": null, ""model__max_features"": 0.7, ""model__min_samples_leaf"": 3, ""model__n_estimators"": 300}"
555,0,arousal,random_forest_optional,0.7625,0.726450525342711,0.0360494746572889,"{""model__max_depth"": null, ""model__max_features"": 0.7, ""model__min_samples_leaf"": 3, ""model__n_estimators"": 300}"
560,0,arousal,random_forest_optional,0.6625,0.7226943722943698,0.0601943722943698,"{""model__max_depth"": null, ""model__max_features"": 0.7, ""model__min_samples_leaf"": 3, ""model__n_estimators"": 300}"
569,0,arousal,random_forest_optional,0.7,0.748373157166908,0.048373157166908,"{""model__max_depth"": null, ""model__max_features"": 0.7, ""model__min_samples_leaf"": 3, ""model__n_estimators"": 300}"
571,0,arousal,random_forest_optional,0.6625,0.6572035542109405,0.0052964457890595,"{""model__max_depth"": null, ""model__max_features"": 0.7, ""model__min_samples_leaf"": 3, ""model__n_estimators"": 300}"
578,0,arousal,random_forest_optional,0.4625,0.4297273844211369,0.032772615578863,"{""model__max_depth"": null, ""model__max_features"": 0.7, ""model__min_samples_leaf"": 3, ""model__n_estimators"": 300}"
599,0,arousal,random_forest_optional,0.55,0.7328588361869631,0.182858836186963,"{""model__max_depth"": null, ""model__max_features"": 0.7, ""model__min_samples_leaf"": 3, ""model__n_estimators"": 300}"
601,0,arousal,random_forest_optional,0.6875,0.6306930199535277,0.0568069800464723,"{""model__max_depth"": null, ""model__max_features"": 0.7, ""model__min_samples_leaf"": 3, ""model__n_estimators"": 300}"
629,0,arousal,random_forest_optional,0.7125,0.5499221627804068,0.1625778372195931,"{""model__max_depth"": null, ""model__max_features"": 0.7, ""model__min_samples_leaf"": 3, ""model__n_estimators"": 300}"
632,0,arousal,random_forest_optional,0.8625,0.8127154021904095,0.0497845978095905,"{""model__max_depth"": null, ""model__max_features"": 0.7, ""model__min_samples_leaf"": 3, ""model__n_estimators"": 300}"
638,0,arousal,random_forest_optional,0.775,0.7749442440661213,5.575593387874278e-05,"{""model__max_depth"": null, ""model__max_features"": 0.7, ""model__min_samples_leaf"": 3, ""model__n_estimators"": 300}"
646,0,arousal,random_forest_optional,0.8625,0.7178978502663145,0.1446021497336855,"{""model__max_depth"": null, ""model__max_features"": 0.7, ""model__min_samples_leaf"": 3, ""model__n_estimators"": 300}"
649,0,arousal,random_forest_optional,0.4375,0.6725147336459776,0.2350147336459775,"{""model__max_depth"": null, ""model__max_features"": 0.7, ""model__min_samples_leaf"": 3, ""model__n_estimators"": 300}"
662,0,arousal,random_forest_optional,0.675,0.5480509357540616,0.1269490642459384,"{""model__max_depth"": null, ""model__max_features"": 0.7, ""model__min_samples_leaf"": 3, ""model__n_estimators"": 300}"
675,0,arousal,random_forest_optional,0.3125,0.4726518112674398,0.1601518112674398,"{""model__max_depth"": null, ""model__max_features"": 0.7, ""model__min_samples_leaf"": 3, ""model__n_estimators"": 300}"
684,0,arousal,random_forest_optional,0.375,0.627410870663428,0.252410870663428,"{""model__max_depth"": null, ""model__max_features"": 0.7, ""model__min_samples_leaf"": 3, ""model__n_estimators"": 300}"
685,0,arousal,random_forest_optional,0.625,0.6969004389129426,0.0719004389129426,"{""model__max_depth"": null, ""model__max_features"": 0.7, ""model__min_samples_leaf"": 3, ""model__n_estimators"": 300}"
686,0,arousal,random_forest_optional,0.6,0.6390942289507607,0.0390942289507607,"{""model__max_depth"": null, ""model__max_features"": 0.7, ""model__min_samples_leaf"": 3, ""model__n_estimators"": 300}"
698,0,arousal,random_forest_optional,0.3625,0.443137545640393,0.080637545640393,"{""model__max_depth"": null, ""model__max_features"": 0.7, ""model__min_samples_leaf"": 3, ""model__n_estimators"": 300}"
699,0,arousal,random_forest_optional,0.7125,0.6641650789025814,0.0483349210974186,"{""model__max_depth"": null, ""model__max_features"": 0.7, ""model__min_samples_leaf"": 3, ""model__n_estimators"": 300}"
707,0,arousal,random_forest_optional,0.3125,0.5159389387653618,0.2034389387653618,"{""model__max_depth"": null, ""model__max_features"": 0.7, ""model__min_samples_leaf"": 3, ""model__n_estimators"": 300}"
719,0,arousal,random_forest_optional,0.525,0.6032788439569693,0.0782788439569692,"{""model__max_depth"": null, ""model__max_features"": 0.7, ""model__min_samples_leaf"": 3, ""model__n_estimators"": 300}"
720,0,arousal,random_forest_optional,0.7375,0.6622318473403742,0.0752681526596258,"{""model__max_depth"": null, ""model__max_features"": 0.7, ""model__min_samples_leaf"": 3, ""model__n_estimators"": 300}"
729,0,arousal,random_forest_optional,0.525,0.4707216179653712,0.0542783820346288,"{""model__max_depth"": null, ""model__max_features"": 0.7, ""model__min_samples_leaf"": 3, ""model__n_estimators"": 300}"
742,0,arousal,random_forest_optional,0.725,0.6038874836022562,0.1211125163977437,"{""model__max_depth"": null, ""model__max_features"": 0.7, ""model__min_samples_leaf"": 3, ""model__n_estimators"": 300}"
743,0,arousal,random_forest_optional,0.85,0.7762038930976483,0.0737961069023517,"{""model__max_depth"": null, ""model__max_features"": 0.7, ""model__min_samples_leaf"": 3, ""model__n_estimators"": 300}"
746,0,arousal,random_forest_optional,0.6625,0.6474358827725323,0.0150641172274677,"{""model__max_depth"": null, ""model__max_features"": 0.7, ""model__min_samples_leaf"": 3, ""model__n_estimators"": 300}"
749,0,arousal,random_forest_optional,0.525,0.5027542505684541,0.0222457494315458,"{""model__max_depth"": null, ""model__max_features"": 0.7, ""model__min_samples_leaf"": 3, ""model__n_estimators"": 300}"
769,0,arousal,random_forest_optional,0.525,0.5635019919894939,0.0385019919894938,"{""model__max_depth"": null, ""model__max_features"": 0.7, ""model__min_samples_leaf"": 3, ""model__n_estimators"": 300}"
772,0,arousal,random_forest_optional,0.8375,0.7318126752876778,0.1056873247123222,"{""model__max_depth"": null, ""model__max_features"": 0.7, ""model__min_samples_leaf"": 3, ""model__n_estimators"": 300}"
776,0,arousal,random_forest_optional,0.6375,0.6544070471195439,0.0169070471195439,"{""model__max_depth"": null, ""model__max_features"": 0.7, ""model__min_samples_leaf"": 3, ""model__n_estimators"": 300}"
780,0,arousal,random_forest_optional,0.5125,0.5190106030543549,0.0065106030543549,"{""model__max_depth"": null, ""model__max_features"": 0.7, ""model__min_samples_leaf"": 3, ""model__n_estimators"": 300}"
784,0,arousal,random_forest_optional,0.45,0.3790731054824767,0.0709268945175232,"{""model__max_depth"": null, ""model__max_features"": 0.7, ""model__min_samples_leaf"": 3, ""model__n_estimators"": 300}"
788,0,arousal,random_forest_optional,0.6125,0.6798827984935957,0.0673827984935956,"{""model__max_depth"": null, ""model__max_features"": 0.7, ""model__min_samples_leaf"": 3, ""model__n_estimators"": 300}"
789,0,arousal,random_forest_optional,0.35,0.2414648238335751,0.1085351761664248,"{""model__max_depth"": null, ""model__max_features"": 0.7, ""model__min_samples_leaf"": 3, ""model__n_estimators"": 300}"
791,0,arousal,random_forest_optional,0.7875,0.844889515692645,0.057389515692645,"{""model__max_depth"": null, ""model__max_features"": 0.7, ""model__min_samples_leaf"": 3, ""model__n_estimators"": 300}"
809,0,arousal,random_forest_optional,0.1875,0.3541814037814028,0.1666814037814028,"{""model__max_depth"": null, ""model__max_features"": 0.7, ""model__min_samples_leaf"": 3, ""model__n_estimators"": 300}"
810,0,arousal,random_forest_optional,0.4125,0.3498392760648454,0.0626607239351545,"{""model__max_depth"": null, ""model__max_features"": 0.7, ""model__min_samples_leaf"": 3, ""model__n_estimators"": 300}"
812,0,arousal,random_forest_optional,0.8,0.7729537638287654,0.0270462361712346,"{""model__max_depth"": null, ""model__max_features"": 0.7, ""model__min_samples_leaf"": 3, ""model__n_estimators"": 300}"
820,0,arousal,random_forest_optional,0.6625,0.6309833110597284,0.0315166889402716,"{""model__max_depth"": null, ""model__max_features"": 0.7, ""model__min_samples_leaf"": 3, ""model__n_estimators"": 300}"
821,0,arousal,random_forest_optional,0.7875,0.7813633547008572,0.0061366452991428,"{""model__max_depth"": null, ""model__max_features"": 0.7, ""model__min_samples_leaf"": 3, ""model__n_estimators"": 300}"
835,0,arousal,random_forest_optional,0.6625,0.78231163558664,0.1198116355866399,"{""model__max_depth"": null, ""model__max_features"": 0.7, ""model__min_samples_leaf"": 3, ""model__n_estimators"": 300}"
842,0,arousal,random_forest_optional,0.6,0.589428311703027,0.0105716882969729,"{""model__max_depth"": null, ""model__max_features"": 0.7, ""model__min_samples_leaf"": 3, ""model__n_estimators"": 300}"
854,0,arousal,random_forest_optional,0.8375,0.8308009770322307,0.0066990229677693,"{""model__max_depth"": null, ""model__max_features"": 0.7, ""model__min_samples_leaf"": 3, ""model__n_estimators"": 300}"
858,0,arousal,random_forest_optional,0.625,0.663136330567579,0.038136330567579,"{""model__max_depth"": null, ""model__max_features"": 0.7, ""model__min_samples_leaf"": 3, ""model__n_estimators"": 300}"
865,0,arousal,random_forest_optional,0.8875,0.8396535699254545,0.0478464300745454,"{""model__max_depth"": null, ""model__max_features"": 0.7, ""model__min_samples_leaf"": 3, ""model__n_estimators"": 300}"
870,0,arousal,random_forest_optional,0.65,0.6262521088864828,0.0237478911135172,"{""model__max_depth"": null, ""model__max_features"": 0.7, ""model__min_samples_leaf"": 3, ""model__n_estimators"": 300}"
876,0,arousal,random_forest_optional,0.775,0.7909639613858448,0.0159639613858447,"{""model__max_depth"": null, ""model__max_features"": 0.7, ""model__min_samples_leaf"": 3, ""model__n_estimators"": 300}"
883,0,arousal,random_forest_optional,0.8625,0.8604076208513733,0.0020923791486266,"{""model__max_depth"": null, ""model__max_features"": 0.7, ""model__min_samples_leaf"": 3, ""model__n_estimators"": 300}"
890,0,arousal,random_forest_optional,0.7875,0.7271222345941097,0.0603777654058902,"{""model__max_depth"": null, ""model__max_features"": 0.7, ""model__min_samples_leaf"": 3, ""model__n_estimators"": 300}"
895,0,arousal,random_forest_optional,0.6375,0.6245683012589287,0.0129316987410712,"{""model__max_depth"": null, ""model__max_features"": 0.7, ""model__min_samples_leaf"": 3, ""model__n_estimators"": 300}"
903,0,arousal,random_forest_optional,0.7625,0.7684329380110702,0.0059329380110701,"{""model__max_depth"": null, ""model__max_features"": 0.7, ""model__min_samples_leaf"": 3, ""model__n_estimators"": 300}"
906,0,arousal,random_forest_optional,0.325,0.374479793239172,0.049479793239172,"{""model__max_depth"": null, ""model__max_features"": 0.7, ""model__min_samples_leaf"": 3, ""model__n_estimators"": 300}"
917,0,arousal,random_forest_optional,0.7375,0.7786144540224127,0.0411144540224126,"{""model__max_depth"": null, ""model__max_features"": 0.7, ""model__min_samples_leaf"": 3, ""model__n_estimators"": 300}"
924,0,arousal,random_forest_optional,0.6125,0.6092496463448153,0.0032503536551847,"{""model__max_depth"": null, ""model__max_features"": 0.7, ""model__min_samples_leaf"": 3, ""model__n_estimators"": 300}"
938,0,arousal,random_forest_optional,0.725,0.8140350938413523,0.0890350938413523,"{""model__max_depth"": null, ""model__max_features"": 0.7, ""model__min_samples_leaf"": 3, ""model__n_estimators"": 300}"
939,0,arousal,random_forest_optional,0.725,0.7864599801818616,0.0614599801818616,"{""model__max_depth"": null, ""model__max_features"": 0.7, ""model__min_samples_leaf"": 3, ""model__n_estimators"": 300}"
940,0,arousal,random_forest_optional,0.625,0.4551964841871128,0.1698035158128871,"{""model__max_depth"": null, ""model__max_features"": 0.7, ""model__min_samples_leaf"": 3, ""model__n_estimators"": 300}"
946,0,arousal,random_forest_optional,0.425,0.5560911829016949,0.1310911829016949,"{""model__max_depth"": null, ""model__max_features"": 0.7, ""model__min_samples_leaf"": 3, ""model__n_estimators"": 300}"
952,0,arousal,random_forest_optional,0.525,0.5763869545017324,0.0513869545017323,"{""model__max_depth"": null, ""model__max_features"": 0.7, ""model__min_samples_leaf"": 3, ""model__n_estimators"": 300}"
965,0,arousal,random_forest_optional,0.5,0.516156390925998,0.0161563909259979,"{""model__max_depth"": null, ""model__max_features"": 0.7, ""model__min_samples_leaf"": 3, ""model__n_estimators"": 300}"
978,0,arousal,random_forest_optional,0.6875,0.7026195518706917,0.0151195518706916,"{""model__max_depth"": null, ""model__max_features"": 0.7, ""model__min_samples_leaf"": 3, ""model__n_estimators"": 300}"
996,0,arousal,random_forest_optional,0.875,0.8471374050192265,0.0278625949807734,"{""model__max_depth"": null, ""model__max_features"": 0.7, ""model__min_samples_leaf"": 3, ""model__n_estimators"": 300}"
1000,0,arousal,random_forest_optional,0.6625,0.806403090774971,0.143903090774971,"{""model__max_depth"": null, ""model__max_features"": 0.7, ""model__min_samples_leaf"": 3, ""model__n_estimators"": 300}"
1,1,arousal,random_forest_optional,0.4,0.5463556373816836,0.1463556373816835,"{""model__max_depth"": null, ""model__max_features"": 0.7, ""model__min_samples_leaf"": 5, ""model__n_estimators"": 600}"
4,1,arousal,random_forest_optional,0.2625,0.3936251368880016,0.1311251368880016,"{""model__max_depth"": null, ""model__max_features"": 0.7, ""model__min_samples_leaf"": 5, ""model__n_estimators"": 600}"
8,1,arousal,random_forest_optional,0.3875,0.5985194726094616,0.2110194726094615,"{""model__max_depth"": null, ""model__max_features"": 0.7, ""model__min_samples_leaf"": 5, ""model__n_estimators"": 600}"
28,1,arousal,random_forest_optional,0.4875,0.6153471892883516,0.1278471892883516,"{""model__max_depth"": null, ""model__max_features"": 0.7, ""model__min_samples_leaf"": 5, ""model__n_estimators"": 600}"
39,1,arousal,random_forest_optional,0.875,0.8030371746877402,0.0719628253122598,"{""model__max_depth"": null, ""model__max_features"": 0.7, ""model__min_samples_leaf"": 5, ""model__n_estimators"": 600}"
46,1,arousal,random_forest_optional,0.8375,0.7299799274105021,0.1075200725894979,"{""model__max_depth"": null, ""model__max_features"": 0.7, ""model__min_samples_leaf"": 5, ""model__n_estimators"": 600}"
52,1,arousal,random_forest_optional,0.5875,0.5941068685976607,0.0066068685976606,"{""model__max_depth"": null, ""model__max_features"": 0.7, ""model__min_samples_leaf"": 5, ""model__n_estimators"": 600}"
55,1,arousal,random_forest_optional,0.625,0.4665451259861313,0.1584548740138687,"{""model__max_depth"": null, ""model__max_features"": 0.7, ""model__min_samples_leaf"": 5, ""model__n_estimators"": 600}"
61,1,arousal,random_forest_optional,0.375,0.4669121619175179,0.0919121619175178,"{""model__max_depth"": null, ""model__max_features"": 0.7, ""model__min_samples_leaf"": 5, ""model__n_estimators"": 600}"
66,1,arousal,random_forest_optional,0.8625,0.8124419416220963,0.0500580583779037,"{""model__max_depth"": null, ""model__max_features"": 0.7, ""model__min_samples_leaf"": 5, ""model__n_estimators"": 600}"
67,1,arousal,random_forest_optional,0.8,0.7011525885164126,0.0988474114835874,"{""model__max_depth"": null, ""model__max_features"": 0.7, ""model__min_samples_leaf"": 5, ""model__n_estimators"": 600}"
72,1,arousal,random_forest_optional,0.75,0.7097672945140093,0.0402327054859906,"{""model__max_depth"": null, ""model__max_features"": 0.7, ""model__min_samples_leaf"": 5, ""model__n_estimators"": 600}"
73,1,arousal,random_forest_optional,0.5375,0.6560128668225245,0.1185128668225244,"{""model__max_depth"": null, ""model__max_features"": 0.7, ""model__min_samples_leaf"": 5, ""model__n_estimators"": 600}"
74,1,arousal,random_forest_optional,0.8875,0.8430301442240051,0.0444698557759948,"{""model__max_depth"": null, ""model__max_features"": 0.7, ""model__min_samples_leaf"": 5, ""model__n_estimators"": 600}"
88,1,arousal,random_forest_optional,0.625,0.5708551100938765,0.0541448899061235,"{""model__max_depth"": null, ""model__max_features"": 0.7, ""model__min_samples_leaf"": 5, ""model__n_estimators"": 600}"
94,1,arousal,random_forest_optional,0.7625,0.5924166873606027,0.1700833126393972,"{""model__max_depth"": null, ""model__max_features"": 0.7, ""model__min_samples_leaf"": 5, ""model__n_estimators"": 600}"
102,1,arousal,random_forest_optional,0.7375,0.5674098527350986,0.1700901472649014,"{""model__max_depth"": null, ""model__max_features"": 0.7, ""model__min_samples_leaf"": 5, ""model__n_estimators"": 600}"
104,1,arousal,random_forest_optional,0.8375,0.7907354457713127,0.0467645542286873,"{""model__max_depth"": null, ""model__max_features"": 0.7, ""model__min_samples_leaf"": 5, ""model__n_estimators"": 600}"
108,1,arousal,random_forest_optional,0.8625,0.8294485078022987,0.0330514921977013,"{""model__max_depth"": null, ""model__max_features"": 0.7, ""model__min_samples_leaf"": 5, ""model__n_estimators"": 600}"
139,1,arousal,random_forest_optional,0.7125,0.6598589973095611,0.0526410026904389,"{""model__max_depth"": null, ""model__max_features"": 0.7, ""model__min_samples_leaf"": 5, ""model__n_estimators"": 600}"
143,1,arousal,random_forest_optional,0.5625,0.6480643654463052,0.0855643654463051,"{""model__max_depth"": null, ""model__max_features"": 0.7, ""model__min_samples_leaf"": 5, ""model__n_estimators"": 600}"
146,1,arousal,random_forest_optional,0.6625,0.7527811398428832,0.0902811398428832,"{""model__max_depth"": null, ""model__max_features"": 0.7, ""model__min_samples_leaf"": 5, ""model__n_estimators"": 600}"
149,1,arousal,random_forest_optional,0.3875,0.4014694590163175,0.0139694590163175,"{""model__max_depth"": null, ""model__max_features"": 0.7, ""model__min_samples_leaf"": 5, ""model__n_estimators"": 600}"
152,1,arousal,random_forest_optional,0.825,0.7909027482081932,0.0340972517918067,"{""model__max_depth"": null, ""model__max_features"": 0.7, ""model__min_samples_leaf"": 5, ""model__n_estimators"": 600}"
156,1,arousal,random_forest_optional,0.6625,0.5205058094175583,0.1419941905824416,"{""model__max_depth"": null, ""model__max_features"": 0.7, ""model__min_samples_leaf"": 5, ""model__n_estimators"": 600}"
160,1,arousal,random_forest_optional,0.825,0.8286377196462555,0.0036377196462555,"{""model__max_depth"": null, ""model__max_features"": 0.7, ""model__min_samples_leaf"": 5, ""model__n_estimators"": 600}"
165,1,arousal,random_forest_optional,0.7375,0.7443560629278416,0.0068560629278415,"{""model__max_depth"": null, ""model__max_features"": 0.7, ""model__min_samples_leaf"": 5, ""model__n_estimators"": 600}"
177,1,arousal,random_forest_optional,0.55,0.3971478692602233,0.1528521307397767,"{""model__max_depth"": null, ""model__max_features"": 0.7, ""model__min_samples_leaf"": 5, ""model__n_estimators"": 600}"
180,1,arousal,random_forest_optional,0.575,0.5235575404134925,0.0514424595865075,"{""model__max_depth"": null, ""model__max_features"": 0.7, ""model__min_samples_leaf"": 5, ""model__n_estimators"": 600}"
189,1,arousal,random_forest_optional,0.6875,0.4173203145406258,0.2701796854593742,"{""model__max_depth"": null, ""model__max_features"": 0.7, ""model__min_samples_leaf"": 5, ""model__n_estimators"": 600}"
191,1,arousal,random_forest_optional,0.7625,0.5439213972898305,0.2185786027101695,"{""model__max_depth"": null, ""model__max_features"": 0.7, ""model__min_samples_leaf"": 5, ""model__n_estimators"": 600}"
192,1,arousal,random_forest_optional,0.9375,0.7321054928743782,0.2053945071256218,"{""model__max_depth"": null, ""model__max_features"": 0.7, ""model__min_samples_leaf"": 5, ""model__n_estimators"": 600}"
204,1,arousal,random_forest_optional,0.7375,0.5119471071796592,0.2255528928203408,"{""model__max_depth"": null, ""model__max_features"": 0.7, ""model__min_samples_leaf"": 5, ""model__n_estimators"": 600}"
207,1,arousal,random_forest_optional,0.85,0.8492226583608817,0.0007773416391182,"{""model__max_depth"": null, ""model__max_features"": 0.7, ""model__min_samples_leaf"": 5, ""model__n_estimators"": 600}"
220,1,arousal,random_forest_optional,0.6875,0.7337378183533533,0.0462378183533532,"{""model__max_depth"": null, ""model__max_features"": 0.7, ""model__min_samples_leaf"": 5, ""model__n_estimators"": 600}"
222,1,arousal,random_forest_optional,0.6625,0.6576387833920442,0.0048612166079557,"{""model__max_depth"": null, ""model__max_features"": 0.7, ""model__min_samples_leaf"": 5, ""model__n_estimators"": 600}"
233,1,arousal,random_forest_optional,0.4,0.4841420108369081,0.084142010836908,"{""model__max_depth"": null, ""model__max_features"": 0.7, ""model__min_samples_leaf"": 5, ""model__n_estimators"": 600}"
257,1,arousal,random_forest_optional,0.4125,0.4734280860435552,0.0609280860435552,"{""model__max_depth"": null, ""model__max_features"": 0.7, ""model__min_samples_leaf"": 5, ""model__n_estimators"": 600}"
265,1,arousal,random_forest_optional,0.5125,0.4763873551673215,0.0361126448326784,"{""model__max_depth"": null, ""model__max_features"": 0.7, ""model__min_samples_leaf"": 5, ""model__n_estimators"": 600}"
279,1,arousal,random_forest_optional,0.3625,0.5430933810347818,0.1805933810347817,"{""model__max_depth"": null, ""model__max_features"": 0.7, ""model__min_samples_leaf"": 5, ""model__n_estimators"": 600}"
294,1,arousal,random_forest_optional,0.7,0.8067628083287963,0.1067628083287963,"{""model__max_depth"": null, ""model__max_features"": 0.7, ""model__min_samples_leaf"": 5, ""model__n_estimators"": 600}"
299,1,arousal,random_forest_optional,0.25,0.5761840996281371,0.3261840996281371,"{""model__max_depth"": null, ""model__max_features"": 0.7, ""model__min_samples_leaf"": 5, ""model__n_estimators"": 600}"
301,1,arousal,random_forest_optional,0.825,0.7140899459978481,0.1109100540021518,"{""model__max_depth"": null, ""model__max_features"": 0.7, ""model__min_samples_leaf"": 5, ""model__n_estimators"": 600}"
304,1,arousal,random_forest_optional,0.9,0.8148193948758432,0.0851806051241568,"{""model__max_depth"": null, ""model__max_features"": 0.7, ""model__min_samples_leaf"": 5, ""model__n_estimators"": 600}"
314,1,arousal,random_forest_optional,0.5625,0.6304864340825564,0.0679864340825564,"{""model__max_depth"": null, ""model__max_features"": 0.7, ""model__min_samples_leaf"": 5, ""model__n_estimators"": 600}"
317,1,arousal,random_forest_optional,0.925,0.8101291786802444,0.1148708213197556,"{""model__max_depth"": null, ""model__max_features"": 0.7, ""model__min_samples_leaf"": 5, ""model__n_estimators"": 600}"
324,1,arousal,random_forest_optional,0.8875,0.7960530865751372,0.0914469134248627,"{""model__max_depth"": null, ""model__max_features"": 0.7, ""model__min_samples_leaf"": 5, ""model__n_estimators"": 600}"
334,1,arousal,random_forest_optional,0.625,0.378674069657725,0.2463259303422749,"{""model__max_depth"": null, ""model__max_features"": 0.7, ""model__min_samples_leaf"": 5, ""model__n_estimators"": 600}"
362,1,arousal,random_forest_optional,0.4,0.3881947637879367,0.0118052362120633,"{""model__max_depth"": null, ""model__max_features"": 0.7, ""model__min_samples_leaf"": 5, ""model__n_estimators"": 600}"
368,1,arousal,random_forest_optional,0.6,0.493440838634625,0.1065591613653749,"{""model__max_depth"": null, ""model__max_features"": 0.7, ""model__min_samples_leaf"": 5, ""model__n_estimators"": 600}"
370,1,arousal,random_forest_optional,0.4,0.4594621905840942,0.0594621905840941,"{""model__max_depth"": null, ""model__max_features"": 0.7, ""model__min_samples_leaf"": 5, ""model__n_estimators"": 600}"
372,1,arousal,random_forest_optional,0.825,0.4823449065902246,0.3426550934097753,"{""model__max_depth"": null, ""model__max_features"": 0.7, ""model__min_samples_leaf"": 5, ""model__n_estimators"": 600}"
379,1,arousal,random_forest_optional,0.9375,0.8439145977241072,0.0935854022758928,"{""model__max_depth"": null, ""model__max_features"": 0.7, ""model__min_samples_leaf"": 5, ""model__n_estimators"": 600}"
391,1,arousal,random_forest_optional,0.85,0.7462602169370033,0.1037397830629967,"{""model__max_depth"": null, ""model__max_features"": 0.7, ""model__min_samples_leaf"": 5, ""model__n_estimators"": 600}"
403,1,arousal,random_forest_optional,0.7625,0.7524426950323879,0.010057304967612,"{""model__max_depth"": null, ""model__max_features"": 0.7, ""model__min_samples_leaf"": 5, ""model__n_estimators"": 600}"
408,1,arousal,random_forest_optional,0.9125,0.8827939140784254,0.0297060859215745,"{""model__max_depth"": null, ""model__max_features"": 0.7, ""model__min_samples_leaf"": 5, ""model__n_estimators"": 600}"
425,1,arousal,random_forest_optional,0.95,0.7043170712131324,0.2456829287868676,"{""model__max_depth"": null, ""model__max_features"": 0.7, ""model__min_samples_leaf"": 5, ""model__n_estimators"": 600}"
426,1,arousal,random_forest_optional,0.825,0.6924600021593891,0.1325399978406108,"{""model__max_depth"": null, ""model__max_features"": 0.7, ""model__min_samples_leaf"": 5, ""model__n_estimators"": 600}"
435,1,arousal,random_forest_optional,0.275,0.3647367641855915,0.0897367641855914,"{""model__max_depth"": null, ""model__max_features"": 0.7, ""model__min_samples_leaf"": 5, ""model__n_estimators"": 600}"
436,1,arousal,random_forest_optional,0.25,0.3394585887290436,0.0894585887290436,"{""model__max_depth"": null, ""model__max_features"": 0.7, ""model__min_samples_leaf"": 5, ""model__n_estimators"": 600}"
441,1,arousal,random_forest_optional,0.675,0.7648016407631233,0.0898016407631232,"{""model__max_depth"": null, ""model__max_features"": 0.7, ""model__min_samples_leaf"": 5, ""model__n_estimators"": 600}"
442,1,arousal,random_forest_optional,0.7125,0.6042763525965476,0.1082236474034524,"{""model__max_depth"": null, ""model__max_features"": 0.7, ""model__min_samples_leaf"": 5, ""model__n_estimators"": 600}"
461,1,arousal,random_forest_optional,0.375,0.3923261196446248,0.0173261196446248,"{""model__max_depth"": null, ""model__max_features"": 0.7, ""model__min_samples_leaf"": 5, ""model__n_estimators"": 600}"
465,1,arousal,random_forest_optional,0.3375,0.3784378560346516,0.0409378560346515,"{""model__max_depth"": null, ""model__max_features"": 0.7, ""model__min_samples_leaf"": 5, ""model__n_estimators"": 600}"
469,1,arousal,random_forest_optional,0.7125,0.7229094918794046,0.0104094918794045,"{""model__max_depth"": null, ""model__max_features"": 0.7, ""model__min_samples_leaf"": 5, ""model__n_estimators"": 600}"
471,1,arousal,random_forest_optional,0.875,0.7747620059821139,0.1002379940178861,"{""model__max_depth"": null, ""model__max_features"": 0.7, ""model__min_samples_leaf"": 5, ""model__n_estimators"": 600}"
480,1,arousal,random_forest_optional,0.7875,0.7348776255369909,0.0526223744630091,"{""model__max_depth"": null, ""model__max_features"": 0.7, ""model__min_samples_leaf"": 5, ""model__n_estimators"": 600}"
487,1,arousal,random_forest_optional,0.8,0.7916268321152774,0.0083731678847226,"{""model__max_depth"": null, ""model__max_features"": 0.7, ""model__min_samples_leaf"": 5, ""model__n_estimators"": 600}"
496,1,arousal,random_forest_optional,0.6625,0.5890950146881255,0.0734049853118744,"{""model__max_depth"": null, ""model__max_features"": 0.7, ""model__min_samples_leaf"": 5, ""model__n_estimators"": 600}"
500,1,arousal,random_forest_optional,0.7,0.7773346222530282,0.0773346222530282,"{""model__max_depth"": null, ""model__max_features"": 0.7, ""model__min_samples_leaf"": 5, ""model__n_estimators"": 600}"
503,1,arousal,random_forest_optional,0.613636363636,0.6978181926690129,0.0841818290330128,"{""model__max_depth"": null, ""model__max_features"": 0.7, ""model__min_samples_leaf"": 5, ""model__n_estimators"": 600}"
507,1,arousal,random_forest_optional,0.8,0.8027094784561886,0.0027094784561885,"{""model__max_depth"": null, ""model__max_features"": 0.7, ""model__min_samples_leaf"": 5, ""model__n_estimators"": 600}"
512,1,arousal,random_forest_optional,0.3125,0.3670298925979056,0.0545298925979055,"{""model__max_depth"": null, ""model__max_features"": 0.7, ""model__min_samples_leaf"": 5, ""model__n_estimators"": 600}"
521,1,arousal,random_forest_optional,0.5125,0.5746436904152369,0.0621436904152369,"{""model__max_depth"": null, ""model__max_features"": 0.7, ""model__min_samples_leaf"": 5, ""model__n_estimators"": 600}"
525,1,arousal,random_forest_optional,0.2375,0.3901789811507588,0.1526789811507587,"{""model__max_depth"": null, ""model__max_features"": 0.7, ""model__min_samples_leaf"": 5, ""model__n_estimators"": 600}"
536,1,arousal,random_forest_optional,0.7875,0.7789723413894507,0.0085276586105492,"{""model__max_depth"": null, ""model__max_features"": 0.7, ""model__min_samples_leaf"": 5, ""model__n_estimators"": 600}"
546,1,arousal,random_forest_optional,0.7875,0.6372271191004969,0.150272880899503,"{""model__max_depth"": null, ""model__max_features"": 0.7, ""model__min_samples_leaf"": 5, ""model__n_estimators"": 600}"
549,1,arousal,random_forest_optional,0.4375,0.6770420618521998,0.2395420618521998,"{""model__max_depth"": null, ""model__max_features"": 0.7, ""model__min_samples_leaf"": 5, ""model__n_estimators"": 600}"
562,1,arousal,random_forest_optional,0.7375,0.7409328368926703,0.0034328368926702,"{""model__max_depth"": null, ""model__max_features"": 0.7, ""model__min_samples_leaf"": 5, ""model__n_estimators"": 600}"
566,1,arousal,random_forest_optional,0.775,0.8029194466966988,0.0279194466966987,"{""model__max_depth"": null, ""model__max_features"": 0.7, ""model__min_samples_leaf"": 5, ""model__n_estimators"": 600}"
572,1,arousal,random_forest_optional,0.7375,0.7810288541650378,0.0435288541650377,"{""model__max_depth"": null, ""model__max_features"": 0.7, ""model__min_samples_leaf"": 5, ""model__n_estimators"": 600}"
574,1,arousal,random_forest_optional,0.7875,0.7304374575393313,0.0570625424606686,"{""model__max_depth"": null, ""model__max_features"": 0.7, ""model__min_samples_leaf"": 5, ""model__n_estimators"": 600}"
576,1,arousal,random_forest_optional,0.7125,0.7527191318635851,0.040219131863585,"{""model__max_depth"": null, ""model__max_features"": 0.7, ""model__min_samples_leaf"": 5, ""model__n_estimators"": 600}"
588,1,arousal,random_forest_optional,0.7,0.5955375220515702,0.1044624779484297,"{""model__max_depth"": null, ""model__max_features"": 0.7, ""model__min_samples_leaf"": 5, ""model__n_estimators"": 600}"
591,1,arousal,random_forest_optional,0.25,0.355460339075185,0.1054603390751849,"{""model__max_depth"": null, ""model__max_features"": 0.7, ""model__min_samples_leaf"": 5, ""model__n_estimators"": 600}"
598,1,arousal,random_forest_optional,0.85,0.7586436361131377,0.0913563638868623,"{""model__max_depth"": null, ""model__max_features"": 0.7, ""model__min_samples_leaf"": 5, ""model__n_estimators"": 600}"
614,1,arousal,random_forest_optional,0.2875,0.4437666903636085,0.1562666903636085,"{""model__max_depth"": null, ""model__max_features"": 0.7, ""model__min_samples_leaf"": 5, ""model__n_estimators"": 600}"
617,1,arousal,random_forest_optional,0.8875,0.8045196168526236,0.0829803831473763,"{""model__max_depth"": null, ""model__max_features"": 0.7, ""model__min_samples_leaf"": 5, ""model__n_estimators"": 600}"
623,1,arousal,random_forest_optional,0.85,0.8061529946094798,0.0438470053905202,"{""model__max_depth"": null, ""model__max_features"": 0.7, ""model__min_samples_leaf"": 5, ""model__n_estimators"": 600}"
634,1,arousal,random_forest_optional,0.225,0.4104133350266807,0.1854133350266807,"{""model__max_depth"": null, ""model__max_features"": 0.7, ""model__min_samples_leaf"": 5, ""model__n_estimators"": 600}"
635,1,arousal,random_forest_optional,0.6375,0.5898019923188879,0.0476980076811121,"{""model__max_depth"": null, ""model__max_features"": 0.7, ""model__min_samples_leaf"": 5, ""model__n_estimators"": 600}"
637,1,arousal,random_forest_optional,0.775,0.7797866892704586,0.0047866892704585,"{""model__max_depth"": null, ""model__max_features"": 0.7, ""model__min_samples_leaf"": 5, ""model__n_estimators"": 600}"
648,1,arousal,random_forest_optional,0.6875,0.6768654677811745,0.0106345322188254,"{""model__max_depth"": null, ""model__max_features"": 0.7, ""model__min_samples_leaf"": 5, ""model__n_estimators"": 600}"
651,1,arousal,random_forest_optional,0.825,0.6205643084443373,0.2044356915556626,"{""model__max_depth"": null, ""model__max_features"": 0.7, ""model__min_samples_leaf"": 5, ""model__n_estimators"": 600}"
652,1,arousal,random_forest_optional,0.55,0.4131589212616441,0.1368410787383559,"{""model__max_depth"": null, ""model__max_features"": 0.7, ""model__min_samples_leaf"": 5, ""model__n_estimators"": 600}"
661,1,arousal,random_forest_optional,0.6375,0.5397629969472091,0.0977370030527908,"{""model__max_depth"": null, ""model__max_features"": 0.7, ""model__min_samples_leaf"": 5, ""model__n_estimators"": 600}"
666,1,arousal,random_forest_optional,0.675,0.7624560089557331,0.087456008955733,"{""model__max_depth"": null, ""model__max_features"": 0.7, ""model__min_samples_leaf"": 5, ""model__n_estimators"": 600}"
671,1,arousal,random_forest_optional,0.675,0.6358940396148647,0.0391059603851353,"{""model__max_depth"": null, ""model__max_features"": 0.7, ""model__min_samples_leaf"": 5, ""model__n_estimators"": 600}"
673,1,arousal,random_forest_optional,0.5125,0.5413944849338764,0.0288944849338764,"{""model__max_depth"": null, ""model__max_features"": 0.7, ""model__min_samples_leaf"": 5, ""model__n_estimators"": 600}"
678,1,arousal,random_forest_optional,0.7875,0.7894628932213257,0.0019628932213257,"{""model__max_depth"": null, ""model__max_features"": 0.7, ""model__min_samples_leaf"": 5, ""model__n_estimators"": 600}"
692,1,arousal,random_forest_optional,0.5,0.5684222866457834,0.0684222866457834,"{""model__max_depth"": null, ""model__max_features"": 0.7, ""model__min_samples_leaf"": 5, ""model__n_estimators"": 600}"
694,1,arousal,random_forest_optional,0.3875,0.6172568098449909,0.2297568098449908,"{""model__max_depth"": null, ""model__max_features"": 0.7, ""model__min_samples_leaf"": 5, ""model__n_estimators"": 600}"
708,1,arousal,random_forest_optional,0.6625,0.5635431680201005,0.0989568319798994,"{""model__max_depth"": null, ""model__max_features"": 0.7, ""model__min_samples_leaf"": 5, ""model__n_estimators"": 600}"
710,1,arousal,random_forest_optional,0.7875,0.8529520850794629,0.0654520850794628,"{""model__max_depth"": null, ""model__max_features"": 0.7, ""model__min_samples_leaf"": 5, ""model__n_estimators"": 600}"
718,1,arousal,random_forest_optional,0.5125,0.3958087784086746,0.1166912215913253,"{""model__max_depth"": null, ""model__max_features"": 0.7, ""model__min_samples_leaf"": 5, ""model__n_estimators"": 600}"
722,1,arousal,random_forest_optional,0.575,0.6110203071672273,0.0360203071672273,"{""model__max_depth"": null, ""model__max_features"": 0.7, ""model__min_samples_leaf"": 5, ""model__n_estimators"": 600}"
730,1,arousal,random_forest_optional,0.55,0.3706874738537645,0.1793125261462355,"{""model__max_depth"": null, ""model__max_features"": 0.7, ""model__min_samples_leaf"": 5, ""model__n_estimators"": 600}"
731,1,arousal,random_forest_optional,0.6875,0.6705002096654991,0.0169997903345009,"{""model__max_depth"": null, ""model__max_features"": 0.7, ""model__min_samples_leaf"": 5, ""model__n_estimators"": 600}"
738,1,arousal,random_forest_optional,0.5875,0.6996206455380516,0.1121206455380515,"{""model__max_depth"": null, ""model__max_features"": 0.7, ""model__min_samples_leaf"": 5, ""model__n_estimators"": 600}"
739,1,arousal,random_forest_optional,0.6875,0.7273737009731938,0.0398737009731937,"{""model__max_depth"": null, ""model__max_features"": 0.7, ""model__min_samples_leaf"": 5, ""model__n_estimators"": 600}"
750,1,arousal,random_forest_optional,0.4,0.4860320483952484,0.0860320483952484,"{""model__max_depth"": null, ""model__max_features"": 0.7, ""model__min_samples_leaf"": 5, ""model__n_estimators"": 600}"
751,1,arousal,random_forest_optional,0.5875,0.4387969118314563,0.1487030881685437,"{""model__max_depth"": null, ""model__max_features"": 0.7, ""model__min_samples_leaf"": 5, ""model__n_estimators"": 600}"
757,1,arousal,random_forest_optional,0.6625,0.5975444381964701,0.0649555618035299,"{""model__max_depth"": null, ""model__max_features"": 0.7, ""model__min_samples_leaf"": 5, ""model__n_estimators"": 600}"
758,1,arousal,random_forest_optional,0.8375,0.5778957829668319,0.2596042170331681,"{""model__max_depth"": null, ""model__max_features"": 0.7, ""model__min_samples_leaf"": 5, ""model__n_estimators"": 600}"
763,1,arousal,random_forest_optional,0.3875,0.3578312930398575,0.0296687069601424,"{""model__max_depth"": null, ""model__max_features"": 0.7, ""model__min_samples_leaf"": 5, ""model__n_estimators"": 600}"
773,1,arousal,random_forest_optional,0.75,0.6950619753091213,0.0549380246908787,"{""model__max_depth"": null, ""model__max_features"": 0.7, ""model__min_samples_leaf"": 5, ""model__n_estimators"": 600}"
796,1,arousal,random_forest_optional,0.6,0.7197799324001047,0.1197799324001047,"{""model__max_depth"": null, ""model__max_features"": 0.7, ""model__min_samples_leaf"": 5, ""model__n_estimators"": 600}"
797,1,arousal,random_forest_optional,0.6375,0.6570683116528707,0.0195683116528707,"{""model__max_depth"": null, ""model__max_features"": 0.7, ""model__min_samples_leaf"": 5, ""model__n_estimators"": 600}"
801,1,arousal,random_forest_optional,0.3375,0.3961394902654192,0.0586394902654192,"{""model__max_depth"": null, ""model__max_features"": 0.7, ""model__min_samples_leaf"": 5, ""model__n_estimators"": 600}"
813,1,arousal,random_forest_optional,0.675,0.5047681799010216,0.1702318200989784,"{""model__max_depth"": null, ""model__max_features"": 0.7, ""model__min_samples_leaf"": 5, ""model__n_estimators"": 600}"
818,1,arousal,random_forest_optional,0.275,0.3864494268101115,0.1114494268101115,"{""model__max_depth"": null, ""model__max_features"": 0.7, ""model__min_samples_leaf"": 5, ""model__n_estimators"": 600}"
825,1,arousal,random_forest_optional,0.5375,0.5565767174025659,0.0190767174025658,"{""model__max_depth"": null, ""model__max_features"": 0.7, ""model__min_samples_leaf"": 5, ""model__n_estimators"": 600}"
828,1,arousal,random_forest_optional,0.65,0.7295292566562346,0.0795292566562345,"{""model__max_depth"": null, ""model__max_features"": 0.7, ""model__min_samples_leaf"": 5, ""model__n_estimators"": 600}"
833,1,arousal,random_forest_optional,0.8,0.8073473297209104,0.0073473297209103,"{""model__max_depth"": null, ""model__max_features"": 0.7, ""model__min_samples_leaf"": 5, ""model__n_estimators"": 600}"
834,1,arousal,random_forest_optional,0.8875,0.7617694269286348,0.1257305730713651,"{""model__max_depth"": null, ""model__max_features"": 0.7, ""model__min_samples_leaf"": 5, ""model__n_estimators"": 600}"
836,1,arousal,random_forest_optional,0.8875,0.8397158182453415,0.0477841817546584,"{""model__max_depth"": null, ""model__max_features"": 0.7, ""model__min_samples_leaf"": 5, ""model__n_estimators"": 600}"
837,1,arousal,random_forest_optional,0.7375,0.7315089656453565,0.0059910343546435,"{""model__max_depth"": null, ""model__max_features"": 0.7, ""model__min_samples_leaf"": 5, ""model__n_estimators"": 600}"
847,1,arousal,random_forest_optional,0.5125,0.687498212877069,0.174998212877069,"{""model__max_depth"": null, ""model__max_features"": 0.7, ""model__min_samples_leaf"": 5, ""model__n_estimators"": 600}"
852,1,arousal,random_forest_optional,0.4875,0.521650143233483,0.034150143233483,"{""model__max_depth"": null, ""model__max_features"": 0.7, ""model__min_samples_leaf"": 5, ""model__n_estimators"": 600}"
853,1,arousal,random_forest_optional,0.65,0.6538020729763035,0.0038020729763035,"{""model__max_depth"": null, ""model__max_features"": 0.7, ""model__min_samples_leaf"": 5, ""model__n_estimators"": 600}"
859,1,arousal,random_forest_optional,0.5875,0.5912525936520304,0.0037525936520304,"{""model__max_depth"": null, ""model__max_features"": 0.7, ""model__min_samples_leaf"": 5, ""model__n_estimators"": 600}"
860,1,arousal,random_forest_optional,0.675,0.695834737364649,0.0208347373646489,"{""model__max_depth"": null, ""model__max_features"": 0.7, ""model__min_samples_leaf"": 5, ""model__n_estimators"": 600}"
862,1,arousal,random_forest_optional,0.8875,0.8420262129481273,0.0454737870518726,"{""model__max_depth"": null, ""model__max_features"": 0.7, ""model__min_samples_leaf"": 5, ""model__n_estimators"": 600}"
869,1,arousal,random_forest_optional,0.45,0.6530599223417747,0.2030599223417746,"{""model__max_depth"": null, ""model__max_features"": 0.7, ""model__min_samples_leaf"": 5, ""model__n_estimators"": 600}"
879,1,arousal,random_forest_optional,0.4875,0.3408589951417353,0.1466410048582647,"{""model__max_depth"": null, ""model__max_features"": 0.7, ""model__min_samples_leaf"": 5, ""model__n_estimators"": 600}"
880,1,arousal,random_forest_optional,0.675,0.7194119879825467,0.0444119879825466,"{""model__max_depth"": null, ""model__max_features"": 0.7, ""model__min_samples_leaf"": 5, ""model__n_estimators"": 600}"
881,1,arousal,random_forest_optional,0.5875,0.5884652362995233,0.0009652362995232,"{""model__max_depth"": null, ""model__max_features"": 0.7, ""model__min_samples_leaf"": 5, ""model__n_estimators"": 600}"
885,1,arousal,random_forest_optional,0.425,0.4296210945743466,0.0046210945743466,"{""model__max_depth"": null, ""model__max_features"": 0.7, ""model__min_samples_leaf"": 5, ""model__n_estimators"": 600}"
892,1,arousal,random_forest_optional,0.6625,0.7528496757421234,0.0903496757421233,"{""model__max_depth"": null, ""model__max_features"": 0.7, ""model__min_samples_leaf"": 5, ""model__n_estimators"": 600}"
896,1,arousal,random_forest_optional,0.761363636364,0.7170498664646207,0.0443137698993792,"{""model__max_depth"": null, ""model__max_features"": 0.7, ""model__min_samples_leaf"": 5, ""model__n_estimators"": 600}"
908,1,arousal,random_forest_optional,0.75,0.8257801246299875,0.0757801246299875,"{""model__max_depth"": null, ""model__max_features"": 0.7, ""model__min_samples_leaf"": 5, ""model__n_estimators"": 600}"
909,1,arousal,random_forest_optional,0.825,0.784291046764248,0.0407089532357519,"{""model__max_depth"": null, ""model__max_features"": 0.7, ""model__min_samples_leaf"": 5, ""model__n_estimators"": 600}"
918,1,arousal,random_forest_optional,0.4,0.4596258916012229,0.0596258916012228,"{""model__max_depth"": null, ""model__max_features"": 0.7, ""model__min_samples_leaf"": 5, ""model__n_estimators"": 600}"
921,1,arousal,random_forest_optional,0.475,0.7815928506817604,0.3065928506817604,"{""model__max_depth"": null, ""model__max_features"": 0.7, ""model__min_samples_leaf"": 5, ""model__n_estimators"": 600}"
925,1,arousal,random_forest_optional,0.5875,0.6101811864356931,0.022681186435693,"{""model__max_depth"": null, ""model__max_features"": 0.7, ""model__min_samples_leaf"": 5, ""model__n_estimators"": 600}"
928,1,arousal,random_forest_optional,0.8375,0.7455142182164076,0.0919857817835924,"{""model__max_depth"": null, ""model__max_features"": 0.7, ""model__min_samples_leaf"": 5, ""model__n_estimators"": 600}"
929,1,arousal,random_forest_optional,0.6,0.4413386366379626,0.1586613633620373,"{""model__max_depth"": null, ""model__max_features"": 0.7, ""model__min_samples_leaf"": 5, ""model__n_estimators"": 600}"
935,1,arousal,random_forest_optional,0.511363636364,0.5882520257560463,0.0768883893920463,"{""model__max_depth"": null, ""model__max_features"": 0.7, ""model__min_samples_leaf"": 5, ""model__n_estimators"": 600}"
948,1,arousal,random_forest_optional,0.4875,0.5056079368355268,0.0181079368355268,"{""model__max_depth"": null, ""model__max_features"": 0.7, ""model__min_samples_leaf"": 5, ""model__n_estimators"": 600}"
957,1,arousal,random_forest_optional,0.525,0.5746766530474731,0.049676653047473,"{""model__max_depth"": null, ""model__max_features"": 0.7, ""model__min_samples_leaf"": 5, ""model__n_estimators"": 600}"
966,1,arousal,random_forest_optional,0.575,0.6400579511511194,0.0650579511511194,"{""model__max_depth"": null, ""model__max_features"": 0.7, ""model__min_samples_leaf"": 5, ""model__n_estimators"": 600}"
981,1,arousal,random_forest_optional,0.8,0.7757269030870355,0.0242730969129645,"{""model__max_depth"": null, ""model__max_features"": 0.7, ""model__min_samples_leaf"": 5, ""model__n_estimators"": 600}"
984,1,arousal,random_forest_optional,0.825,0.7297130877577904,0.0952869122422095,"{""model__max_depth"": null, ""model__max_features"": 0.7, ""model__min_samples_leaf"": 5, ""model__n_estimators"": 600}"
989,1,arousal,random_forest_optional,0.575,0.7285546514261828,0.1535546514261828,"{""model__max_depth"": null, ""model__max_features"": 0.7, ""model__min_samples_leaf"": 5, ""model__n_estimators"": 600}"
6,2,arousal,random_forest_optional,0.5125,0.5300189393939502,0.0175189393939502,"{""model__max_depth"": null, ""model__max_features"": 0.7, ""model__min_samples_leaf"": 1, ""model__n_estimators"": 300}"
10,2,arousal,random_forest_optional,0.4375,0.6605000000000096,0.2230000000000096,"{""model__max_depth"": null, ""model__max_features"": 0.7, ""model__min_samples_leaf"": 1, ""model__n_estimators"": 300}"
15,2,arousal,random_forest_optional,0.6125,0.6029393939393939,0.0095606060606061,"{""model__max_depth"": null, ""model__max_features"": 0.7, ""model__min_samples_leaf"": 1, ""model__n_estimators"": 300}"
16,2,arousal,random_forest_optional,0.5375,0.5769431818181802,0.0394431818181801,"{""model__max_depth"": null, ""model__max_features"": 0.7, ""model__min_samples_leaf"": 1, ""model__n_estimators"": 300}"
19,2,arousal,random_forest_optional,0.7625,0.7389375000000001,0.0235624999999998,"{""model__max_depth"": null, ""model__max_features"": 0.7, ""model__min_samples_leaf"": 1, ""model__n_estimators"": 300}"
43,2,arousal,random_forest_optional,0.8625,0.7901969696969735,0.0723030303030265,"{""model__max_depth"": null, ""model__max_features"": 0.7, ""model__min_samples_leaf"": 1, ""model__n_estimators"": 300}"
44,2,arousal,random_forest_optional,0.6875,0.6237878787878804,0.0637121212121195,"{""model__max_depth"": null, ""model__max_features"": 0.7, ""model__min_samples_leaf"": 1, ""model__n_estimators"": 300}"
47,2,arousal,random_forest_optional,0.4,0.5749507575757667,0.1749507575757667,"{""model__max_depth"": null, ""model__max_features"": 0.7, ""model__min_samples_leaf"": 1, ""model__n_estimators"": 300}"
50,2,arousal,random_forest_optional,0.8375,0.7440125,0.0934875,"{""model__max_depth"": null, ""model__max_features"": 0.7, ""model__min_samples_leaf"": 1, ""model__n_estimators"": 300}"
51,2,arousal,random_forest_optional,0.825,0.818265151515156,0.0067348484848439,"{""model__max_depth"": null, ""model__max_features"": 0.7, ""model__min_samples_leaf"": 1, ""model__n_estimators"": 300}"
56,2,arousal,random_forest_optional,0.4125,0.4139962121212235,0.0014962121212235,"{""model__max_depth"": null, ""model__max_features"": 0.7, ""model__min_samples_leaf"": 1, ""model__n_estimators"": 300}"
68,2,arousal,random_forest_optional,0.65,0.5724545454545464,0.0775454545454535,"{""model__max_depth"": null, ""model__max_features"": 0.7, ""model__min_samples_leaf"": 1, ""model__n_estimators"": 300}"
78,2,arousal,random_forest_optional,0.5,0.5705795454545403,0.0705795454545402,"{""model__max_depth"": null, ""model__max_features"": 0.7, ""model__min_samples_leaf"": 1, ""model__n_estimators"": 300}"
97,2,arousal,random_forest_optional,0.85,0.8214242424242456,0.0285757575757543,"{""model__max_depth"": null, ""model__max_features"": 0.7, ""model__min_samples_leaf"": 1, ""model__n_estimators"": 300}"
99,2,arousal,random_forest_optional,0.6875,0.6334924242424197,0.0540075757575803,"{""model__max_depth"": null, ""model__max_features"": 0.7, ""model__min_samples_leaf"": 1, ""model__n_estimators"": 300}"
106,2,arousal,random_forest_optional,0.7,0.7360170454545506,0.0360170454545506,"{""model__max_depth"": null, ""model__max_features"": 0.7, ""model__min_samples_leaf"": 1, ""model__n_estimators"": 300}"
109,2,arousal,random_forest_optional,0.8,0.7123712121212136,0.0876287878787864,"{""model__max_depth"": null, ""model__max_features"": 0.7, ""model__min_samples_leaf"": 1, ""model__n_estimators"": 300}"
117,2,arousal,random_forest_optional,0.85,0.818316287878793,0.031683712121207,"{""model__max_depth"": null, ""model__max_features"": 0.7, ""model__min_samples_leaf"": 1, ""model__n_estimators"": 300}"
123,2,arousal,random_forest_optional,0.3125,0.5359318181818163,0.2234318181818163,"{""model__max_depth"": null, ""model__max_features"": 0.7, ""model__min_samples_leaf"": 1, ""model__n_estimators"": 300}"
127,2,arousal,random_forest_optional,0.8125,0.76625,0.04625,"{""model__max_depth"": null, ""model__max_features"": 0.7, ""model__min_samples_leaf"": 1, ""model__n_estimators"": 300}"
133,2,arousal,random_forest_optional,0.775,0.6995681818181831,0.0754318181818168,"{""model__max_depth"": null, ""model__max_features"": 0.7, ""model__min_samples_leaf"": 1, ""model__n_estimators"": 300}"
134,2,arousal,random_forest_optional,0.8,0.7795530303030336,0.0204469696969664,"{""model__max_depth"": null, ""model__max_features"": 0.7, ""model__min_samples_leaf"": 1, ""model__n_estimators"": 300}"
137,2,arousal,random_forest_optional,0.7625,0.7351098484848531,0.0273901515151469,"{""model__max_depth"": null, ""model__max_features"": 0.7, ""model__min_samples_leaf"": 1, ""model__n_estimators"": 300}"
147,2,arousal,random_forest_optional,0.55,0.5420984848484871,0.0079015151515129,"{""model__max_depth"": null, ""model__max_features"": 0.7, ""model__min_samples_leaf"": 1, ""model__n_estimators"": 300}"
153,2,arousal,random_forest_optional,0.675,0.6862348484848538,0.0112348484848537,"{""model__max_depth"": null, ""model__max_features"": 0.7, ""model__min_samples_leaf"": 1, ""model__n_estimators"": 300}"
157,2,arousal,random_forest_optional,0.534090909091,0.5231818181818239,0.0109090909091761,"{""model__max_depth"": null, ""model__max_features"": 0.7, ""model__min_samples_leaf"": 1, ""model__n_estimators"": 300}"
161,2,arousal,random_forest_optional,0.8625,0.7701363636363667,0.0923636363636333,"{""model__max_depth"": null, ""model__max_features"": 0.7, ""model__min_samples_leaf"": 1, ""model__n_estimators"": 300}"
162,2,arousal,random_forest_optional,0.875,0.8060037878787907,0.0689962121212093,"{""model__max_depth"": null, ""model__max_features"": 0.7, ""model__min_samples_leaf"": 1, ""model__n_estimators"": 300}"
170,2,arousal,random_forest_optional,0.3,0.3105189393939467,0.0105189393939467,"{""model__max_depth"": null, ""model__max_features"": 0.7, ""model__min_samples_leaf"": 1, ""model__n_estimators"": 300}"
172,2,arousal,random_forest_optional,0.6375,0.5222992424242435,0.1152007575757564,"{""model__max_depth"": null, ""model__max_features"": 0.7, ""model__min_samples_leaf"": 1, ""model__n_estimators"": 300}"
179,2,arousal,random_forest_optional,0.7375,0.7215075757575836,0.0159924242424164,"{""model__max_depth"": null, ""model__max_features"": 0.7, ""model__min_samples_leaf"": 1, ""model__n_estimators"": 300}"
185,2,arousal,random_forest_optional,0.6625,0.7215075757575836,0.0590075757575836,"{""model__max_depth"": null, ""model__max_features"": 0.7, ""model__min_samples_leaf"": 1, ""model__n_estimators"": 300}"
186,2,arousal,random_forest_optional,0.825,0.6697575757575808,0.1552424242424191,"{""model__max_depth"": null, ""model__max_features"": 0.7, ""model__min_samples_leaf"": 1, ""model__n_estimators"": 300}"
196,2,arousal,random_forest_optional,0.4375,0.37935984848485,0.0581401515151499,"{""model__max_depth"": null, ""model__max_features"": 0.7, ""model__min_samples_leaf"": 1, ""model__n_estimators"": 300}"
197,2,arousal,random_forest_optional,0.3375,0.4518257575757573,0.1143257575757573,"{""model__max_depth"": null, ""model__max_features"": 0.7, ""model__min_samples_leaf"": 1, ""model__n_estimators"": 300}"
198,2,arousal,random_forest_optional,0.863636363636,0.7450757575757764,0.1185606060602236,"{""model__max_depth"": null, ""model__max_features"": 0.7, ""model__min_samples_leaf"": 1, ""model__n_estimators"": 300}"
211,2,arousal,random_forest_optional,0.65,0.7314886363636405,0.0814886363636404,"{""model__max_depth"": null, ""model__max_features"": 0.7, ""model__min_samples_leaf"": 1, ""model__n_estimators"": 300}"
228,2,arousal,random_forest_optional,0.55,0.4242613636363669,0.1257386363636331,"{""model__max_depth"": null, ""model__max_features"": 0.7, ""model__min_samples_leaf"": 1, ""model__n_estimators"": 300}"
230,2,arousal,random_forest_optional,0.3625,0.5679734848484868,0.2054734848484867,"{""model__max_depth"": null, ""model__max_features"": 0.7, ""model__min_samples_leaf"": 1, ""model__n_estimators"": 300}"
236,2,arousal,random_forest_optional,0.3125,0.3471098484848497,0.0346098484848497,"{""model__max_depth"": null, ""model__max_features"": 0.7, ""model__min_samples_leaf"": 1, ""model__n_estimators"": 300}"
237,2,arousal,random_forest_optional,0.525,0.4946477272727266,0.0303522727272733,"{""model__max_depth"": null, ""model__max_features"": 0.7, ""model__min_samples_leaf"": 1, ""model__n_estimators"": 300}"
238,2,arousal,random_forest_optional,0.6375,0.5413522727272799,0.09614772727272,"{""model__max_depth"": null, ""model__max_features"": 0.7, ""model__min_samples_leaf"": 1, ""model__n_estimators"": 300}"
244,2,arousal,random_forest_optional,0.2875,0.4715303030303071,0.1840303030303071,"{""model__max_depth"": null, ""model__max_features"": 0.7, ""model__min_samples_leaf"": 1, ""model__n_estimators"": 300}"
249,2,arousal,random_forest_optional,0.5375,0.4841704545454567,0.0533295454545432,"{""model__max_depth"": null, ""model__max_features"": 0.7, ""model__min_samples_leaf"": 1, ""model__n_estimators"": 300}"
252,2,arousal,random_forest_optional,0.1375,0.3162462121212165,0.1787462121212165,"{""model__max_depth"": null, ""model__max_features"": 0.7, ""model__min_samples_leaf"": 1, ""model__n_estimators"": 300}"
275,2,arousal,random_forest_optional,0.3375,0.3488030303030334,0.0113030303030333,"{""model__max_depth"": null, ""model__max_features"": 0.7, ""model__min_samples_leaf"": 1, ""model__n_estimators"": 300}"
277,2,arousal,random_forest_optional,0.2,0.5337045454545482,0.3337045454545481,"{""model__max_depth"": null, ""model__max_features"": 0.7, ""model__min_samples_leaf"": 1, ""model__n_estimators"": 300}"
283,2,arousal,random_forest_optional,0.575,0.5802916666666699,0.0052916666666699,"{""model__max_depth"": null, ""model__max_features"": 0.7, ""model__min_samples_leaf"": 1, ""model__n_estimators"": 300}"
295,2,arousal,random_forest_optional,0.725,0.6846590909090925,0.0403409090909074,"{""model__max_depth"": null, ""model__max_features"": 0.7, ""model__min_samples_leaf"": 1, ""model__n_estimators"": 300}"
298,2,arousal,random_forest_optional,0.725,0.7510549242424291,0.0260549242424291,"{""model__max_depth"": null, ""model__max_features"": 0.7, ""model__min_samples_leaf"": 1, ""model__n_estimators"": 300}"
308,2,arousal,random_forest_optional,0.8125,0.8043503787878895,0.0081496212121104,"{""model__max_depth"": null, ""model__max_features"": 0.7, ""model__min_samples_leaf"": 1, ""model__n_estimators"": 300}"
309,2,arousal,random_forest_optional,0.35,0.5043863636363669,0.1543863636363669,"{""model__max_depth"": null, ""model__max_features"": 0.7, ""model__min_samples_leaf"": 1, ""model__n_estimators"": 300}"
315,2,arousal,random_forest_optional,0.85,0.7560170454545497,0.0939829545454502,"{""model__max_depth"": null, ""model__max_features"": 0.7, ""model__min_samples_leaf"": 1, ""model__n_estimators"": 300}"
319,2,arousal,random_forest_optional,0.7375,0.7191174242424196,0.0183825757575804,"{""model__max_depth"": null, ""model__max_features"": 0.7, ""model__min_samples_leaf"": 1, ""model__n_estimators"": 300}"
327,2,arousal,random_forest_optional,0.7625,0.7881553030303091,0.0256553030303091,"{""model__max_depth"": null, ""model__max_features"": 0.7, ""model__min_samples_leaf"": 1, ""model__n_estimators"": 300}"
333,2,arousal,random_forest_optional,0.7875,0.8165909090909128,0.0290909090909128,"{""model__max_depth"": null, ""model__max_features"": 0.7, ""model__min_samples_leaf"": 1, ""model__n_estimators"": 300}"
342,2,arousal,random_forest_optional,0.75,0.7408522727272767,0.0091477272727232,"{""model__max_depth"": null, ""model__max_features"": 0.7, ""model__min_samples_leaf"": 1, ""model__n_estimators"": 300}"
343,2,arousal,random_forest_optional,0.65,0.751352272727273,0.1013522727272729,"{""model__max_depth"": null, ""model__max_features"": 0.7, ""model__min_samples_leaf"": 1, ""model__n_estimators"": 300}"
349,2,arousal,random_forest_optional,0.275,0.3476477272727334,0.0726477272727334,"{""model__max_depth"": null, ""model__max_features"": 0.7, ""model__min_samples_leaf"": 1, ""model__n_estimators"": 300}"
356,2,arousal,random_forest_optional,0.475,0.6832348484848497,0.2082348484848497,"{""model__max_depth"": null, ""model__max_features"": 0.7, ""model__min_samples_leaf"": 1, ""model__n_estimators"": 300}"
361,2,arousal,random_forest_optional,0.6125,0.508109848484847,0.104390151515153,"{""model__max_depth"": null, ""model__max_features"": 0.7, ""model__min_samples_leaf"": 1, ""model__n_estimators"": 300}"
367,2,arousal,random_forest_optional,0.6125,0.6598844696969771,0.047384469696977,"{""model__max_depth"": null, ""model__max_features"": 0.7, ""model__min_samples_leaf"": 1, ""model__n_estimators"": 300}"
373,2,arousal,random_forest_optional,0.85,0.7199431818182006,0.1300568181817993,"{""model__max_depth"": null, ""model__max_features"": 0.7, ""model__min_samples_leaf"": 1, ""model__n_estimators"": 300}"
381,2,arousal,random_forest_optional,0.9375,0.8594384469697057,0.0780615530302942,"{""model__max_depth"": null, ""model__max_features"": 0.7, ""model__min_samples_leaf"": 1, ""model__n_estimators"": 300}"
385,2,arousal,random_forest_optional,0.825,0.8204640151515192,0.0045359848484807,"{""model__max_depth"": null, ""model__max_features"": 0.7, ""model__min_samples_leaf"": 1, ""model__n_estimators"": 300}"
386,2,arousal,random_forest_optional,0.5625,0.5452159090909103,0.0172840909090896,"{""model__max_depth"": null, ""model__max_features"": 0.7, ""model__min_samples_leaf"": 1, ""model__n_estimators"": 300}"
397,2,arousal,random_forest_optional,0.45,0.5265606060606163,0.0765606060606162,"{""model__max_depth"": null, ""model__max_features"": 0.7, ""model__min_samples_leaf"": 1, ""model__n_estimators"": 300}"
405,2,arousal,random_forest_optional,0.7375,0.6104318181818197,0.1270681818181803,"{""model__max_depth"": null, ""model__max_features"": 0.7, ""model__min_samples_leaf"": 1, ""model__n_estimators"": 300}"
407,2,arousal,random_forest_optional,0.7875,0.77089772727273,0.0166022727272699,"{""model__max_depth"": null, ""model__max_features"": 0.7, ""model__min_samples_leaf"": 1, ""model__n_estimators"": 300}"
412,2,arousal,random_forest_optional,0.5,0.61241287878788,0.1124128787878799,"{""model__max_depth"": null, ""model__max_features"": 0.7, ""model__min_samples_leaf"": 1, ""model__n_estimators"": 300}"
414,2,arousal,random_forest_optional,0.579545454545,0.4091628787878835,0.1703825757571164,"{""model__max_depth"": null, ""model__max_features"": 0.7, ""model__min_samples_leaf"": 1, ""model__n_estimators"": 300}"
415,2,arousal,random_forest_optional,0.477272727273,0.4128825757575836,0.0643901515154164,"{""model__max_depth"": null, ""model__max_features"": 0.7, ""model__min_samples_leaf"": 1, ""model__n_estimators"": 300}"
427,2,arousal,random_forest_optional,0.775,0.7999412878787928,0.0249412878787927,"{""model__max_depth"": null, ""model__max_features"": 0.7, ""model__min_samples_leaf"": 1, ""model__n_estimators"": 300}"
443,2,arousal,random_forest_optional,0.7,0.7569857954545561,0.0569857954545561,"{""model__max_depth"": null, ""model__max_features"": 0.7, ""model__min_samples_leaf"": 1, ""model__n_estimators"": 300}"
449,2,arousal,random_forest_optional,0.7,0.7434772727272835,0.0434772727272835,"{""model__max_depth"": null, ""model__max_features"": 0.7, ""model__min_samples_leaf"": 1, ""model__n_estimators"": 300}"
452,2,arousal,random_forest_optional,0.65,0.608920454545457,0.041079545454543,"{""model__max_depth"": null, ""model__max_features"": 0.7, ""model__min_samples_leaf"": 1, ""model__n_estimators"": 300}"
454,2,arousal,random_forest_optional,0.8375,0.8364280303030359,0.0010719696969641,"{""model__max_depth"": null, ""model__max_features"": 0.7, ""model__min_samples_leaf"": 1, ""model__n_estimators"": 300}"
462,2,arousal,random_forest_optional,0.4125,0.3301060606060665,0.0823939393939334,"{""model__max_depth"": null, ""model__max_features"": 0.7, ""model__min_samples_leaf"": 1, ""model__n_estimators"": 300}"
463,2,arousal,random_forest_optional,0.3,0.3894545454545499,0.0894545454545499,"{""model__max_depth"": null, ""model__max_features"": 0.7, ""model__min_samples_leaf"": 1, ""model__n_estimators"": 300}"
472,2,arousal,random_forest_optional,0.6125,0.7830681818181829,0.1705681818181829,"{""model__max_depth"": null, ""model__max_features"": 0.7, ""model__min_samples_leaf"": 1, ""model__n_estimators"": 300}"
479,2,arousal,random_forest_optional,0.225,0.4596515151515137,0.2346515151515137,"{""model__max_depth"": null, ""model__max_features"": 0.7, ""model__min_samples_leaf"": 1, ""model__n_estimators"": 300}"
483,2,arousal,random_forest_optional,0.575,0.5030757575757603,0.0719242424242396,"{""model__max_depth"": null, ""model__max_features"": 0.7, ""model__min_samples_leaf"": 1, ""model__n_estimators"": 300}"
495,2,arousal,random_forest_optional,0.8375,0.6947196969696993,0.1427803030303007,"{""model__max_depth"": null, ""model__max_features"": 0.7, ""model__min_samples_leaf"": 1, ""model__n_estimators"": 300}"
501,2,arousal,random_forest_optional,0.8375,0.6999753787878896,0.1375246212121104,"{""model__max_depth"": null, ""model__max_features"": 0.7, ""model__min_samples_leaf"": 1, ""model__n_estimators"": 300}"
504,2,arousal,random_forest_optional,0.675,0.6456136363636403,0.0293863636363597,"{""model__max_depth"": null, ""model__max_features"": 0.7, ""model__min_samples_leaf"": 1, ""model__n_estimators"": 300}"
516,2,arousal,random_forest_optional,0.4,0.5148371212121232,0.1148371212121232,"{""model__max_depth"": null, ""model__max_features"": 0.7, ""model__min_samples_leaf"": 1, ""model__n_estimators"": 300}"
526,2,arousal,random_forest_optional,0.4625,0.5078674242424196,0.0453674242424195,"{""model__max_depth"": null, ""model__max_features"": 0.7, ""model__min_samples_leaf"": 1, ""model__n_estimators"": 300}"
531,2,arousal,random_forest_optional,0.225,0.4537575757575733,0.2287575757575733,"{""model__max_depth"": null, ""model__max_features"": 0.7, ""model__min_samples_leaf"": 1, ""model__n_estimators"": 300}"
535,2,arousal,random_forest_optional,0.7625,0.7073787878787896,0.0551212121212103,"{""model__max_depth"": null, ""model__max_features"": 0.7, ""model__min_samples_leaf"": 1, ""model__n_estimators"": 300}"
551,2,arousal,random_forest_optional,0.2875,0.3751515151515171,0.0876515151515171,"{""model__max_depth"": null, ""model__max_features"": 0.7, ""model__min_samples_leaf"": 1, ""model__n_estimators"": 300}"
552,2,arousal,random_forest_optional,0.85,0.812064393939396,0.0379356060606039,"{""model__max_depth"": null, ""model__max_features"": 0.7, ""model__min_samples_leaf"": 1, ""model__n_estimators"": 300}"
554,2,arousal,random_forest_optional,0.6625,0.6777064393939445,0.0152064393939445,"{""model__max_depth"": null, ""model__max_features"": 0.7, ""model__min_samples_leaf"": 1, ""model__n_estimators"": 300}"
558,2,arousal,random_forest_optional,0.55,0.6417613636363668,0.0917613636363667,"{""model__max_depth"": null, ""model__max_features"": 0.7, ""model__min_samples_leaf"": 1, ""model__n_estimators"": 300}"
570,2,arousal,random_forest_optional,0.7375,0.5902159090909104,0.1472840909090896,"{""model__max_depth"": null, ""model__max_features"": 0.7, ""model__min_samples_leaf"": 1, ""model__n_estimators"": 300}"
577,2,arousal,random_forest_optional,0.6375,0.7388768939393962,0.1013768939393962,"{""model__max_depth"": null, ""model__max_features"": 0.7, ""model__min_samples_leaf"": 1, ""model__n_estimators"": 300}"
580,2,arousal,random_forest_optional,0.85,0.8266117424242464,0.0233882575757535,"{""model__max_depth"": null, ""model__max_features"": 0.7, ""model__min_samples_leaf"": 1, ""model__n_estimators"": 300}"
582,2,arousal,random_forest_optional,0.4125,0.5550113636363769,0.1425113636363769,"{""model__max_depth"": null, ""model__max_features"": 0.7, ""model__min_samples_leaf"": 1, ""model__n_estimators"": 300}"
589,2,arousal,random_forest_optional,0.55,0.5288106060606036,0.0211893939393964,"{""model__max_depth"": null, ""model__max_features"": 0.7, ""model__min_samples_leaf"": 1, ""model__n_estimators"": 300}"
592,2,arousal,random_forest_optional,0.4125,0.4324469696969804,0.0199469696969804,"{""model__max_depth"": null, ""model__max_features"": 0.7, ""model__min_samples_leaf"": 1, ""model__n_estimators"": 300}"
606,2,arousal,random_forest_optional,0.875,0.826984848484853,0.048015151515147,"{""model__max_depth"": null, ""model__max_features"": 0.7, ""model__min_samples_leaf"": 1, ""model__n_estimators"": 300}"
608,2,arousal,random_forest_optional,0.6375,0.609412878787883,0.0280871212121169,"{""model__max_depth"": null, ""model__max_features"": 0.7, ""model__min_samples_leaf"": 1, ""model__n_estimators"": 300}"
621,2,arousal,random_forest_optional,0.3625,0.4473750000000006,0.0848750000000005,"{""model__max_depth"": null, ""model__max_features"": 0.7, ""model__min_samples_leaf"": 1, ""model__n_estimators"": 300}"
622,2,arousal,random_forest_optional,0.8125,0.7912727272727298,0.0212272727272702,"{""model__max_depth"": null, ""model__max_features"": 0.7, ""model__min_samples_leaf"": 1, ""model__n_estimators"": 300}"
625,2,arousal,random_forest_optional,0.75,0.8055189393939459,0.0555189393939459,"{""model__max_depth"": null, ""model__max_features"": 0.7, ""model__min_samples_leaf"": 1, ""model__n_estimators"": 300}"
628,2,arousal,random_forest_optional,0.6125,0.7095833333333336,0.0970833333333335,"{""model__max_depth"": null, ""model__max_features"": 0.7, ""model__min_samples_leaf"": 1, ""model__n_estimators"": 300}"
630,2,arousal,random_forest_optional,0.65,0.5705265151515138,0.0794734848484862,"{""model__max_depth"": null, ""model__max_features"": 0.7, ""model__min_samples_leaf"": 1, ""model__n_estimators"": 300}"
643,2,arousal,random_forest_optional,0.55,0.528674242424257,0.021325757575743,"{""model__max_depth"": null, ""model__max_features"": 0.7, ""model__min_samples_leaf"": 1, ""model__n_estimators"": 300}"
645,2,arousal,random_forest_optional,0.6,0.6854128787878815,0.0854128787878815,"{""model__max_depth"": null, ""model__max_features"": 0.7, ""model__min_samples_leaf"": 1, ""model__n_estimators"": 300}"
647,2,arousal,random_forest_optional,0.5625,0.6119015151515167,0.0494015151515166,"{""model__max_depth"": null, ""model__max_features"": 0.7, ""model__min_samples_leaf"": 1, ""model__n_estimators"": 300}"
656,2,arousal,random_forest_optional,0.4875,0.5108522727272836,0.0233522727272836,"{""model__max_depth"": null, ""model__max_features"": 0.7, ""model__min_samples_leaf"": 1, ""model__n_estimators"": 300}"
665,2,arousal,random_forest_optional,0.75,0.7739119318181865,0.0239119318181865,"{""model__max_depth"": null, ""model__max_features"": 0.7, ""model__min_samples_leaf"": 1, ""model__n_estimators"": 300}"
676,2,arousal,random_forest_optional,0.55,0.6728409090909138,0.1228409090909137,"{""model__max_depth"": null, ""model__max_features"": 0.7, ""model__min_samples_leaf"": 1, ""model__n_estimators"": 300}"
681,2,arousal,random_forest_optional,0.8,0.8192670454545531,0.019267045454553,"{""model__max_depth"": null, ""model__max_features"": 0.7, ""model__min_samples_leaf"": 1, ""model__n_estimators"": 300}"
682,2,arousal,random_forest_optional,0.775,0.7041098484848571,0.0708901515151428,"{""model__max_depth"": null, ""model__max_features"": 0.7, ""model__min_samples_leaf"": 1, ""model__n_estimators"": 300}"
697,2,arousal,random_forest_optional,0.7,0.5902916666666796,0.1097083333333203,"{""model__max_depth"": null, ""model__max_features"": 0.7, ""model__min_samples_leaf"": 1, ""model__n_estimators"": 300}"
705,2,arousal,random_forest_optional,0.1875,0.2959962121212163,0.1084962121212163,"{""model__max_depth"": null, ""model__max_features"": 0.7, ""model__min_samples_leaf"": 1, ""model__n_estimators"": 300}"
711,2,arousal,random_forest_optional,0.525,0.5607954545454596,0.0357954545454596,"{""model__max_depth"": null, ""model__max_features"": 0.7, ""model__min_samples_leaf"": 1, ""model__n_estimators"": 300}"
717,2,arousal,random_forest_optional,0.5375,0.6110568181818229,0.0735568181818229,"{""model__max_depth"": null, ""model__max_features"": 0.7, ""model__min_samples_leaf"": 1, ""model__n_estimators"": 300}"
728,2,arousal,random_forest_optional,0.4375,0.5143522727272767,0.0768522727272766,"{""model__max_depth"": null, ""model__max_features"": 0.7, ""model__min_samples_leaf"": 1, ""model__n_estimators"": 300}"
748,2,arousal,random_forest_optional,0.3625,0.4108333333333369,0.0483333333333369,"{""model__max_depth"": null, ""model__max_features"": 0.7, ""model__min_samples_leaf"": 1, ""model__n_estimators"": 300}"
755,2,arousal,random_forest_optional,0.5125,0.5900984848484899,0.0775984848484899,"{""model__max_depth"": null, ""model__max_features"": 0.7, ""model__min_samples_leaf"": 1, ""model__n_estimators"": 300}"
759,2,arousal,random_forest_optional,0.7375,0.7069696969697056,0.0305303030302944,"{""model__max_depth"": null, ""model__max_features"": 0.7, ""model__min_samples_leaf"": 1, ""model__n_estimators"": 300}"
761,2,arousal,random_forest_optional,0.775,0.55134090909092,0.2236590909090799,"{""model__max_depth"": null, ""model__max_features"": 0.7, ""model__min_samples_leaf"": 1, ""model__n_estimators"": 300}"
765,2,arousal,random_forest_optional,0.8,0.7756060606060599,0.0243939393939401,"{""model__max_depth"": null, ""model__max_features"": 0.7, ""model__min_samples_leaf"": 1, ""model__n_estimators"": 300}"
767,2,arousal,random_forest_optional,0.475,0.6310795454545505,0.1560795454545505,"{""model__max_depth"": null, ""model__max_features"": 0.7, ""model__min_samples_leaf"": 1, ""model__n_estimators"": 300}"
777,2,arousal,random_forest_optional,0.525,0.5920151515151504,0.0670151515151503,"{""model__max_depth"": null, ""model__max_features"": 0.7, ""model__min_samples_leaf"": 1, ""model__n_estimators"": 300}"
804,2,arousal,random_forest_optional,0.675,0.7272045454545506,0.0522045454545505,"{""model__max_depth"": null, ""model__max_features"": 0.7, ""model__min_samples_leaf"": 1, ""model__n_estimators"": 300}"
814,2,arousal,random_forest_optional,0.7125,0.5869128787878833,0.1255871212121166,"{""model__max_depth"": null, ""model__max_features"": 0.7, ""model__min_samples_leaf"": 1, ""model__n_estimators"": 300}"
823,2,arousal,random_forest_optional,0.675,0.5901022727272898,0.0848977272727102,"{""model__max_depth"": null, ""model__max_features"": 0.7, ""model__min_samples_leaf"": 1, ""model__n_estimators"": 300}"
844,2,arousal,random_forest_optional,0.7875,0.7814848484848566,0.0060151515151434,"{""model__max_depth"": null, ""model__max_features"": 0.7, ""model__min_samples_leaf"": 1, ""model__n_estimators"": 300}"
846,2,arousal,random_forest_optional,0.925,0.8091136363636431,0.1158863636363569,"{""model__max_depth"": null, ""model__max_features"": 0.7, ""model__min_samples_leaf"": 1, ""model__n_estimators"": 300}"
855,2,arousal,random_forest_optional,0.875,0.8177116477272768,0.0572883522727232,"{""model__max_depth"": null, ""model__max_features"": 0.7, ""model__min_samples_leaf"": 1, ""model__n_estimators"": 300}"
882,2,arousal,random_forest_optional,0.85,0.822715909090913,0.027284090909087,"{""model__max_depth"": null, ""model__max_features"": 0.7, ""model__min_samples_leaf"": 1, ""model__n_estimators"": 300}"
884,2,arousal,random_forest_optional,0.7125,0.5432159090909134,0.1692840909090865,"{""model__max_depth"": null, ""model__max_features"": 0.7, ""model__min_samples_leaf"": 1, ""model__n_estimators"": 300}"
889,2,arousal,random_forest_optional,0.8375,0.7722878787878865,0.0652121212121135,"{""model__max_depth"": null, ""model__max_features"": 0.7, ""model__min_samples_leaf"": 1, ""model__n_estimators"": 300}"
894,2,arousal,random_forest_optional,0.375,0.397856060606067,0.022856060606067,"{""model__max_depth"": null, ""model__max_features"": 0.7, ""model__min_samples_leaf"": 1, ""model__n_estimators"": 300}"
900,2,arousal,random_forest_optional,0.65,0.5949924242424135,0.0550075757575865,"{""model__max_depth"": null, ""model__max_features"": 0.7, ""model__min_samples_leaf"": 1, ""model__n_estimators"": 300}"
907,2,arousal,random_forest_optional,0.5,0.4609356060606139,0.0390643939393861,"{""model__max_depth"": null, ""model__max_features"": 0.7, ""model__min_samples_leaf"": 1, ""model__n_estimators"": 300}"
915,2,arousal,random_forest_optional,0.6875,0.6574469696969735,0.0300530303030265,"{""model__max_depth"": null, ""model__max_features"": 0.7, ""model__min_samples_leaf"": 1, ""model__n_estimators"": 300}"
916,2,arousal,random_forest_optional,0.2125,0.3591250000000034,0.1466250000000034,"{""model__max_depth"": null, ""model__max_features"": 0.7, ""model__min_samples_leaf"": 1, ""model__n_estimators"": 300}"
922,2,arousal,random_forest_optional,0.7625,0.7726818181818205,0.0101818181818205,"{""model__max_depth"": null, ""model__max_features"": 0.7, ""model__min_samples_leaf"": 1, ""model__n_estimators"": 300}"
931,2,arousal,random_forest_optional,0.4375,0.4631704545454634,0.0256704545454634,"{""model__max_depth"": null, ""model__max_features"": 0.7, ""model__min_samples_leaf"": 1, ""model__n_estimators"": 300}"
934,2,arousal,random_forest_optional,0.4875,0.6016477272727331,0.114147727272733,"{""model__max_depth"": null, ""model__max_features"": 0.7, ""model__min_samples_leaf"": 1, ""model__n_estimators"": 300}"
936,2,arousal,random_forest_optional,0.4125,0.3443560606060667,0.0681439393939332,"{""model__max_depth"": null, ""model__max_features"": 0.7, ""model__min_samples_leaf"": 1, ""model__n_estimators"": 300}"
951,2,arousal,random_forest_optional,0.625,0.5516590909090903,0.0733409090909097,"{""model__max_depth"": null, ""model__max_features"": 0.7, ""model__min_samples_leaf"": 1, ""model__n_estimators"": 300}"
967,2,arousal,random_forest_optional,0.675,0.5772803030303056,0.0977196969696944,"{""model__max_depth"": null, ""model__max_features"": 0.7, ""model__min_samples_leaf"": 1, ""model__n_estimators"": 300}"
973,2,arousal,random_forest_optional,0.575,0.5910492424242465,0.0160492424242465,"{""model__max_depth"": null, ""model__max_features"": 0.7, ""model__min_samples_leaf"": 1, ""model__n_estimators"": 300}"
979,2,arousal,random_forest_optional,0.3625,0.3121969696969733,0.0503030303030266,"{""model__max_depth"": null, ""model__max_features"": 0.7, ""model__min_samples_leaf"": 1, ""model__n_estimators"": 300}"
985,2,arousal,random_forest_optional,0.75,0.6546022727272736,0.0953977272727264,"{""model__max_depth"": null, ""model__max_features"": 0.7, ""model__min_samples_leaf"": 1, ""model__n_estimators"": 300}"
992,2,arousal,random_forest_optional,0.4625,0.5700871212121236,0.1075871212121235,"{""model__max_depth"": null, ""model__max_features"": 0.7, ""model__min_samples_leaf"": 1, ""model__n_estimators"": 300}"
993,2,arousal,random_forest_optional,0.8625,0.7426098484848535,0.1198901515151465,"{""model__max_depth"": null, ""model__max_features"": 0.7, ""model__min_samples_leaf"": 1, ""model__n_estimators"": 300}"
997,2,arousal,random_forest_optional,0.7125,0.808905303030313,0.096405303030313,"{""model__max_depth"": null, ""model__max_features"": 0.7, ""model__min_samples_leaf"": 1, ""model__n_estimators"": 300}"
999,2,arousal,random_forest_optional,0.875,0.8358295454545529,0.0391704545454471,"{""model__max_depth"": null, ""model__max_features"": 0.7, ""model__min_samples_leaf"": 1, ""model__n_estimators"": 300}"
7,3,arousal,random_forest_optional,0.7,0.7233886792640903,0.0233886792640903,"{""model__max_depth"": 10, ""model__max_features"": 0.7, ""model__min_samples_leaf"": 3, ""model__n_estimators"": 300}"
13,3,arousal,random_forest_optional,0.825,0.8219708398524969,0.003029160147503,"{""model__max_depth"": 10, ""model__max_features"": 0.7, ""model__min_samples_leaf"": 3, ""model__n_estimators"": 300}"
14,3,arousal,random_forest_optional,0.5625,0.5787464132858745,0.0162464132858745,"{""model__max_depth"": 10, ""model__max_features"": 0.7, ""model__min_samples_leaf"": 3, ""model__n_estimators"": 300}"
17,3,arousal,random_forest_optional,0.825,0.6667646025856677,0.1582353974143322,"{""model__max_depth"": 10, ""model__max_features"": 0.7, ""model__min_samples_leaf"": 3, ""model__n_estimators"": 300}"
31,3,arousal,random_forest_optional,0.625,0.5060642399576076,0.1189357600423923,"{""model__max_depth"": 10, ""model__max_features"": 0.7, ""model__min_samples_leaf"": 3, ""model__n_estimators"": 300}"
57,3,arousal,random_forest_optional,0.525,0.4972928837917334,0.0277071162082666,"{""model__max_depth"": 10, ""model__max_features"": 0.7, ""model__min_samples_leaf"": 3, ""model__n_estimators"": 300}"
76,3,arousal,random_forest_optional,0.6375,0.5980157751239931,0.0394842248760068,"{""model__max_depth"": 10, ""model__max_features"": 0.7, ""model__min_samples_leaf"": 3, ""model__n_estimators"": 300}"
79,3,arousal,random_forest_optional,0.925,0.8241118322532498,0.1008881677467502,"{""model__max_depth"": 10, ""model__max_features"": 0.7, ""model__min_samples_leaf"": 3, ""model__n_estimators"": 300}"
83,3,arousal,random_forest_optional,0.775,0.7839605194007305,0.0089605194007305,"{""model__max_depth"": 10, ""model__max_features"": 0.7, ""model__min_samples_leaf"": 3, ""model__n_estimators"": 300}"
98,3,arousal,random_forest_optional,0.7375,0.6556399070992913,0.0818600929007087,"{""model__max_depth"": 10, ""model__max_features"": 0.7, ""model__min_samples_leaf"": 3, ""model__n_estimators"": 300}"
105,3,arousal,random_forest_optional,0.275,0.3995185710964145,0.1245185710964144,"{""model__max_depth"": 10, ""model__max_features"": 0.7, ""model__min_samples_leaf"": 3, ""model__n_estimators"": 300}"
114,3,arousal,random_forest_optional,0.7375,0.643403309911959,0.094096690088041,"{""model__max_depth"": 10, ""model__max_features"": 0.7, ""model__min_samples_leaf"": 3, ""model__n_estimators"": 300}"
115,3,arousal,random_forest_optional,0.8,0.8045579355227477,0.0045579355227476,"{""model__max_depth"": 10, ""model__max_features"": 0.7, ""model__min_samples_leaf"": 3, ""model__n_estimators"": 300}"
132,3,arousal,random_forest_optional,0.85,0.8016958268520091,0.0483041731479908,"{""model__max_depth"": 10, ""model__max_features"": 0.7, ""model__min_samples_leaf"": 3, ""model__n_estimators"": 300}"
135,3,arousal,random_forest_optional,0.7375,0.5915036251007457,0.1459963748992543,"{""model__max_depth"": 10, ""model__max_features"": 0.7, ""model__min_samples_leaf"": 3, ""model__n_estimators"": 300}"
138,3,arousal,random_forest_optional,0.6625,0.6880489852577514,0.0255489852577514,"{""model__max_depth"": 10, ""model__max_features"": 0.7, ""model__min_samples_leaf"": 3, ""model__n_estimators"": 300}"
148,3,arousal,random_forest_optional,0.4,0.3842363555426074,0.0157636444573926,"{""model__max_depth"": 10, ""model__max_features"": 0.7, ""model__min_samples_leaf"": 3, ""model__n_estimators"": 300}"
150,3,arousal,random_forest_optional,0.7375,0.6726967868124534,0.0648032131875466,"{""model__max_depth"": 10, ""model__max_features"": 0.7, ""model__min_samples_leaf"": 3, ""model__n_estimators"": 300}"
151,3,arousal,random_forest_optional,0.325,0.434674104566043,0.109674104566043,"{""model__max_depth"": 10, ""model__max_features"": 0.7, ""model__min_samples_leaf"": 3, ""model__n_estimators"": 300}"
158,3,arousal,random_forest_optional,0.725,0.5612266372135074,0.1637733627864925,"{""model__max_depth"": 10, ""model__max_features"": 0.7, ""model__min_samples_leaf"": 3, ""model__n_estimators"": 300}"
168,3,arousal,random_forest_optional,0.7125,0.6535801561707858,0.0589198438292142,"{""model__max_depth"": 10, ""model__max_features"": 0.7, ""model__min_samples_leaf"": 3, ""model__n_estimators"": 300}"
169,3,arousal,random_forest_optional,0.675,0.6874529338604957,0.0124529338604956,"{""model__max_depth"": 10, ""model__max_features"": 0.7, ""model__min_samples_leaf"": 3, ""model__n_estimators"": 300}"
175,3,arousal,random_forest_optional,0.475,0.5632566813715365,0.0882566813715365,"{""model__max_depth"": 10, ""model__max_features"": 0.7, ""model__min_samples_leaf"": 3, ""model__n_estimators"": 300}"
203,3,arousal,random_forest_optional,0.775,0.7357967394110615,0.0392032605889385,"{""model__max_depth"": 10, ""model__max_features"": 0.7, ""model__min_samples_leaf"": 3, ""model__n_estimators"": 300}"
209,3,arousal,random_forest_optional,0.6875,0.7446851699185747,0.0571851699185746,"{""model__max_depth"": 10, ""model__max_features"": 0.7, ""model__min_samples_leaf"": 3, ""model__n_estimators"": 300}"
212,3,arousal,random_forest_optional,0.6625,0.7842874301222901,0.1217874301222901,"{""model__max_depth"": 10, ""model__max_features"": 0.7, ""model__min_samples_leaf"": 3, ""model__n_estimators"": 300}"
213,3,arousal,random_forest_optional,0.5625,0.4670890127636793,0.0954109872363206,"{""model__max_depth"": 10, ""model__max_features"": 0.7, ""model__min_samples_leaf"": 3, ""model__n_estimators"": 300}"
216,3,arousal,random_forest_optional,0.65,0.6189959668043995,0.0310040331956005,"{""model__max_depth"": 10, ""model__max_features"": 0.7, ""model__min_samples_leaf"": 3, ""model__n_estimators"": 300}"
221,3,arousal,random_forest_optional,0.8125,0.8471559882285166,0.0346559882285165,"{""model__max_depth"": 10, ""model__max_features"": 0.7, ""model__min_samples_leaf"": 3, ""model__n_estimators"": 300}"
224,3,arousal,random_forest_optional,0.5875,0.366765979737862,0.220734020262138,"{""model__max_depth"": 10, ""model__max_features"": 0.7, ""model__min_samples_leaf"": 3, ""model__n_estimators"": 300}"
225,3,arousal,random_forest_optional,0.4125,0.4072999583749632,0.0052000416250367,"{""model__max_depth"": 10, ""model__max_features"": 0.7, ""model__min_samples_leaf"": 3, ""model__n_estimators"": 300}"
227,3,arousal,random_forest_optional,0.475,0.4002079125146803,0.0747920874853196,"{""model__max_depth"": 10, ""model__max_features"": 0.7, ""model__min_samples_leaf"": 3, ""model__n_estimators"": 300}"
232,3,arousal,random_forest_optional,0.4125,0.4120541962325371,0.0004458037674628,"{""model__max_depth"": 10, ""model__max_features"": 0.7, ""model__min_samples_leaf"": 3, ""model__n_estimators"": 300}"
241,3,arousal,random_forest_optional,0.525,0.4139243748597911,0.1110756251402088,"{""model__max_depth"": 10, ""model__max_features"": 0.7, ""model__min_samples_leaf"": 3, ""model__n_estimators"": 300}"
282,3,arousal,random_forest_optional,0.5375,0.6061311897436686,0.0686311897436686,"{""model__max_depth"": 10, ""model__max_features"": 0.7, ""model__min_samples_leaf"": 3, ""model__n_estimators"": 300}"
287,3,arousal,random_forest_optional,0.5,0.5570131891953276,0.0570131891953276,"{""model__max_depth"": 10, ""model__max_features"": 0.7, ""model__min_samples_leaf"": 3, ""model__n_estimators"": 300}"
293,3,arousal,random_forest_optional,0.6375,0.7010192368588538,0.0635192368588538,"{""model__max_depth"": 10, ""model__max_features"": 0.7, ""model__min_samples_leaf"": 3, ""model__n_estimators"": 300}"
297,3,arousal,random_forest_optional,0.675,0.6180143710397419,0.0569856289602581,"{""model__max_depth"": 10, ""model__max_features"": 0.7, ""model__min_samples_leaf"": 3, ""model__n_estimators"": 300}"
302,3,arousal,random_forest_optional,0.5,0.4846488452744323,0.0153511547255676,"{""model__max_depth"": 10, ""model__max_features"": 0.7, ""model__min_samples_leaf"": 3, ""model__n_estimators"": 300}"
305,3,arousal,random_forest_optional,0.9375,0.747905060319518,0.189594939680482,"{""model__max_depth"": 10, ""model__max_features"": 0.7, ""model__min_samples_leaf"": 3, ""model__n_estimators"": 300}"
313,3,arousal,random_forest_optional,0.5375,0.7110322196752201,0.1735322196752201,"{""model__max_depth"": 10, ""model__max_features"": 0.7, ""model__min_samples_leaf"": 3, ""model__n_estimators"": 300}"
325,3,arousal,random_forest_optional,0.4875,0.5543069232014374,0.0668069232014373,"{""model__max_depth"": 10, ""model__max_features"": 0.7, ""model__min_samples_leaf"": 3, ""model__n_estimators"": 300}"
336,3,arousal,random_forest_optional,0.75,0.7229374358976516,0.0270625641023484,"{""model__max_depth"": 10, ""model__max_features"": 0.7, ""model__min_samples_leaf"": 3, ""model__n_estimators"": 300}"
351,3,arousal,random_forest_optional,0.275,0.6035871860203843,0.3285871860203843,"{""model__max_depth"": 10, ""model__max_features"": 0.7, ""model__min_samples_leaf"": 3, ""model__n_estimators"": 300}"
360,3,arousal,random_forest_optional,0.5875,0.5100495368348995,0.0774504631651005,"{""model__max_depth"": 10, ""model__max_features"": 0.7, ""model__min_samples_leaf"": 3, ""model__n_estimators"": 300}"
364,3,arousal,random_forest_optional,0.375,0.5085799286795128,0.1335799286795128,"{""model__max_depth"": 10, ""model__max_features"": 0.7, ""model__min_samples_leaf"": 3, ""model__n_estimators"": 300}"
366,3,arousal,random_forest_optional,0.2625,0.3717858257903772,0.1092858257903772,"{""model__max_depth"": 10, ""model__max_features"": 0.7, ""model__min_samples_leaf"": 3, ""model__n_estimators"": 300}"
382,3,arousal,random_forest_optional,0.886363636364,0.8075292066258684,0.0788344297381316,"{""model__max_depth"": 10, ""model__max_features"": 0.7, ""model__min_samples_leaf"": 3, ""model__n_estimators"": 300}"
394,3,arousal,random_forest_optional,0.75,0.684200571408504,0.065799428591496,"{""model__max_depth"": 10, ""model__max_features"": 0.7, ""model__min_samples_leaf"": 3, ""model__n_estimators"": 300}"
398,3,arousal,random_forest_optional,0.4375,0.3529038227870665,0.0845961772129335,"{""model__max_depth"": 10, ""model__max_features"": 0.7, ""model__min_samples_leaf"": 3, ""model__n_estimators"": 300}"
401,3,arousal,random_forest_optional,0.35,0.331400078856335,0.0185999211436649,"{""model__max_depth"": 10, ""model__max_features"": 0.7, ""model__min_samples_leaf"": 3, ""model__n_estimators"": 300}"
402,3,arousal,random_forest_optional,0.85,0.830568025443757,0.019431974556243,"{""model__max_depth"": 10, ""model__max_features"": 0.7, ""model__min_samples_leaf"": 3, ""model__n_estimators"": 300}"
410,3,arousal,random_forest_optional,0.7,0.6677085245523784,0.0322914754476215,"{""model__max_depth"": 10, ""model__max_features"": 0.7, ""model__min_samples_leaf"": 3, ""model__n_estimators"": 300}"
417,3,arousal,random_forest_optional,0.8625,0.8477572393088818,0.0147427606911182,"{""model__max_depth"": 10, ""model__max_features"": 0.7, ""model__min_samples_leaf"": 3, ""model__n_estimators"": 300}"
421,3,arousal,random_forest_optional,0.85,0.7997371488176388,0.0502628511823611,"{""model__max_depth"": 10, ""model__max_features"": 0.7, ""model__min_samples_leaf"": 3, ""model__n_estimators"": 300}"
424,3,arousal,random_forest_optional,0.55,0.5684583374165222,0.0184583374165221,"{""model__max_depth"": 10, ""model__max_features"": 0.7, ""model__min_samples_leaf"": 3, ""model__n_estimators"": 300}"
429,3,arousal,random_forest_optional,0.225,0.3353116152944322,0.1103116152944322,"{""model__max_depth"": 10, ""model__max_features"": 0.7, ""model__min_samples_leaf"": 3, ""model__n_estimators"": 300}"
431,3,arousal,random_forest_optional,0.525,0.3787708795150593,0.1462291204849407,"{""model__max_depth"": 10, ""model__max_features"": 0.7, ""model__min_samples_leaf"": 3, ""model__n_estimators"": 300}"
437,3,arousal,random_forest_optional,0.1875,0.3583002564039524,0.1708002564039524,"{""model__max_depth"": 10, ""model__max_features"": 0.7, ""model__min_samples_leaf"": 3, ""model__n_estimators"": 300}"
440,3,arousal,random_forest_optional,0.3,0.4265625168380121,0.1265625168380121,"{""model__max_depth"": 10, ""model__max_features"": 0.7, ""model__min_samples_leaf"": 3, ""model__n_estimators"": 300}"
445,3,arousal,random_forest_optional,0.5875,0.6226989476238881,0.035198947623888,"{""model__max_depth"": 10, ""model__max_features"": 0.7, ""model__min_samples_leaf"": 3, ""model__n_estimators"": 300}"
446,3,arousal,random_forest_optional,0.425,0.4619855420116389,0.0369855420116388,"{""model__max_depth"": 10, ""model__max_features"": 0.7, ""model__min_samples_leaf"": 3, ""model__n_estimators"": 300}"
447,3,arousal,random_forest_optional,0.5875,0.4041290050910805,0.1833709949089195,"{""model__max_depth"": 10, ""model__max_features"": 0.7, ""model__min_samples_leaf"": 3, ""model__n_estimators"": 300}"
448,3,arousal,random_forest_optional,0.775,0.7604125529924315,0.0145874470075685,"{""model__max_depth"": 10, ""model__max_features"": 0.7, ""model__min_samples_leaf"": 3, ""model__n_estimators"": 300}"
450,3,arousal,random_forest_optional,0.75,0.7499937217478875,6.278252112523752e-06,"{""model__max_depth"": 10, ""model__max_features"": 0.7, ""model__min_samples_leaf"": 3, ""model__n_estimators"": 300}"
451,3,arousal,random_forest_optional,0.9,0.8483684670854864,0.0516315329145136,"{""model__max_depth"": 10, ""model__max_features"": 0.7, ""model__min_samples_leaf"": 3, ""model__n_estimators"": 300}"
456,3,arousal,random_forest_optional,0.7,0.7166372441924881,0.0166372441924881,"{""model__max_depth"": 10, ""model__max_features"": 0.7, ""model__min_samples_leaf"": 3, ""model__n_estimators"": 300}"
482,3,arousal,random_forest_optional,0.556818181818,0.6136399276698133,0.0568217458518133,"{""model__max_depth"": 10, ""model__max_features"": 0.7, ""model__min_samples_leaf"": 3, ""model__n_estimators"": 300}"
485,3,arousal,random_forest_optional,0.7125,0.745661869951727,0.0331618699517269,"{""model__max_depth"": 10, ""model__max_features"": 0.7, ""model__min_samples_leaf"": 3, ""model__n_estimators"": 300}"
488,3,arousal,random_forest_optional,0.6625,0.6709691016567872,0.0084691016567872,"{""model__max_depth"": 10, ""model__max_features"": 0.7, ""model__min_samples_leaf"": 3, ""model__n_estimators"": 300}"
494,3,arousal,random_forest_optional,0.8,0.7555193499287784,0.0444806500712215,"{""model__max_depth"": 10, ""model__max_features"": 0.7, ""model__min_samples_leaf"": 3, ""model__n_estimators"": 300}"
510,3,arousal,random_forest_optional,0.7125,0.7817761007805154,0.0692761007805153,"{""model__max_depth"": 10, ""model__max_features"": 0.7, ""model__min_samples_leaf"": 3, ""model__n_estimators"": 300}"
511,3,arousal,random_forest_optional,0.6875,0.8150278736530453,0.1275278736530453,"{""model__max_depth"": 10, ""model__max_features"": 0.7, ""model__min_samples_leaf"": 3, ""model__n_estimators"": 300}"
520,3,arousal,random_forest_optional,0.6625,0.5180074247809071,0.1444925752190928,"{""model__max_depth"": 10, ""model__max_features"": 0.7, ""model__min_samples_leaf"": 3, ""model__n_estimators"": 300}"
523,3,arousal,random_forest_optional,0.3375,0.3967763089198333,0.0592763089198333,"{""model__max_depth"": 10, ""model__max_features"": 0.7, ""model__min_samples_leaf"": 3, ""model__n_estimators"": 300}"
565,3,arousal,random_forest_optional,0.725,0.7914659461338212,0.0664659461338211,"{""model__max_depth"": 10, ""model__max_features"": 0.7, ""model__min_samples_leaf"": 3, ""model__n_estimators"": 300}"
568,3,arousal,random_forest_optional,0.975,0.849673968982112,0.1253260310178879,"{""model__max_depth"": 10, ""model__max_features"": 0.7, ""model__min_samples_leaf"": 3, ""model__n_estimators"": 300}"
579,3,arousal,random_forest_optional,0.2625,0.4408007244090695,0.1783007244090695,"{""model__max_depth"": 10, ""model__max_features"": 0.7, ""model__min_samples_leaf"": 3, ""model__n_estimators"": 300}"
583,3,arousal,random_forest_optional,0.5125,0.5069259582906954,0.0055740417093045,"{""model__max_depth"": 10, ""model__max_features"": 0.7, ""model__min_samples_leaf"": 3, ""model__n_estimators"": 300}"
585,3,arousal,random_forest_optional,0.525,0.3861285050513099,0.13887149494869,"{""model__max_depth"": 10, ""model__max_features"": 0.7, ""model__min_samples_leaf"": 3, ""model__n_estimators"": 300}"
587,3,arousal,random_forest_optional,0.3875,0.4541692704176371,0.0666692704176371,"{""model__max_depth"": 10, ""model__max_features"": 0.7, ""model__min_samples_leaf"": 3, ""model__n_estimators"": 300}"
590,3,arousal,random_forest_optional,0.4625,0.5372829346110628,0.0747829346110627,"{""model__max_depth"": 10, ""model__max_features"": 0.7, ""model__min_samples_leaf"": 3, ""model__n_estimators"": 300}"
597,3,arousal,random_forest_optional,0.8,0.7418609007134798,0.0581390992865202,"{""model__max_depth"": 10, ""model__max_features"": 0.7, ""model__min_samples_leaf"": 3, ""model__n_estimators"": 300}"
605,3,arousal,random_forest_optional,0.9375,0.8180254169350502,0.1194745830649498,"{""model__max_depth"": 10, ""model__max_features"": 0.7, ""model__min_samples_leaf"": 3, ""model__n_estimators"": 300}"
609,3,arousal,random_forest_optional,0.4375,0.5018775292245248,0.0643775292245247,"{""model__max_depth"": 10, ""model__max_features"": 0.7, ""model__min_samples_leaf"": 3, ""model__n_estimators"": 300}"
612,3,arousal,random_forest_optional,0.4625,0.5269573179356913,0.0644573179356913,"{""model__max_depth"": 10, ""model__max_features"": 0.7, ""model__min_samples_leaf"": 3, ""model__n_estimators"": 300}"
624,3,arousal,random_forest_optional,0.575,0.6708159196853876,0.0958159196853876,"{""model__max_depth"": 10, ""model__max_features"": 0.7, ""model__min_samples_leaf"": 3, ""model__n_estimators"": 300}"
626,3,arousal,random_forest_optional,0.9375,0.835592010186167,0.1019079898138329,"{""model__max_depth"": 10, ""model__max_features"": 0.7, ""model__min_samples_leaf"": 3, ""model__n_estimators"": 300}"
627,3,arousal,random_forest_optional,0.6125,0.7194093867475726,0.1069093867475725,"{""model__max_depth"": 10, ""model__max_features"": 0.7, ""model__min_samples_leaf"": 3, ""model__n_estimators"": 300}"
631,3,arousal,random_forest_optional,0.55,0.6455705073259403,0.0955705073259403,"{""model__max_depth"": 10, ""model__max_features"": 0.7, ""model__min_samples_leaf"": 3, ""model__n_estimators"": 300}"
636,3,arousal,random_forest_optional,0.7625,0.733725436391416,0.0287745636085839,"{""model__max_depth"": 10, ""model__max_features"": 0.7, ""model__min_samples_leaf"": 3, ""model__n_estimators"": 300}"
653,3,arousal,random_forest_optional,0.575,0.7442555012289541,0.1692555012289541,"{""model__max_depth"": 10, ""model__max_features"": 0.7, ""model__min_samples_leaf"": 3, ""model__n_estimators"": 300}"
654,3,arousal,random_forest_optional,0.8875,0.8571985016832557,0.0303014983167442,"{""model__max_depth"": 10, ""model__max_features"": 0.7, ""model__min_samples_leaf"": 3, ""model__n_estimators"": 300}"
660,3,arousal,random_forest_optional,0.8375,0.6909801727415426,0.1465198272584574,"{""model__max_depth"": 10, ""model__max_features"": 0.7, ""model__min_samples_leaf"": 3, ""model__n_estimators"": 300}"
668,3,arousal,random_forest_optional,0.725,0.6078130150851083,0.1171869849148916,"{""model__max_depth"": 10, ""model__max_features"": 0.7, ""model__min_samples_leaf"": 3, ""model__n_estimators"": 300}"
670,3,arousal,random_forest_optional,0.35,0.3933300701981133,0.0433300701981133,"{""model__max_depth"": 10, ""model__max_features"": 0.7, ""model__min_samples_leaf"": 3, ""model__n_estimators"": 300}"
672,3,arousal,random_forest_optional,0.55,0.4813716807654588,0.0686283192345412,"{""model__max_depth"": 10, ""model__max_features"": 0.7, ""model__min_samples_leaf"": 3, ""model__n_estimators"": 300}"
677,3,arousal,random_forest_optional,0.5625,0.580637101442717,0.0181371014427169,"{""model__max_depth"": 10, ""model__max_features"": 0.7, ""model__min_samples_leaf"": 3, ""model__n_estimators"": 300}"
679,3,arousal,random_forest_optional,0.7,0.4921000593156865,0.2078999406843134,"{""model__max_depth"": 10, ""model__max_features"": 0.7, ""model__min_samples_leaf"": 3, ""model__n_estimators"": 300}"
688,3,arousal,random_forest_optional,0.4625,0.5512946183887091,0.088794618388709,"{""model__max_depth"": 10, ""model__max_features"": 0.7, ""model__min_samples_leaf"": 3, ""model__n_estimators"": 300}"
689,3,arousal,random_forest_optional,0.425,0.657264070554705,0.232264070554705,"{""model__max_depth"": 10, ""model__max_features"": 0.7, ""model__min_samples_leaf"": 3, ""model__n_estimators"": 300}"
700,3,arousal,random_forest_optional,0.35,0.392118973437062,0.042118973437062,"{""model__max_depth"": 10, ""model__max_features"": 0.7, ""model__min_samples_leaf"": 3, ""model__n_estimators"": 300}"
704,3,arousal,random_forest_optional,0.625,0.6028714745513165,0.0221285254486834,"{""model__max_depth"": 10, ""model__max_features"": 0.7, ""model__min_samples_leaf"": 3, ""model__n_estimators"": 300}"
706,3,arousal,random_forest_optional,0.4,0.593317251286029,0.1933172512860289,"{""model__max_depth"": 10, ""model__max_features"": 0.7, ""model__min_samples_leaf"": 3, ""model__n_estimators"": 300}"
713,3,arousal,random_forest_optional,0.6875,0.823573253047063,0.1360732530470629,"{""model__max_depth"": 10, ""model__max_features"": 0.7, ""model__min_samples_leaf"": 3, ""model__n_estimators"": 300}"
715,3,arousal,random_forest_optional,0.325,0.5410170821479898,0.2160170821479898,"{""model__max_depth"": 10, ""model__max_features"": 0.7, ""model__min_samples_leaf"": 3, ""model__n_estimators"": 300}"
727,3,arousal,random_forest_optional,0.55,0.44749792607161,0.10250207392839,"{""model__max_depth"": 10, ""model__max_features"": 0.7, ""model__min_samples_leaf"": 3, ""model__n_estimators"": 300}"
732,3,arousal,random_forest_optional,0.6375,0.5092748351098593,0.1282251648901406,"{""model__max_depth"": 10, ""model__max_features"": 0.7, ""model__min_samples_leaf"": 3, ""model__n_estimators"": 300}"
733,3,arousal,random_forest_optional,0.5,0.60274935874037,0.1027493587403699,"{""model__max_depth"": 10, ""model__max_features"": 0.7, ""model__min_samples_leaf"": 3, ""model__n_estimators"": 300}"
736,3,arousal,random_forest_optional,0.4875,0.648498829754834,0.1609988297548339,"{""model__max_depth"": 10, ""model__max_features"": 0.7, ""model__min_samples_leaf"": 3, ""model__n_estimators"": 300}"
741,3,arousal,random_forest_optional,0.475,0.370881269000668,0.104118730999332,"{""model__max_depth"": 10, ""model__max_features"": 0.7, ""model__min_samples_leaf"": 3, ""model__n_estimators"": 300}"
745,3,arousal,random_forest_optional,0.75,0.5831840729733719,0.166815927026628,"{""model__max_depth"": 10, ""model__max_features"": 0.7, ""model__min_samples_leaf"": 3, ""model__n_estimators"": 300}"
747,3,arousal,random_forest_optional,0.8,0.7780981130630085,0.0219018869369915,"{""model__max_depth"": 10, ""model__max_features"": 0.7, ""model__min_samples_leaf"": 3, ""model__n_estimators"": 300}"
752,3,arousal,random_forest_optional,0.8375,0.5886376920531801,0.2488623079468199,"{""model__max_depth"": 10, ""model__max_features"": 0.7, ""model__min_samples_leaf"": 3, ""model__n_estimators"": 300}"
753,3,arousal,random_forest_optional,0.7625,0.7379673081902202,0.0245326918097797,"{""model__max_depth"": 10, ""model__max_features"": 0.7, ""model__min_samples_leaf"": 3, ""model__n_estimators"": 300}"
754,3,arousal,random_forest_optional,0.65,0.6967253230587866,0.0467253230587866,"{""model__max_depth"": 10, ""model__max_features"": 0.7, ""model__min_samples_leaf"": 3, ""model__n_estimators"": 300}"
770,3,arousal,random_forest_optional,0.5625,0.5849629609302802,0.0224629609302802,"{""model__max_depth"": 10, ""model__max_features"": 0.7, ""model__min_samples_leaf"": 3, ""model__n_estimators"": 300}"
779,3,arousal,random_forest_optional,0.75,0.727558558451528,0.022441441548472,"{""model__max_depth"": 10, ""model__max_features"": 0.7, ""model__min_samples_leaf"": 3, ""model__n_estimators"": 300}"
783,3,arousal,random_forest_optional,0.475,0.5382531097071893,0.0632531097071893,"{""model__max_depth"": 10, ""model__max_features"": 0.7, ""model__min_samples_leaf"": 3, ""model__n_estimators"": 300}"
790,3,arousal,random_forest_optional,0.6875,0.7336813095918061,0.0461813095918061,"{""model__max_depth"": 10, ""model__max_features"": 0.7, ""model__min_samples_leaf"": 3, ""model__n_estimators"": 300}"
792,3,arousal,random_forest_optional,0.85,0.765814864767706,0.0841851352322939,"{""model__max_depth"": 10, ""model__max_features"": 0.7, ""model__min_samples_leaf"": 3, ""model__n_estimators"": 300}"
793,3,arousal,random_forest_optional,0.7125,0.6498550812298138,0.0626449187701861,"{""model__max_depth"": 10, ""model__max_features"": 0.7, ""model__min_samples_leaf"": 3, ""model__n_estimators"": 300}"
803,3,arousal,random_forest_optional,0.6875,0.6586966984749353,0.0288033015250647,"{""model__max_depth"": 10, ""model__max_features"": 0.7, ""model__min_samples_leaf"": 3, ""model__n_estimators"": 300}"
807,3,arousal,random_forest_optional,0.3375,0.329416796860552,0.008083203139448,"{""model__max_depth"": 10, ""model__max_features"": 0.7, ""model__min_samples_leaf"": 3, ""model__n_estimators"": 300}"
808,3,arousal,random_forest_optional,0.325,0.3302831540565994,0.0052831540565994,"{""model__max_depth"": 10, ""model__max_features"": 0.7, ""model__min_samples_leaf"": 3, ""model__n_estimators"": 300}"
816,3,arousal,random_forest_optional,0.3,0.299291918708401,0.0007080812915989,"{""model__max_depth"": 10, ""model__max_features"": 0.7, ""model__min_samples_leaf"": 3, ""model__n_estimators"": 300}"
829,3,arousal,random_forest_optional,0.8,0.7995436089137904,0.0004563910862096,"{""model__max_depth"": 10, ""model__max_features"": 0.7, ""model__min_samples_leaf"": 3, ""model__n_estimators"": 300}"
831,3,arousal,random_forest_optional,0.8375,0.7241613963395015,0.1133386036604985,"{""model__max_depth"": 10, ""model__max_features"": 0.7, ""model__min_samples_leaf"": 3, ""model__n_estimators"": 300}"
839,3,arousal,random_forest_optional,0.75,0.7203629165127388,0.0296370834872612,"{""model__max_depth"": 10, ""model__max_features"": 0.7, ""model__min_samples_leaf"": 3, ""model__n_estimators"": 300}"
850,3,arousal,random_forest_optional,0.775,0.8127767058076497,0.0377767058076496,"{""model__max_depth"": 10, ""model__max_features"": 0.7, ""model__min_samples_leaf"": 3, ""model__n_estimators"": 300}"
851,3,arousal,random_forest_optional,0.4625,0.6407194746687839,0.1782194746687838,"{""model__max_depth"": 10, ""model__max_features"": 0.7, ""model__min_samples_leaf"": 3, ""model__n_estimators"": 300}"
857,3,arousal,random_forest_optional,0.675,0.7300492500341201,0.05504925003412,"{""model__max_depth"": 10, ""model__max_features"": 0.7, ""model__min_samples_leaf"": 3, ""model__n_estimators"": 300}"
863,3,arousal,random_forest_optional,0.575,0.670693169141729,0.0956931691417291,"{""model__max_depth"": 10, ""model__max_features"": 0.7, ""model__min_samples_leaf"": 3, ""model__n_estimators"": 300}"
864,3,arousal,random_forest_optional,0.488636363636,0.5333503918493328,0.0447140282133327,"{""model__max_depth"": 10, ""model__max_features"": 0.7, ""model__min_samples_leaf"": 3, ""model__n_estimators"": 300}"
871,3,arousal,random_forest_optional,0.75,0.7453644737410469,0.0046355262589531,"{""model__max_depth"": 10, ""model__max_features"": 0.7, ""model__min_samples_leaf"": 3, ""model__n_estimators"": 300}"
886,3,arousal,random_forest_optional,0.525,0.5304863840500343,0.0054863840500343,"{""model__max_depth"": 10, ""model__max_features"": 0.7, ""model__min_samples_leaf"": 3, ""model__n_estimators"": 300}"
888,3,arousal,random_forest_optional,0.675,0.5950579154893034,0.0799420845106966,"{""model__max_depth"": 10, ""model__max_features"": 0.7, ""model__min_samples_leaf"": 3, ""model__n_estimators"": 300}"
897,3,arousal,random_forest_optional,0.3875,0.4937876699385046,0.1062876699385046,"{""model__max_depth"": 10, ""model__max_features"": 0.7, ""model__min_samples_leaf"": 3, ""model__n_estimators"": 300}"
904,3,arousal,random_forest_optional,0.7,0.6049564640542018,0.0950435359457981,"{""model__max_depth"": 10, ""model__max_features"": 0.7, ""model__min_samples_leaf"": 3, ""model__n_estimators"": 300}"
905,3,arousal,random_forest_optional,0.475,0.6022625701249589,0.1272625701249589,"{""model__max_depth"": 10, ""model__max_features"": 0.7, ""model__min_samples_leaf"": 3, ""model__n_estimators"": 300}"
911,3,arousal,random_forest_optional,0.525,0.4349916189187555,0.0900083810812445,"{""model__max_depth"": 10, ""model__max_features"": 0.7, ""model__min_samples_leaf"": 3, ""model__n_estimators"": 300}"
919,3,arousal,random_forest_optional,0.6,0.6726948591062282,0.0726948591062282,"{""model__max_depth"": 10, ""model__max_features"": 0.7, ""model__min_samples_leaf"": 3, ""model__n_estimators"": 300}"
926,3,arousal,random_forest_optional,0.25,0.3361580345317631,0.0861580345317631,"{""model__max_depth"": 10, ""model__max_features"": 0.7, ""model__min_samples_leaf"": 3, ""model__n_estimators"": 300}"
937,3,arousal,random_forest_optional,0.6,0.7500837544992041,0.150083754499204,"{""model__max_depth"": 10, ""model__max_features"": 0.7, ""model__min_samples_leaf"": 3, ""model__n_estimators"": 300}"
941,3,arousal,random_forest_optional,0.125,0.2813555797212075,0.1563555797212075,"{""model__max_depth"": 10, ""model__max_features"": 0.7, ""model__min_samples_leaf"": 3, ""model__n_estimators"": 300}"
943,3,arousal,random_forest_optional,0.625,0.3516894692113478,0.2733105307886522,"{""model__max_depth"": 10, ""model__max_features"": 0.7, ""model__min_samples_leaf"": 3, ""model__n_estimators"": 300}"
945,3,arousal,random_forest_optional,0.675,0.6054812921528674,0.0695187078471326,"{""model__max_depth"": 10, ""model__max_features"": 0.7, ""model__min_samples_leaf"": 3, ""model__n_estimators"": 300}"
953,3,arousal,random_forest_optional,0.3375,0.3678513187214532,0.0303513187214532,"{""model__max_depth"": 10, ""model__max_features"": 0.7, ""model__min_samples_leaf"": 3, ""model__n_estimators"": 300}"
964,3,arousal,random_forest_optional,0.5375,0.5886904265636549,0.0511904265636549,"{""model__max_depth"": 10, ""model__max_features"": 0.7, ""model__min_samples_leaf"": 3, ""model__n_estimators"": 300}"
968,3,arousal,random_forest_optional,0.4875,0.5812301855749251,0.0937301855749251,"{""model__max_depth"": 10, ""model__max_features"": 0.7, ""model__min_samples_leaf"": 3, ""model__n_estimators"": 300}"
971,3,arousal,random_forest_optional,0.5875,0.5980178422517597,0.0105178422517596,"{""model__max_depth"": 10, ""model__max_features"": 0.7, ""model__min_samples_leaf"": 3, ""model__n_estimators"": 300}"
974,3,arousal,random_forest_optional,0.625,0.5942978113121552,0.0307021886878448,"{""model__max_depth"": 10, ""model__max_features"": 0.7, ""model__min_samples_leaf"": 3, ""model__n_estimators"": 300}"
983,3,arousal,random_forest_optional,0.775,0.8152889041311501,0.04028890413115,"{""model__max_depth"": 10, ""model__max_features"": 0.7, ""model__min_samples_leaf"": 3, ""model__n_estimators"": 300}"
21,4,arousal,random_forest_optional,0.8625,0.8008051581927704,0.0616948418072296,"{""model__max_depth"": 10, ""model__max_features"": 0.7, ""model__min_samples_leaf"": 3, ""model__n_estimators"": 300}"
25,4,arousal,random_forest_optional,0.761363636364,0.7058020738922234,0.0555615624717765,"{""model__max_depth"": 10, ""model__max_features"": 0.7, ""model__min_samples_leaf"": 3, ""model__n_estimators"": 300}"
26,4,arousal,random_forest_optional,0.825,0.8304136965819112,0.0054136965819112,"{""model__max_depth"": 10, ""model__max_features"": 0.7, ""model__min_samples_leaf"": 3, ""model__n_estimators"": 300}"
29,4,arousal,random_forest_optional,0.7,0.6355467285988587,0.0644532714011412,"{""model__max_depth"": 10, ""model__max_features"": 0.7, ""model__min_samples_leaf"": 3, ""model__n_estimators"": 300}"
32,4,arousal,random_forest_optional,0.575,0.5833097794375929,0.0083097794375929,"{""model__max_depth"": 10, ""model__max_features"": 0.7, ""model__min_samples_leaf"": 3, ""model__n_estimators"": 300}"
34,4,arousal,random_forest_optional,0.6875,0.626157031010651,0.0613429689893489,"{""model__max_depth"": 10, ""model__max_features"": 0.7, ""model__min_samples_leaf"": 3, ""model__n_estimators"": 300}"
35,4,arousal,random_forest_optional,0.3375,0.4150139751557375,0.0775139751557375,"{""model__max_depth"": 10, ""model__max_features"": 0.7, ""model__min_samples_leaf"": 3, ""model__n_estimators"": 300}"
40,4,arousal,random_forest_optional,0.375,0.5937208026904892,0.2187208026904892,"{""model__max_depth"": 10, ""model__max_features"": 0.7, ""model__min_samples_leaf"": 3, ""model__n_estimators"": 300}"
42,4,arousal,random_forest_optional,0.7625,0.7283382830364279,0.034161716963572,"{""model__max_depth"": 10, ""model__max_features"": 0.7, ""model__min_samples_leaf"": 3, ""model__n_estimators"": 300}"
48,4,arousal,random_forest_optional,0.725,0.742786397008008,0.0177863970080079,"{""model__max_depth"": 10, ""model__max_features"": 0.7, ""model__min_samples_leaf"": 3, ""model__n_estimators"": 300}"
54,4,arousal,random_forest_optional,0.875,0.7801966366061274,0.0948033633938726,"{""model__max_depth"": 10, ""model__max_features"": 0.7, ""model__min_samples_leaf"": 3, ""model__n_estimators"": 300}"
58,4,arousal,random_forest_optional,0.2625,0.5043527906674588,0.2418527906674587,"{""model__max_depth"": 10, ""model__max_features"": 0.7, ""model__min_samples_leaf"": 3, ""model__n_estimators"": 300}"
59,4,arousal,random_forest_optional,0.6,0.5323192540510635,0.0676807459489364,"{""model__max_depth"": 10, ""model__max_features"": 0.7, ""model__min_samples_leaf"": 3, ""model__n_estimators"": 300}"
60,4,arousal,random_forest_optional,0.420454545455,0.5003910627611678,0.0799365173061678,"{""model__max_depth"": 10, ""model__max_features"": 0.7, ""model__min_samples_leaf"": 3, ""model__n_estimators"": 300}"
71,4,arousal,random_forest_optional,0.7625,0.714571355868531,0.0479286441314689,"{""model__max_depth"": 10, ""model__max_features"": 0.7, ""model__min_samples_leaf"": 3, ""model__n_estimators"": 300}"
80,4,arousal,random_forest_optional,0.725,0.7451546643814231,0.0201546643814231,"{""model__max_depth"": 10, ""model__max_features"": 0.7, ""model__min_samples_leaf"": 3, ""model__n_estimators"": 300}"
81,4,arousal,random_forest_optional,0.6125,0.7287547515966472,0.1162547515966471,"{""model__max_depth"": 10, ""model__max_features"": 0.7, ""model__min_samples_leaf"": 3, ""model__n_estimators"": 300}"
84,4,arousal,random_forest_optional,0.5,0.5286245709669241,0.028624570966924,"{""model__max_depth"": 10, ""model__max_features"": 0.7, ""model__min_samples_leaf"": 3, ""model__n_estimators"": 300}"
86,4,arousal,random_forest_optional,0.7,0.7022982867078462,0.0022982867078462,"{""model__max_depth"": 10, ""model__max_features"": 0.7, ""model__min_samples_leaf"": 3, ""model__n_estimators"": 300}"
89,4,arousal,random_forest_optional,0.6875,0.6879837355282051,0.0004837355282051,"{""model__max_depth"": 10, ""model__max_features"": 0.7, ""model__min_samples_leaf"": 3, ""model__n_estimators"": 300}"
91,4,arousal,random_forest_optional,0.8625,0.8277625561280108,0.0347374438719892,"{""model__max_depth"": 10, ""model__max_features"": 0.7, ""model__min_samples_leaf"": 3, ""model__n_estimators"": 300}"
93,4,arousal,random_forest_optional,0.6125,0.593185531190932,0.019314468809068,"{""model__max_depth"": 10, ""model__max_features"": 0.7, ""model__min_samples_leaf"": 3, ""model__n_estimators"": 300}"
96,4,arousal,random_forest_optional,0.875,0.8172814371750267,0.0577185628249733,"{""model__max_depth"": 10, ""model__max_features"": 0.7, ""model__min_samples_leaf"": 3, ""model__n_estimators"": 300}"
103,4,arousal,random_forest_optional,0.5875,0.5859361370681986,0.0015638629318014,"{""model__max_depth"": 10, ""model__max_features"": 0.7, ""model__min_samples_leaf"": 3, ""model__n_estimators"": 300}"
107,4,arousal,random_forest_optional,0.6,0.6669567444447199,0.0669567444447198,"{""model__max_depth"": 10, ""model__max_features"": 0.7, ""model__min_samples_leaf"": 3, ""model__n_estimators"": 300}"
116,4,arousal,random_forest_optional,0.9,0.8431848438855218,0.0568151561144781,"{""model__max_depth"": 10, ""model__max_features"": 0.7, ""model__min_samples_leaf"": 3, ""model__n_estimators"": 300}"
119,4,arousal,random_forest_optional,0.4875,0.3840701303204637,0.1034298696795362,"{""model__max_depth"": 10, ""model__max_features"": 0.7, ""model__min_samples_leaf"": 3, ""model__n_estimators"": 300}"
120,4,arousal,random_forest_optional,0.7625,0.5488710708936535,0.2136289291063464,"{""model__max_depth"": 10, ""model__max_features"": 0.7, ""model__min_samples_leaf"": 3, ""model__n_estimators"": 300}"
140,4,arousal,random_forest_optional,0.5625,0.6265122195757645,0.0640122195757645,"{""model__max_depth"": 10, ""model__max_features"": 0.7, ""model__min_samples_leaf"": 3, ""model__n_estimators"": 300}"
144,4,arousal,random_forest_optional,0.8625,0.8133594398695364,0.0491405601304636,"{""model__max_depth"": 10, ""model__max_features"": 0.7, ""model__min_samples_leaf"": 3, ""model__n_estimators"": 300}"
145,4,arousal,random_forest_optional,0.7625,0.8069047736501889,0.0444047736501889,"{""model__max_depth"": 10, ""model__max_features"": 0.7, ""model__min_samples_leaf"": 3, ""model__n_estimators"": 300}"
159,4,arousal,random_forest_optional,0.875,0.8053194036801291,0.0696805963198708,"{""model__max_depth"": 10, ""model__max_features"": 0.7, ""model__min_samples_leaf"": 3, ""model__n_estimators"": 300}"
167,4,arousal,random_forest_optional,0.8875,0.8219362116514027,0.0655637883485972,"{""model__max_depth"": 10, ""model__max_features"": 0.7, ""model__min_samples_leaf"": 3, ""model__n_estimators"": 300}"
171,4,arousal,random_forest_optional,0.85,0.7998533897486952,0.0501466102513047,"{""model__max_depth"": 10, ""model__max_features"": 0.7, ""model__min_samples_leaf"": 3, ""model__n_estimators"": 300}"
188,4,arousal,random_forest_optional,0.3125,0.537735306611844,0.225235306611844,"{""model__max_depth"": 10, ""model__max_features"": 0.7, ""model__min_samples_leaf"": 3, ""model__n_estimators"": 300}"
201,4,arousal,random_forest_optional,0.625,0.678277953203677,0.053277953203677,"{""model__max_depth"": 10, ""model__max_features"": 0.7, ""model__min_samples_leaf"": 3, ""model__n_estimators"": 300}"
215,4,arousal,random_forest_optional,0.525,0.7030429581801171,0.178042958180117,"{""model__max_depth"": 10, ""model__max_features"": 0.7, ""model__min_samples_leaf"": 3, ""model__n_estimators"": 300}"
229,4,arousal,random_forest_optional,0.45,0.540906491878674,0.090906491878674,"{""model__max_depth"": 10, ""model__max_features"": 0.7, ""model__min_samples_leaf"": 3, ""model__n_estimators"": 300}"
235,4,arousal,random_forest_optional,0.45,0.536961952548153,0.086961952548153,"{""model__max_depth"": 10, ""model__max_features"": 0.7, ""model__min_samples_leaf"": 3, ""model__n_estimators"": 300}"
258,4,arousal,random_forest_optional,0.675,0.5281880773977734,0.1468119226022266,"{""model__max_depth"": 10, ""model__max_features"": 0.7, ""model__min_samples_leaf"": 3, ""model__n_estimators"": 300}"
260,4,arousal,random_forest_optional,0.4625,0.4862546775425867,0.0237546775425867,"{""model__max_depth"": 10, ""model__max_features"": 0.7, ""model__min_samples_leaf"": 3, ""model__n_estimators"": 300}"
276,4,arousal,random_forest_optional,0.65,0.5934103676148522,0.0565896323851478,"{""model__max_depth"": 10, ""model__max_features"": 0.7, ""model__min_samples_leaf"": 3, ""model__n_estimators"": 300}"
284,4,arousal,random_forest_optional,0.4625,0.6174053061685713,0.1549053061685712,"{""model__max_depth"": 10, ""model__max_features"": 0.7, ""model__min_samples_leaf"": 3, ""model__n_estimators"": 300}"
285,4,arousal,random_forest_optional,0.5125,0.522464589376022,0.009964589376022,"{""model__max_depth"": 10, ""model__max_features"": 0.7, ""model__min_samples_leaf"": 3, ""model__n_estimators"": 300}"
300,4,arousal,random_forest_optional,0.55,0.6823620781204284,0.1323620781204283,"{""model__max_depth"": 10, ""model__max_features"": 0.7, ""model__min_samples_leaf"": 3, ""model__n_estimators"": 300}"
303,4,arousal,random_forest_optional,0.7375,0.573100698896132,0.164399301103868,"{""model__max_depth"": 10, ""model__max_features"": 0.7, ""model__min_samples_leaf"": 3, ""model__n_estimators"": 300}"
316,4,arousal,random_forest_optional,0.8875,0.8339784322734587,0.0535215677265412,"{""model__max_depth"": 10, ""model__max_features"": 0.7, ""model__min_samples_leaf"": 3, ""model__n_estimators"": 300}"
321,4,arousal,random_forest_optional,0.6875,0.5980785597754819,0.0894214402245181,"{""model__max_depth"": 10, ""model__max_features"": 0.7, ""model__min_samples_leaf"": 3, ""model__n_estimators"": 300}"
326,4,arousal,random_forest_optional,0.6875,0.7173738371949498,0.0298738371949498,"{""model__max_depth"": 10, ""model__max_features"": 0.7, ""model__min_samples_leaf"": 3, ""model__n_estimators"": 300}"
331,4,arousal,random_forest_optional,0.85,0.8462808623362412,0.0037191376637587,"{""model__max_depth"": 10, ""model__max_features"": 0.7, ""model__min_samples_leaf"": 3, ""model__n_estimators"": 300}"
337,4,arousal,random_forest_optional,0.675,0.7407121454883129,0.0657121454883128,"{""model__max_depth"": 10, ""model__max_features"": 0.7, ""model__min_samples_leaf"": 3, ""model__n_estimators"": 300}"
339,4,arousal,random_forest_optional,0.725,0.6451248881500856,0.0798751118499143,"{""model__max_depth"": 10, ""model__max_features"": 0.7, ""model__min_samples_leaf"": 3, ""model__n_estimators"": 300}"
348,4,arousal,random_forest_optional,0.4625,0.3472053132034853,0.1152946867965147,"{""model__max_depth"": 10, ""model__max_features"": 0.7, ""model__min_samples_leaf"": 3, ""model__n_estimators"": 300}"
350,4,arousal,random_forest_optional,0.2625,0.3238484756407175,0.0613484756407175,"{""model__max_depth"": 10, ""model__max_features"": 0.7, ""model__min_samples_leaf"": 3, ""model__n_estimators"": 300}"
354,4,arousal,random_forest_optional,0.35,0.4088494227042049,0.0588494227042049,"{""model__max_depth"": 10, ""model__max_features"": 0.7, ""model__min_samples_leaf"": 3, ""model__n_estimators"": 300}"
355,4,arousal,random_forest_optional,0.45,0.5535002050985107,0.1035002050985107,"{""model__max_depth"": 10, ""model__max_features"": 0.7, ""model__min_samples_leaf"": 3, ""model__n_estimators"": 300}"
358,4,arousal,random_forest_optional,0.3875,0.5135692939859859,0.1260692939859859,"{""model__max_depth"": 10, ""model__max_features"": 0.7, ""model__min_samples_leaf"": 3, ""model__n_estimators"": 300}"
383,4,arousal,random_forest_optional,0.5,0.5883619476583958,0.0883619476583957,"{""model__max_depth"": 10, ""model__max_features"": 0.7, ""model__min_samples_leaf"": 3, ""model__n_estimators"": 300}"
388,4,arousal,random_forest_optional,0.575,0.723658728745504,0.148658728745504,"{""model__max_depth"": 10, ""model__max_features"": 0.7, ""model__min_samples_leaf"": 3, ""model__n_estimators"": 300}"
389,4,arousal,random_forest_optional,0.225,0.30065848575464,0.07565848575464,"{""model__max_depth"": 10, ""model__max_features"": 0.7, ""model__min_samples_leaf"": 3, ""model__n_estimators"": 300}"
393,4,arousal,random_forest_optional,0.5375,0.6293693978929757,0.0918693978929757,"{""model__max_depth"": 10, ""model__max_features"": 0.7, ""model__min_samples_leaf"": 3, ""model__n_estimators"": 300}"
395,4,arousal,random_forest_optional,0.7125,0.6884102115896669,0.0240897884103331,"{""model__max_depth"": 10, ""model__max_features"": 0.7, ""model__min_samples_leaf"": 3, ""model__n_estimators"": 300}"
396,4,arousal,random_forest_optional,0.65,0.7005978899783843,0.0505978899783843,"{""model__max_depth"": 10, ""model__max_features"": 0.7, ""model__min_samples_leaf"": 3, ""model__n_estimators"": 300}"
409,4,arousal,random_forest_optional,0.9125,0.8752187823968569,0.037281217603143,"{""model__max_depth"": 10, ""model__max_features"": 0.7, ""model__min_samples_leaf"": 3, ""model__n_estimators"": 300}"
413,4,arousal,random_forest_optional,0.575,0.7306396567848356,0.1556396567848356,"{""model__max_depth"": 10, ""model__max_features"": 0.7, ""model__min_samples_leaf"": 3, ""model__n_estimators"": 300}"
419,4,arousal,random_forest_optional,0.0875,0.3246801122771431,0.2371801122771431,"{""model__max_depth"": 10, ""model__max_features"": 0.7, ""model__min_samples_leaf"": 3, ""model__n_estimators"": 300}"
423,4,arousal,random_forest_optional,0.8875,0.7832474139143691,0.1042525860856308,"{""model__max_depth"": 10, ""model__max_features"": 0.7, ""model__min_samples_leaf"": 3, ""model__n_estimators"": 300}"
428,4,arousal,random_forest_optional,0.4875,0.5001823230810029,0.0126823230810028,"{""model__max_depth"": 10, ""model__max_features"": 0.7, ""model__min_samples_leaf"": 3, ""model__n_estimators"": 300}"
433,4,arousal,random_forest_optional,0.3625,0.3552568041904564,0.0072431958095435,"{""model__max_depth"": 10, ""model__max_features"": 0.7, ""model__min_samples_leaf"": 3, ""model__n_estimators"": 300}"
438,4,arousal,random_forest_optional,0.3375,0.3349909033937465,0.0025090966062535,"{""model__max_depth"": 10, ""model__max_features"": 0.7, ""model__min_samples_leaf"": 3, ""model__n_estimators"": 300}"
439,4,arousal,random_forest_optional,0.225,0.3276488731284706,0.1026488731284706,"{""model__max_depth"": 10, ""model__max_features"": 0.7, ""model__min_samples_leaf"": 3, ""model__n_estimators"": 300}"
444,4,arousal,random_forest_optional,0.7375,0.8231198530873809,0.0856198530873808,"{""model__max_depth"": 10, ""model__max_features"": 0.7, ""model__min_samples_leaf"": 3, ""model__n_estimators"": 300}"
457,4,arousal,random_forest_optional,0.6625,0.6004644989537965,0.0620355010462034,"{""model__max_depth"": 10, ""model__max_features"": 0.7, ""model__min_samples_leaf"": 3, ""model__n_estimators"": 300}"
458,4,arousal,random_forest_optional,0.75,0.7698658941932897,0.0198658941932896,"{""model__max_depth"": 10, ""model__max_features"": 0.7, ""model__min_samples_leaf"": 3, ""model__n_estimators"": 300}"
460,4,arousal,random_forest_optional,0.8,0.7548382946938573,0.0451617053061427,"{""model__max_depth"": 10, ""model__max_features"": 0.7, ""model__min_samples_leaf"": 3, ""model__n_estimators"": 300}"
468,4,arousal,random_forest_optional,0.7625,0.7145526616613017,0.0479473383386982,"{""model__max_depth"": 10, ""model__max_features"": 0.7, ""model__min_samples_leaf"": 3, ""model__n_estimators"": 300}"
470,4,arousal,random_forest_optional,0.7625,0.7439318193136194,0.0185681806863805,"{""model__max_depth"": 10, ""model__max_features"": 0.7, ""model__min_samples_leaf"": 3, ""model__n_estimators"": 300}"
476,4,arousal,random_forest_optional,0.7,0.6383538868961658,0.0616461131038341,"{""model__max_depth"": 10, ""model__max_features"": 0.7, ""model__min_samples_leaf"": 3, ""model__n_estimators"": 300}"
477,4,arousal,random_forest_optional,0.575,0.6747372929760724,0.0997372929760724,"{""model__max_depth"": 10, ""model__max_features"": 0.7, ""model__min_samples_leaf"": 3, ""model__n_estimators"": 300}"
481,4,arousal,random_forest_optional,0.6875,0.7017701071751803,0.0142701071751802,"{""model__max_depth"": 10, ""model__max_features"": 0.7, ""model__min_samples_leaf"": 3, ""model__n_estimators"": 300}"
490,4,arousal,random_forest_optional,0.825,0.7944699044997305,0.0305300955002694,"{""model__max_depth"": 10, ""model__max_features"": 0.7, ""model__min_samples_leaf"": 3, ""model__n_estimators"": 300}"
505,4,arousal,random_forest_optional,0.65,0.7477683483354887,0.0977683483354886,"{""model__max_depth"": 10, ""model__max_features"": 0.7, ""model__min_samples_leaf"": 3, ""model__n_estimators"": 300}"
506,4,arousal,random_forest_optional,0.275,0.4755933584264156,0.2005933584264155,"{""model__max_depth"": 10, ""model__max_features"": 0.7, ""model__min_samples_leaf"": 3, ""model__n_estimators"": 300}"
508,4,arousal,random_forest_optional,0.3625,0.4148097470376577,0.0523097470376577,"{""model__max_depth"": 10, ""model__max_features"": 0.7, ""model__min_samples_leaf"": 3, ""model__n_estimators"": 300}"
514,4,arousal,random_forest_optional,0.85,0.6802486087702232,0.1697513912297767,"{""model__max_depth"": 10, ""model__max_features"": 0.7, ""model__min_samples_leaf"": 3, ""model__n_estimators"": 300}"
518,4,arousal,random_forest_optional,0.425,0.4289772252152403,0.0039772252152402,"{""model__max_depth"": 10, ""model__max_features"": 0.7, ""model__min_samples_leaf"": 3, ""model__n_estimators"": 300}"
524,4,arousal,random_forest_optional,0.5125,0.5922719496283803,0.0797719496283803,"{""model__max_depth"": 10, ""model__max_features"": 0.7, ""model__min_samples_leaf"": 3, ""model__n_estimators"": 300}"
532,4,arousal,random_forest_optional,0.5375,0.3773306488644135,0.1601693511355865,"{""model__max_depth"": 10, ""model__max_features"": 0.7, ""model__min_samples_leaf"": 3, ""model__n_estimators"": 300}"
534,4,arousal,random_forest_optional,0.1625,0.4367064664826182,0.2742064664826182,"{""model__max_depth"": 10, ""model__max_features"": 0.7, ""model__min_samples_leaf"": 3, ""model__n_estimators"": 300}"
537,4,arousal,random_forest_optional,0.7625,0.8173239651895101,0.0548239651895101,"{""model__max_depth"": 10, ""model__max_features"": 0.7, ""model__min_samples_leaf"": 3, ""model__n_estimators"": 300}"
539,4,arousal,random_forest_optional,0.6125,0.5914898190716202,0.0210101809283798,"{""model__max_depth"": 10, ""model__max_features"": 0.7, ""model__min_samples_leaf"": 3, ""model__n_estimators"": 300}"
540,4,arousal,random_forest_optional,0.5125,0.6006730875953443,0.0881730875953443,"{""model__max_depth"": 10, ""model__max_features"": 0.7, ""model__min_samples_leaf"": 3, ""model__n_estimators"": 300}"
541,4,arousal,random_forest_optional,0.275,0.3371967538740167,0.0621967538740167,"{""model__max_depth"": 10, ""model__max_features"": 0.7, ""model__min_samples_leaf"": 3, ""model__n_estimators"": 300}"
561,4,arousal,random_forest_optional,0.825,0.7350568076842666,0.0899431923157333,"{""model__max_depth"": 10, ""model__max_features"": 0.7, ""model__min_samples_leaf"": 3, ""model__n_estimators"": 300}"
563,4,arousal,random_forest_optional,0.7375,0.6583099223757091,0.0791900776242909,"{""model__max_depth"": 10, ""model__max_features"": 0.7, ""model__min_samples_leaf"": 3, ""model__n_estimators"": 300}"
564,4,arousal,random_forest_optional,0.9,0.697300584067395,0.202699415932605,"{""model__max_depth"": 10, ""model__max_features"": 0.7, ""model__min_samples_leaf"": 3, ""model__n_estimators"": 300}"
567,4,arousal,random_forest_optional,0.875,0.8015977595683389,0.0734022404316611,"{""model__max_depth"": 10, ""model__max_features"": 0.7, ""model__min_samples_leaf"": 3, ""model__n_estimators"": 300}"
573,4,arousal,random_forest_optional,0.7625,0.8174683388542302,0.0549683388542302,"{""model__max_depth"": 10, ""model__max_features"": 0.7, ""model__min_samples_leaf"": 3, ""model__n_estimators"": 300}"
575,4,arousal,random_forest_optional,0.825,0.774697388605032,0.0503026113949679,"{""model__max_depth"": 10, ""model__max_features"": 0.7, ""model__min_samples_leaf"": 3, ""model__n_estimators"": 300}"
584,4,arousal,random_forest_optional,0.375,0.4749052209454857,0.0999052209454857,"{""model__max_depth"": 10, ""model__max_features"": 0.7, ""model__min_samples_leaf"": 3, ""model__n_estimators"": 300}"
594,4,arousal,random_forest_optional,0.5125,0.5131060096557005,0.0006060096557005,"{""model__max_depth"": 10, ""model__max_features"": 0.7, ""model__min_samples_leaf"": 3, ""model__n_estimators"": 300}"
595,4,arousal,random_forest_optional,0.3875,0.4278801779991495,0.0403801779991495,"{""model__max_depth"": 10, ""model__max_features"": 0.7, ""model__min_samples_leaf"": 3, ""model__n_estimators"": 300}"
600,4,arousal,random_forest_optional,0.4125,0.3902424158504744,0.0222575841495255,"{""model__max_depth"": 10, ""model__max_features"": 0.7, ""model__min_samples_leaf"": 3, ""model__n_estimators"": 300}"
602,4,arousal,random_forest_optional,0.6125,0.6738171016483505,0.0613171016483504,"{""model__max_depth"": 10, ""model__max_features"": 0.7, ""model__min_samples_leaf"": 3, ""model__n_estimators"": 300}"
603,4,arousal,random_forest_optional,0.8125,0.8376058656316869,0.0251058656316869,"{""model__max_depth"": 10, ""model__max_features"": 0.7, ""model__min_samples_leaf"": 3, ""model__n_estimators"": 300}"
607,4,arousal,random_forest_optional,0.7125,0.794087949984576,0.0815879499845759,"{""model__max_depth"": 10, ""model__max_features"": 0.7, ""model__min_samples_leaf"": 3, ""model__n_estimators"": 300}"
611,4,arousal,random_forest_optional,0.675,0.6038843694109415,0.0711156305890585,"{""model__max_depth"": 10, ""model__max_features"": 0.7, ""model__min_samples_leaf"": 3, ""model__n_estimators"": 300}"
613,4,arousal,random_forest_optional,0.5875,0.7569289809368994,0.1694289809368994,"{""model__max_depth"": 10, ""model__max_features"": 0.7, ""model__min_samples_leaf"": 3, ""model__n_estimators"": 300}"
615,4,arousal,random_forest_optional,0.7375,0.7571075777814901,0.01960757778149,"{""model__max_depth"": 10, ""model__max_features"": 0.7, ""model__min_samples_leaf"": 3, ""model__n_estimators"": 300}"
616,4,arousal,random_forest_optional,0.8625,0.8228996809111299,0.0396003190888701,"{""model__max_depth"": 10, ""model__max_features"": 0.7, ""model__min_samples_leaf"": 3, ""model__n_estimators"": 300}"
639,4,arousal,random_forest_optional,0.775,0.7606863849928923,0.0143136150071077,"{""model__max_depth"": 10, ""model__max_features"": 0.7, ""model__min_samples_leaf"": 3, ""model__n_estimators"": 300}"
644,4,arousal,random_forest_optional,0.7375,0.6050682779803888,0.1324317220196113,"{""model__max_depth"": 10, ""model__max_features"": 0.7, ""model__min_samples_leaf"": 3, ""model__n_estimators"": 300}"
650,4,arousal,random_forest_optional,0.6375,0.598342873543346,0.0391571264566539,"{""model__max_depth"": 10, ""model__max_features"": 0.7, ""model__min_samples_leaf"": 3, ""model__n_estimators"": 300}"
657,4,arousal,random_forest_optional,0.6,0.582191316179975,0.0178086838200249,"{""model__max_depth"": 10, ""model__max_features"": 0.7, ""model__min_samples_leaf"": 3, ""model__n_estimators"": 300}"
659,4,arousal,random_forest_optional,0.3875,0.5692879889728863,0.1817879889728863,"{""model__max_depth"": 10, ""model__max_features"": 0.7, ""model__min_samples_leaf"": 3, ""model__n_estimators"": 300}"
674,4,arousal,random_forest_optional,0.3875,0.5379698663335011,0.150469866333501,"{""model__max_depth"": 10, ""model__max_features"": 0.7, ""model__min_samples_leaf"": 3, ""model__n_estimators"": 300}"
683,4,arousal,random_forest_optional,0.2375,0.3053148472320926,0.0678148472320926,"{""model__max_depth"": 10, ""model__max_features"": 0.7, ""model__min_samples_leaf"": 3, ""model__n_estimators"": 300}"
693,4,arousal,random_forest_optional,0.6,0.5689413263572078,0.0310586736427921,"{""model__max_depth"": 10, ""model__max_features"": 0.7, ""model__min_samples_leaf"": 3, ""model__n_estimators"": 300}"
703,4,arousal,random_forest_optional,0.545454545455,0.525515296165502,0.019939249289498,"{""model__max_depth"": 10, ""model__max_features"": 0.7, ""model__min_samples_leaf"": 3, ""model__n_estimators"": 300}"
716,4,arousal,random_forest_optional,0.5,0.4943112011950699,0.0056887988049301,"{""model__max_depth"": 10, ""model__max_features"": 0.7, ""model__min_samples_leaf"": 3, ""model__n_estimators"": 300}"
726,4,arousal,random_forest_optional,0.7375,0.8516459642726688,0.1141459642726687,"{""model__max_depth"": 10, ""model__max_features"": 0.7, ""model__min_samples_leaf"": 3, ""model__n_estimators"": 300}"
734,4,arousal,random_forest_optional,0.8375,0.6242696006601282,0.2132303993398718,"{""model__max_depth"": 10, ""model__max_features"": 0.7, ""model__min_samples_leaf"": 3, ""model__n_estimators"": 300}"
740,4,arousal,random_forest_optional,0.7954545454549999,0.7694665967959856,0.0259879486590143,"{""model__max_depth"": 10, ""model__max_features"": 0.7, ""model__min_samples_leaf"": 3, ""model__n_estimators"": 300}"
744,4,arousal,random_forest_optional,0.8125,0.7511956733354741,0.0613043266645259,"{""model__max_depth"": 10, ""model__max_features"": 0.7, ""model__min_samples_leaf"": 3, ""model__n_estimators"": 300}"
760,4,arousal,random_forest_optional,0.7875,0.8408590992886382,0.0533590992886382,"{""model__max_depth"": 10, ""model__max_features"": 0.7, ""model__min_samples_leaf"": 3, ""model__n_estimators"": 300}"
771,4,arousal,random_forest_optional,0.425,0.5570764497834915,0.1320764497834914,"{""model__max_depth"": 10, ""model__max_features"": 0.7, ""model__min_samples_leaf"": 3, ""model__n_estimators"": 300}"
774,4,arousal,random_forest_optional,0.6375,0.6843820302728488,0.0468820302728488,"{""model__max_depth"": 10, ""model__max_features"": 0.7, ""model__min_samples_leaf"": 3, ""model__n_estimators"": 300}"
775,4,arousal,random_forest_optional,0.3375,0.585762834098152,0.2482628340981519,"{""model__max_depth"": 10, ""model__max_features"": 0.7, ""model__min_samples_leaf"": 3, ""model__n_estimators"": 300}"
778,4,arousal,random_forest_optional,0.9125,0.8214168284167667,0.0910831715832333,"{""model__max_depth"": 10, ""model__max_features"": 0.7, ""model__min_samples_leaf"": 3, ""model__n_estimators"": 300}"
786,4,arousal,random_forest_optional,0.725,0.5696614374592999,0.1553385625407001,"{""model__max_depth"": 10, ""model__max_features"": 0.7, ""model__min_samples_leaf"": 3, ""model__n_estimators"": 300}"
794,4,arousal,random_forest_optional,0.575,0.5335513825150386,0.0414486174849613,"{""model__max_depth"": 10, ""model__max_features"": 0.7, ""model__min_samples_leaf"": 3, ""model__n_estimators"": 300}"
798,4,arousal,random_forest_optional,0.7375,0.6529286870038915,0.0845713129961085,"{""model__max_depth"": 10, ""model__max_features"": 0.7, ""model__min_samples_leaf"": 3, ""model__n_estimators"": 300}"
799,4,arousal,random_forest_optional,0.7625,0.719392908461931,0.0431070915380689,"{""model__max_depth"": 10, ""model__max_features"": 0.7, ""model__min_samples_leaf"": 3, ""model__n_estimators"": 300}"
806,4,arousal,random_forest_optional,0.6125,0.5886065934315722,0.0238934065684278,"{""model__max_depth"": 10, ""model__max_features"": 0.7, ""model__min_samples_leaf"": 3, ""model__n_estimators"": 300}"
815,4,arousal,random_forest_optional,0.2875,0.3659957764944638,0.0784957764944638,"{""model__max_depth"": 10, ""model__max_features"": 0.7, ""model__min_samples_leaf"": 3, ""model__n_estimators"": 300}"
824,4,arousal,random_forest_optional,0.8625,0.820032236359596,0.042467763640404,"{""model__max_depth"": 10, ""model__max_features"": 0.7, ""model__min_samples_leaf"": 3, ""model__n_estimators"": 300}"
827,4,arousal,random_forest_optional,0.6,0.5862173428240974,0.0137826571759025,"{""model__max_depth"": 10, ""model__max_features"": 0.7, ""model__min_samples_leaf"": 3, ""model__n_estimators"": 300}"
830,4,arousal,random_forest_optional,0.775,0.7724482267010291,0.0025517732989709,"{""model__max_depth"": 10, ""model__max_features"": 0.7, ""model__min_samples_leaf"": 3, ""model__n_estimators"": 300}"
832,4,arousal,random_forest_optional,0.85,0.7765543957684143,0.0734456042315856,"{""model__max_depth"": 10, ""model__max_features"": 0.7, ""model__min_samples_leaf"": 3, ""model__n_estimators"": 300}"
848,4,arousal,random_forest_optional,0.7125,0.7895306808770409,0.0770306808770409,"{""model__max_depth"": 10, ""model__max_features"": 0.7, ""model__min_samples_leaf"": 3, ""model__n_estimators"": 300}"
861,4,arousal,random_forest_optional,0.7625,0.8069395358432947,0.0444395358432947,"{""model__max_depth"": 10, ""model__max_features"": 0.7, ""model__min_samples_leaf"": 3, ""model__n_estimators"": 300}"
868,4,arousal,random_forest_optional,0.7,0.6738710384970351,0.0261289615029648,"{""model__max_depth"": 10, ""model__max_features"": 0.7, ""model__min_samples_leaf"": 3, ""model__n_estimators"": 300}"
913,4,arousal,random_forest_optional,0.35,0.3355502819235063,0.0144497180764936,"{""model__max_depth"": 10, ""model__max_features"": 0.7, ""model__min_samples_leaf"": 3, ""model__n_estimators"": 300}"
927,4,arousal,random_forest_optional,0.5625,0.6412240063614765,0.0787240063614764,"{""model__max_depth"": 10, ""model__max_features"": 0.7, ""model__min_samples_leaf"": 3, ""model__n_estimators"": 300}"
932,4,arousal,random_forest_optional,0.7,0.6373981496273605,0.0626018503726394,"{""model__max_depth"": 10, ""model__max_features"": 0.7, ""model__min_samples_leaf"": 3, ""model__n_estimators"": 300}"
933,4,arousal,random_forest_optional,0.8125,0.7891927466669891,0.0233072533330108,"{""model__max_depth"": 10, ""model__max_features"": 0.7, ""model__min_samples_leaf"": 3, ""model__n_estimators"": 300}"
950,4,arousal,random_forest_optional,0.7,0.5994055031324589,0.100594496867541,"{""model__max_depth"": 10, ""model__max_features"": 0.7, ""model__min_samples_leaf"": 3, ""model__n_estimators"": 300}"
958,4,arousal,random_forest_optional,0.825,0.6766067382154843,0.1483932617845156,"{""model__max_depth"": 10, ""model__max_features"": 0.7, ""model__min_samples_leaf"": 3, ""model__n_estimators"": 300}"
959,4,arousal,random_forest_optional,0.8,0.6522348427824621,0.1477651572175379,"{""model__max_depth"": 10, ""model__max_features"": 0.7, ""model__min_samples_leaf"": 3, ""model__n_estimators"": 300}"
962,4,arousal,random_forest_optional,0.6375,0.6820936484274186,0.0445936484274186,"{""model__max_depth"": 10, ""model__max_features"": 0.7, ""model__min_samples_leaf"": 3, ""model__n_estimators"": 300}"
969,4,arousal,random_forest_optional,0.5125,0.5364168531487414,0.0239168531487414,"{""model__max_depth"": 10, ""model__max_features"": 0.7, ""model__min_samples_leaf"": 3, ""model__n_estimators"": 300}"
970,4,arousal,random_forest_optional,0.7,0.5632784656013087,0.1367215343986912,"{""model__max_depth"": 10, ""model__max_features"": 0.7, ""model__min_samples_leaf"": 3, ""model__n_estimators"": 300}"
980,4,arousal,random_forest_optional,0.6375,0.6814143949175706,0.0439143949175706,"{""model__max_depth"": 10, ""model__max_features"": 0.7, ""model__min_samples_leaf"": 3, ""model__n_estimators"": 300}"
5,0,valence,random_forest_optional,0.2,0.3496920685690635,0.1496920685690634,"{""model__max_depth"": null, ""model__max_features"": 0.7, ""model__min_samples_leaf"": 3, ""model__n_estimators"": 300}"
9,0,valence,random_forest_optional,0.2875,0.4795068874412675,0.1920068874412675,"{""model__max_depth"": null, ""model__max_features"": 0.7, ""model__min_samples_leaf"": 3, ""model__n_estimators"": 300}"
12,0,valence,random_forest_optional,0.575,0.5752865909553452,0.0002865909553452,"{""model__max_depth"": null, ""model__max_features"": 0.7, ""model__min_samples_leaf"": 3, ""model__n_estimators"": 300}"
18,0,valence,random_forest_optional,0.8375,0.6309836023929806,0.2065163976070194,"{""model__max_depth"": null, ""model__max_features"": 0.7, ""model__min_samples_leaf"": 3, ""model__n_estimators"": 300}"
20,0,valence,random_forest_optional,0.6375,0.6666540365884183,0.0291540365884183,"{""model__max_depth"": null, ""model__max_features"": 0.7, ""model__min_samples_leaf"": 3, ""model__n_estimators"": 300}"
23,0,valence,random_forest_optional,0.675,0.6785372287539958,0.0035372287539957,"{""model__max_depth"": null, ""model__max_features"": 0.7, ""model__min_samples_leaf"": 3, ""model__n_estimators"": 300}"
30,0,valence,random_forest_optional,0.5375,0.5726739673520931,0.0351739673520931,"{""model__max_depth"": null, ""model__max_features"": 0.7, ""model__min_samples_leaf"": 3, ""model__n_estimators"": 300}"
33,0,valence,random_forest_optional,0.75,0.594485462170407,0.155514537829593,"{""model__max_depth"": null, ""model__max_features"": 0.7, ""model__min_samples_leaf"": 3, ""model__n_estimators"": 300}"
37,0,valence,random_forest_optional,0.75,0.6533465460728228,0.0966534539271771,"{""model__max_depth"": null, ""model__max_features"": 0.7, ""model__min_samples_leaf"": 3, ""model__n_estimators"": 300}"
38,0,valence,random_forest_optional,0.8375,0.7652140242333405,0.0722859757666595,"{""model__max_depth"": null, ""model__max_features"": 0.7, ""model__min_samples_leaf"": 3, ""model__n_estimators"": 300}"
49,0,valence,random_forest_optional,0.7125,0.7057760968724,0.0067239031276,"{""model__max_depth"": null, ""model__max_features"": 0.7, ""model__min_samples_leaf"": 3, ""model__n_estimators"": 300}"
63,0,valence,random_forest_optional,0.4625,0.47085221109909,0.00835221109909,"{""model__max_depth"": null, ""model__max_features"": 0.7, ""model__min_samples_leaf"": 3, ""model__n_estimators"": 300}"
65,0,valence,random_forest_optional,0.75,0.5910583694083704,0.1589416305916295,"{""model__max_depth"": null, ""model__max_features"": 0.7, ""model__min_samples_leaf"": 3, ""model__n_estimators"": 300}"
69,0,valence,random_forest_optional,0.775,0.7124530648749401,0.0625469351250599,"{""model__max_depth"": null, ""model__max_features"": 0.7, ""model__min_samples_leaf"": 3, ""model__n_estimators"": 300}"
70,0,valence,random_forest_optional,0.525,0.6413041213626464,0.1163041213626463,"{""model__max_depth"": null, ""model__max_features"": 0.7, ""model__min_samples_leaf"": 3, ""model__n_estimators"": 300}"
75,0,valence,random_forest_optional,0.7375,0.752059333322399,0.014559333322399,"{""model__max_depth"": null, ""model__max_features"": 0.7, ""model__min_samples_leaf"": 3, ""model__n_estimators"": 300}"
87,0,valence,random_forest_optional,0.6,0.683806167054745,0.0838061670547449,"{""model__max_depth"": null, ""model__max_features"": 0.7, ""model__min_samples_leaf"": 3, ""model__n_estimators"": 300}"
90,0,valence,random_forest_optional,0.4875,0.634139776006818,0.146639776006818,"{""model__max_depth"": null, ""model__max_features"": 0.7, ""model__min_samples_leaf"": 3, ""model__n_estimators"": 300}"
92,0,valence,random_forest_optional,0.575,0.634139776006818,0.059139776006818,"{""model__max_depth"": null, ""model__max_features"": 0.7, ""model__min_samples_leaf"": 3, ""model__n_estimators"": 300}"
100,0,valence,random_forest_optional,0.3,0.4479137355699917,0.1479137355699917,"{""model__max_depth"": null, ""model__max_features"": 0.7, ""model__min_samples_leaf"": 3, ""model__n_estimators"": 300}"
113,0,valence,random_forest_optional,0.7125,0.63668416005291,0.07581583994709,"{""model__max_depth"": null, ""model__max_features"": 0.7, ""model__min_samples_leaf"": 3, ""model__n_estimators"": 300}"
124,0,valence,random_forest_optional,0.8375,0.6906545589826832,0.1468454410173167,"{""model__max_depth"": null, ""model__max_features"": 0.7, ""model__min_samples_leaf"": 3, ""model__n_estimators"": 300}"
126,0,valence,random_forest_optional,0.7,0.6269368491462259,0.073063150853774,"{""model__max_depth"": null, ""model__max_features"": 0.7, ""model__min_samples_leaf"": 3, ""model__n_estimators"": 300}"
128,0,valence,random_forest_optional,0.6,0.5324495054713797,0.0675504945286202,"{""model__max_depth"": null, ""model__max_features"": 0.7, ""model__min_samples_leaf"": 3, ""model__n_estimators"": 300}"
136,0,valence,random_forest_optional,0.525,0.4928793922512719,0.0321206077487281,"{""model__max_depth"": null, ""model__max_features"": 0.7, ""model__min_samples_leaf"": 3, ""model__n_estimators"": 300}"
141,0,valence,random_forest_optional,0.65,0.5217734583703391,0.1282265416296609,"{""model__max_depth"": null, ""model__max_features"": 0.7, ""model__min_samples_leaf"": 3, ""model__n_estimators"": 300}"
142,0,valence,random_forest_optional,0.625,0.4983988575082348,0.1266011424917651,"{""model__max_depth"": null, ""model__max_features"": 0.7, ""model__min_samples_leaf"": 3, ""model__n_estimators"": 300}"
166,0,valence,random_forest_optional,0.575,0.6425759333049097,0.0675759333049097,"{""model__max_depth"": null, ""model__max_features"": 0.7, ""model__min_samples_leaf"": 3, ""model__n_estimators"": 300}"
174,0,valence,random_forest_optional,0.534090909091,0.589578758615124,0.055487849524124,"{""model__max_depth"": null, ""model__max_features"": 0.7, ""model__min_samples_leaf"": 3, ""model__n_estimators"": 300}"
176,0,valence,random_forest_optional,0.65,0.6289904115560366,0.0210095884439633,"{""model__max_depth"": null, ""model__max_features"": 0.7, ""model__min_samples_leaf"": 3, ""model__n_estimators"": 300}"
181,0,valence,random_forest_optional,0.625,0.4929881595256635,0.1320118404743364,"{""model__max_depth"": null, ""model__max_features"": 0.7, ""model__min_samples_leaf"": 3, ""model__n_estimators"": 300}"
184,0,valence,random_forest_optional,0.6375,0.656374074536572,0.018874074536572,"{""model__max_depth"": null, ""model__max_features"": 0.7, ""model__min_samples_leaf"": 3, ""model__n_estimators"": 300}"
187,0,valence,random_forest_optional,0.675,0.5603499755400336,0.1146500244599664,"{""model__max_depth"": null, ""model__max_features"": 0.7, ""model__min_samples_leaf"": 3, ""model__n_estimators"": 300}"
199,0,valence,random_forest_optional,0.6875,0.5700745998214768,0.1174254001785232,"{""model__max_depth"": null, ""model__max_features"": 0.7, ""model__min_samples_leaf"": 3, ""model__n_estimators"": 300}"
200,0,valence,random_forest_optional,0.5625,0.4307777026214585,0.1317222973785414,"{""model__max_depth"": null, ""model__max_features"": 0.7, ""model__min_samples_leaf"": 3, ""model__n_estimators"": 300}"
202,0,valence,random_forest_optional,0.7625,0.7048627014189506,0.0576372985810493,"{""model__max_depth"": null, ""model__max_features"": 0.7, ""model__min_samples_leaf"": 3, ""model__n_estimators"": 300}"
210,0,valence,random_forest_optional,0.725,0.7376245727126383,0.0126245727126382,"{""model__max_depth"": null, ""model__max_features"": 0.7, ""model__min_samples_leaf"": 3, ""model__n_estimators"": 300}"
217,0,valence,random_forest_optional,0.575,0.6886890211640231,0.1136890211640231,"{""model__max_depth"": null, ""model__max_features"": 0.7, ""model__min_samples_leaf"": 3, ""model__n_estimators"": 300}"
219,0,valence,random_forest_optional,0.75,0.6910086696867935,0.0589913303132064,"{""model__max_depth"": null, ""model__max_features"": 0.7, ""model__min_samples_leaf"": 3, ""model__n_estimators"": 300}"
231,0,valence,random_forest_optional,0.55,0.4718155732945528,0.0781844267054472,"{""model__max_depth"": null, ""model__max_features"": 0.7, ""model__min_samples_leaf"": 3, ""model__n_estimators"": 300}"
234,0,valence,random_forest_optional,0.4375,0.3735531547156594,0.0639468452843405,"{""model__max_depth"": null, ""model__max_features"": 0.7, ""model__min_samples_leaf"": 3, ""model__n_estimators"": 300}"
239,0,valence,random_forest_optional,0.6875,0.417777440383698,0.269722559616302,"{""model__max_depth"": null, ""model__max_features"": 0.7, ""model__min_samples_leaf"": 3, ""model__n_estimators"": 300}"
242,0,valence,random_forest_optional,0.6125,0.4984748481842257,0.1140251518157743,"{""model__max_depth"": null, ""model__max_features"": 0.7, ""model__min_samples_leaf"": 3, ""model__n_estimators"": 300}"
251,0,valence,random_forest_optional,0.4659090909089999,0.543116523869654,0.0772074329606541,"{""model__max_depth"": null, ""model__max_features"": 0.7, ""model__min_samples_leaf"": 3, ""model__n_estimators"": 300}"
253,0,valence,random_forest_optional,0.525,0.4008959280303091,0.1241040719696908,"{""model__max_depth"": null, ""model__max_features"": 0.7, ""model__min_samples_leaf"": 3, ""model__n_estimators"": 300}"
263,0,valence,random_forest_optional,0.35,0.4649196135199004,0.1149196135199004,"{""model__max_depth"": null, ""model__max_features"": 0.7, ""model__min_samples_leaf"": 3, ""model__n_estimators"": 300}"
267,0,valence,random_forest_optional,0.35,0.4381210681679497,0.0881210681679497,"{""model__max_depth"": null, ""model__max_features"": 0.7, ""model__min_samples_leaf"": 3, ""model__n_estimators"": 300}"
269,0,valence,random_forest_optional,0.6375,0.4994457515863784,0.1380542484136215,"{""model__max_depth"": null, ""model__max_features"": 0.7, ""model__min_samples_leaf"": 3, ""model__n_estimators"": 300}"
273,0,valence,random_forest_optional,0.3625,0.4247706991451362,0.0622706991451362,"{""model__max_depth"": null, ""model__max_features"": 0.7, ""model__min_samples_leaf"": 3, ""model__n_estimators"": 300}"
280,0,valence,random_forest_optional,0.525,0.3811570710539528,0.1438429289460472,"{""model__max_depth"": null, ""model__max_features"": 0.7, ""model__min_samples_leaf"": 3, ""model__n_estimators"": 300}"
292,0,valence,random_forest_optional,0.8625,0.690166781829281,0.172333218170719,"{""model__max_depth"": null, ""model__max_features"": 0.7, ""model__min_samples_leaf"": 3, ""model__n_estimators"": 300}"
296,0,valence,random_forest_optional,0.8,0.7309971245189972,0.0690028754810028,"{""model__max_depth"": null, ""model__max_features"": 0.7, ""model__min_samples_leaf"": 3, ""model__n_estimators"": 300}"
306,0,valence,random_forest_optional,0.875,0.737549810679637,0.137450189320363,"{""model__max_depth"": null, ""model__max_features"": 0.7, ""model__min_samples_leaf"": 3, ""model__n_estimators"": 300}"
307,0,valence,random_forest_optional,0.575,0.6145755695482922,0.0395755695482922,"{""model__max_depth"": null, ""model__max_features"": 0.7, ""model__min_samples_leaf"": 3, ""model__n_estimators"": 300}"
310,0,valence,random_forest_optional,0.675,0.5303990739374291,0.1446009260625709,"{""model__max_depth"": null, ""model__max_features"": 0.7, ""model__min_samples_leaf"": 3, ""model__n_estimators"": 300}"
312,0,valence,random_forest_optional,0.7875,0.7548109344989945,0.0326890655010054,"{""model__max_depth"": null, ""model__max_features"": 0.7, ""model__min_samples_leaf"": 3, ""model__n_estimators"": 300}"
318,0,valence,random_forest_optional,0.825,0.6610545622622338,0.1639454377377661,"{""model__max_depth"": null, ""model__max_features"": 0.7, ""model__min_samples_leaf"": 3, ""model__n_estimators"": 300}"
323,0,valence,random_forest_optional,0.725,0.6607407335509627,0.0642592664490372,"{""model__max_depth"": null, ""model__max_features"": 0.7, ""model__min_samples_leaf"": 3, ""model__n_estimators"": 300}"
329,0,valence,random_forest_optional,0.7875,0.7520998718873692,0.0354001281126308,"{""model__max_depth"": null, ""model__max_features"": 0.7, ""model__min_samples_leaf"": 3, ""model__n_estimators"": 300}"
332,0,valence,random_forest_optional,0.725,0.6593280855718366,0.0656719144281633,"{""model__max_depth"": null, ""model__max_features"": 0.7, ""model__min_samples_leaf"": 3, ""model__n_estimators"": 300}"
338,0,valence,random_forest_optional,0.7125,0.7242834627388584,0.0117834627388583,"{""model__max_depth"": null, ""model__max_features"": 0.7, ""model__min_samples_leaf"": 3, ""model__n_estimators"": 300}"
341,0,valence,random_forest_optional,0.8,0.6695477122414623,0.1304522877585378,"{""model__max_depth"": null, ""model__max_features"": 0.7, ""model__min_samples_leaf"": 3, ""model__n_estimators"": 300}"
347,0,valence,random_forest_optional,0.3375,0.4522899319745954,0.1147899319745954,"{""model__max_depth"": null, ""model__max_features"": 0.7, ""model__min_samples_leaf"": 3, ""model__n_estimators"": 300}"
353,0,valence,random_forest_optional,0.5875,0.5963352961432519,0.0088352961432518,"{""model__max_depth"": null, ""model__max_features"": 0.7, ""model__min_samples_leaf"": 3, ""model__n_estimators"": 300}"
375,0,valence,random_forest_optional,0.775,0.6794154701779689,0.0955845298220311,"{""model__max_depth"": null, ""model__max_features"": 0.7, ""model__min_samples_leaf"": 3, ""model__n_estimators"": 300}"
376,0,valence,random_forest_optional,0.6625,0.4741553418383025,0.1883446581616975,"{""model__max_depth"": null, ""model__max_features"": 0.7, ""model__min_samples_leaf"": 3, ""model__n_estimators"": 300}"
399,0,valence,random_forest_optional,0.45,0.5229950066137622,0.0729950066137621,"{""model__max_depth"": null, ""model__max_features"": 0.7, ""model__min_samples_leaf"": 3, ""model__n_estimators"": 300}"
411,0,valence,random_forest_optional,0.6375,0.4829441410756801,0.1545558589243198,"{""model__max_depth"": null, ""model__max_features"": 0.7, ""model__min_samples_leaf"": 3, ""model__n_estimators"": 300}"
418,0,valence,random_forest_optional,0.375,0.483725111504663,0.108725111504663,"{""model__max_depth"": null, ""model__max_features"": 0.7, ""model__min_samples_leaf"": 3, ""model__n_estimators"": 300}"
420,0,valence,random_forest_optional,0.55,0.5122952257233542,0.0377047742766458,"{""model__max_depth"": null, ""model__max_features"": 0.7, ""model__min_samples_leaf"": 3, ""model__n_estimators"": 300}"
432,0,valence,random_forest_optional,0.4,0.453089959766666,0.0530899597666659,"{""model__max_depth"": null, ""model__max_features"": 0.7, ""model__min_samples_leaf"": 3, ""model__n_estimators"": 300}"
434,0,valence,random_forest_optional,0.3875,0.5213202098091312,0.1338202098091311,"{""model__max_depth"": null, ""model__max_features"": 0.7, ""model__min_samples_leaf"": 3, ""model__n_estimators"": 300}"
455,0,valence,random_forest_optional,0.7375,0.6537790434102956,0.0837209565897044,"{""model__max_depth"": null, ""model__max_features"": 0.7, ""model__min_samples_leaf"": 3, ""model__n_estimators"": 300}"
466,0,valence,random_forest_optional,0.7375,0.5676491077735422,0.1698508922264578,"{""model__max_depth"": null, ""model__max_features"": 0.7, ""model__min_samples_leaf"": 3, ""model__n_estimators"": 300}"
478,0,valence,random_forest_optional,0.675,0.633828496965998,0.041171503034002,"{""model__max_depth"": null, ""model__max_features"": 0.7, ""model__min_samples_leaf"": 3, ""model__n_estimators"": 300}"
484,0,valence,random_forest_optional,0.625,0.5492532053594569,0.0757467946405431,"{""model__max_depth"": null, ""model__max_features"": 0.7, ""model__min_samples_leaf"": 3, ""model__n_estimators"": 300}"
486,0,valence,random_forest_optional,0.575,0.4954545699775856,0.0795454300224143,"{""model__max_depth"": null, ""model__max_features"": 0.7, ""model__min_samples_leaf"": 3, ""model__n_estimators"": 300}"
489,0,valence,random_forest_optional,0.7954545454549999,0.7532545255144661,0.0422000199405337,"{""model__max_depth"": null, ""model__max_features"": 0.7, ""model__min_samples_leaf"": 3, ""model__n_estimators"": 300}"
491,0,valence,random_forest_optional,0.4375,0.4543910195128982,0.0168910195128982,"{""model__max_depth"": null, ""model__max_features"": 0.7, ""model__min_samples_leaf"": 3, ""model__n_estimators"": 300}"
492,0,valence,random_forest_optional,0.7875,0.6655377750721483,0.1219622249278516,"{""model__max_depth"": null, ""model__max_features"": 0.7, ""model__min_samples_leaf"": 3, ""model__n_estimators"": 300}"
493,0,valence,random_forest_optional,0.75,0.7024923604173577,0.0475076395826422,"{""model__max_depth"": null, ""model__max_features"": 0.7, ""model__min_samples_leaf"": 3, ""model__n_estimators"": 300}"
499,0,valence,random_forest_optional,0.825,0.6893965831622085,0.1356034168377914,"{""model__max_depth"": null, ""model__max_features"": 0.7, ""model__min_samples_leaf"": 3, ""model__n_estimators"": 300}"
515,0,valence,random_forest_optional,0.7875,0.6866997832764897,0.1008002167235102,"{""model__max_depth"": null, ""model__max_features"": 0.7, ""model__min_samples_leaf"": 3, ""model__n_estimators"": 300}"
517,0,valence,random_forest_optional,0.425,0.5036491735537303,0.0786491735537303,"{""model__max_depth"": null, ""model__max_features"": 0.7, ""model__min_samples_leaf"": 3, ""model__n_estimators"": 300}"
519,0,valence,random_forest_optional,0.2625,0.3755904453080601,0.11309044530806,"{""model__max_depth"": null, ""model__max_features"": 0.7, ""model__min_samples_leaf"": 3, ""model__n_estimators"": 300}"
522,0,valence,random_forest_optional,0.4625,0.3667831979363287,0.0957168020636712,"{""model__max_depth"": null, ""model__max_features"": 0.7, ""model__min_samples_leaf"": 3, ""model__n_estimators"": 300}"
530,0,valence,random_forest_optional,0.3409090909089999,0.4328576502201551,0.0919485593111552,"{""model__max_depth"": null, ""model__max_features"": 0.7, ""model__min_samples_leaf"": 3, ""model__n_estimators"": 300}"
542,0,valence,random_forest_optional,0.6125,0.4760643367154762,0.1364356632845238,"{""model__max_depth"": null, ""model__max_features"": 0.7, ""model__min_samples_leaf"": 3, ""model__n_estimators"": 300}"
544,0,valence,random_forest_optional,0.625,0.5288694876251758,0.0961305123748241,"{""model__max_depth"": null, ""model__max_features"": 0.7, ""model__min_samples_leaf"": 3, ""model__n_estimators"": 300}"
548,0,valence,random_forest_optional,0.55,0.4137722387566182,0.1362277612433818,"{""model__max_depth"": null, ""model__max_features"": 0.7, ""model__min_samples_leaf"": 3, ""model__n_estimators"": 300}"
550,0,valence,random_forest_optional,0.375,0.480863710426783,0.105863710426783,"{""model__max_depth"": null, ""model__max_features"": 0.7, ""model__min_samples_leaf"": 3, ""model__n_estimators"": 300}"
555,0,valence,random_forest_optional,0.6875,0.6961481842652296,0.0086481842652296,"{""model__max_depth"": null, ""model__max_features"": 0.7, ""model__min_samples_leaf"": 3, ""model__n_estimators"": 300}"
560,0,valence,random_forest_optional,0.5125,0.6402773035991784,0.1277773035991785,"{""model__max_depth"": null, ""model__max_features"": 0.7, ""model__min_samples_leaf"": 3, ""model__n_estimators"": 300}"
569,0,valence,random_forest_optional,0.65,0.7191471218596196,0.0691471218596195,"{""model__max_depth"": null, ""model__max_features"": 0.7, ""model__min_samples_leaf"": 3, ""model__n_estimators"": 300}"
571,0,valence,random_forest_optional,0.725,0.6633306168789141,0.0616693831210858,"{""model__max_depth"": null, ""model__max_features"": 0.7, ""model__min_samples_leaf"": 3, ""model__n_estimators"": 300}"
578,0,valence,random_forest_optional,0.625,0.4812959114959137,0.1437040885040862,"{""model__max_depth"": null, ""model__max_features"": 0.7, ""model__min_samples_leaf"": 3, ""model__n_estimators"": 300}"
599,0,valence,random_forest_optional,0.55,0.6913615721610046,0.1413615721610045,"{""model__max_depth"": null, ""model__max_features"": 0.7, ""model__min_samples_leaf"": 3, ""model__n_estimators"": 300}"
601,0,valence,random_forest_optional,0.7,0.6384020112358204,0.0615979887641795,"{""model__max_depth"": null, ""model__max_features"": 0.7, ""model__min_samples_leaf"": 3, ""model__n_estimators"": 300}"
629,0,valence,random_forest_optional,0.5625,0.4983160410296822,0.0641839589703177,"{""model__max_depth"": null, ""model__max_features"": 0.7, ""model__min_samples_leaf"": 3, ""model__n_estimators"": 300}"
632,0,valence,random_forest_optional,0.6875,0.6702364031275934,0.0172635968724066,"{""model__max_depth"": null, ""model__max_features"": 0.7, ""model__min_samples_leaf"": 3, ""model__n_estimators"": 300}"
638,0,valence,random_forest_optional,0.775,0.7046243009305485,0.0703756990694515,"{""model__max_depth"": null, ""model__max_features"": 0.7, ""model__min_samples_leaf"": 3, ""model__n_estimators"": 300}"
646,0,valence,random_forest_optional,0.7875,0.7224970633007582,0.0650029366992417,"{""model__max_depth"": null, ""model__max_features"": 0.7, ""model__min_samples_leaf"": 3, ""model__n_estimators"": 300}"
649,0,valence,random_forest_optional,0.3125,0.5821930050694187,0.2696930050694187,"{""model__max_depth"": null, ""model__max_features"": 0.7, ""model__min_samples_leaf"": 3, ""model__n_estimators"": 300}"
662,0,valence,random_forest_optional,0.525,0.5881534499486191,0.063153449948619,"{""model__max_depth"": null, ""model__max_features"": 0.7, ""model__min_samples_leaf"": 3, ""model__n_estimators"": 300}"
675,0,valence,random_forest_optional,0.3,0.3457554301023091,0.0457554301023091,"{""model__max_depth"": null, ""model__max_features"": 0.7, ""model__min_samples_leaf"": 3, ""model__n_estimators"": 300}"
684,0,valence,random_forest_optional,0.45,0.6277030211476242,0.1777030211476242,"{""model__max_depth"": null, ""model__max_features"": 0.7, ""model__min_samples_leaf"": 3, ""model__n_estimators"": 300}"
685,0,valence,random_forest_optional,0.7375,0.688406523569023,0.049093476430977,"{""model__max_depth"": null, ""model__max_features"": 0.7, ""model__min_samples_leaf"": 3, ""model__n_estimators"": 300}"
686,0,valence,random_forest_optional,0.725,0.6528745531825103,0.0721254468174896,"{""model__max_depth"": null, ""model__max_features"": 0.7, ""model__min_samples_leaf"": 3, ""model__n_estimators"": 300}"
698,0,valence,random_forest_optional,0.2625,0.4297419118234524,0.1672419118234523,"{""model__max_depth"": null, ""model__max_features"": 0.7, ""model__min_samples_leaf"": 3, ""model__n_estimators"": 300}"
699,0,valence,random_forest_optional,0.775,0.6264643022486799,0.1485356977513201,"{""model__max_depth"": null, ""model__max_features"": 0.7, ""model__min_samples_leaf"": 3, ""model__n_estimators"": 300}"
707,0,valence,random_forest_optional,0.3,0.3974270790972543,0.0974270790972542,"{""model__max_depth"": null, ""model__max_features"": 0.7, ""model__min_samples_leaf"": 3, ""model__n_estimators"": 300}"
719,0,valence,random_forest_optional,0.5625,0.5473487789357114,0.0151512210642885,"{""model__max_depth"": null, ""model__max_features"": 0.7, ""model__min_samples_leaf"": 3, ""model__n_estimators"": 300}"
720,0,valence,random_forest_optional,0.6375,0.6544747944816159,0.0169747944816159,"{""model__max_depth"": null, ""model__max_features"": 0.7, ""model__min_samples_leaf"": 3, ""model__n_estimators"": 300}"
729,0,valence,random_forest_optional,0.4,0.4409419172262944,0.0409419172262944,"{""model__max_depth"": null, ""model__max_features"": 0.7, ""model__min_samples_leaf"": 3, ""model__n_estimators"": 300}"
742,0,valence,random_forest_optional,0.725,0.6147001743626748,0.1102998256373252,"{""model__max_depth"": null, ""model__max_features"": 0.7, ""model__min_samples_leaf"": 3, ""model__n_estimators"": 300}"
743,0,valence,random_forest_optional,0.725,0.6742186325774365,0.0507813674225634,"{""model__max_depth"": null, ""model__max_features"": 0.7, ""model__min_samples_leaf"": 3, ""model__n_estimators"": 300}"
746,0,valence,random_forest_optional,0.7875,0.6770684938693468,0.1104315061306532,"{""model__max_depth"": null, ""model__max_features"": 0.7, ""model__min_samples_leaf"": 3, ""model__n_estimators"": 300}"
749,0,valence,random_forest_optional,0.4875,0.4905343218439851,0.0030343218439851,"{""model__max_depth"": null, ""model__max_features"": 0.7, ""model__min_samples_leaf"": 3, ""model__n_estimators"": 300}"
769,0,valence,random_forest_optional,0.475,0.585199289830541,0.110199289830541,"{""model__max_depth"": null, ""model__max_features"": 0.7, ""model__min_samples_leaf"": 3, ""model__n_estimators"": 300}"
772,0,valence,random_forest_optional,0.6125,0.5836769320956822,0.0288230679043178,"{""model__max_depth"": null, ""model__max_features"": 0.7, ""model__min_samples_leaf"": 3, ""model__n_estimators"": 300}"
776,0,valence,random_forest_optional,0.5125,0.7279689278524479,0.2154689278524479,"{""model__max_depth"": null, ""model__max_features"": 0.7, ""model__min_samples_leaf"": 3, ""model__n_estimators"": 300}"
780,0,valence,random_forest_optional,0.4375,0.5208606034012315,0.0833606034012315,"{""model__max_depth"": null, ""model__max_features"": 0.7, ""model__min_samples_leaf"": 3, ""model__n_estimators"": 300}"
784,0,valence,random_forest_optional,0.35,0.4530664944378072,0.1030664944378072,"{""model__max_depth"": null, ""model__max_features"": 0.7, ""model__min_samples_leaf"": 3, ""model__n_estimators"": 300}"
788,0,valence,random_forest_optional,0.525,0.6890097983561063,0.1640097983561063,"{""model__max_depth"": null, ""model__max_features"": 0.7, ""model__min_samples_leaf"": 3, ""model__n_estimators"": 300}"
789,0,valence,random_forest_optional,0.125,0.4389645707091771,0.3139645707091771,"{""model__max_depth"": null, ""model__max_features"": 0.7, ""model__min_samples_leaf"": 3, ""model__n_estimators"": 300}"
791,0,valence,random_forest_optional,0.7125,0.7580619645400872,0.0455619645400872,"{""model__max_depth"": null, ""model__max_features"": 0.7, ""model__min_samples_leaf"": 3, ""model__n_estimators"": 300}"
809,0,valence,random_forest_optional,0.65,0.4234448626184463,0.2265551373815537,"{""model__max_depth"": null, ""model__max_features"": 0.7, ""model__min_samples_leaf"": 3, ""model__n_estimators"": 300}"
810,0,valence,random_forest_optional,0.65,0.4850799320313561,0.1649200679686439,"{""model__max_depth"": null, ""model__max_features"": 0.7, ""model__min_samples_leaf"": 3, ""model__n_estimators"": 300}"
812,0,valence,random_forest_optional,0.6875,0.6607629013347779,0.0267370986652221,"{""model__max_depth"": null, ""model__max_features"": 0.7, ""model__min_samples_leaf"": 3, ""model__n_estimators"": 300}"
820,0,valence,random_forest_optional,0.6,0.6494470032387676,0.0494470032387676,"{""model__max_depth"": null, ""model__max_features"": 0.7, ""model__min_samples_leaf"": 3, ""model__n_estimators"": 300}"
821,0,valence,random_forest_optional,0.75,0.7036450672959221,0.0463549327040778,"{""model__max_depth"": null, ""model__max_features"": 0.7, ""model__min_samples_leaf"": 3, ""model__n_estimators"": 300}"
835,0,valence,random_forest_optional,0.6125,0.706825359362858,0.0943253593628579,"{""model__max_depth"": null, ""model__max_features"": 0.7, ""model__min_samples_leaf"": 3, ""model__n_estimators"": 300}"
842,0,valence,random_forest_optional,0.35,0.59051790824916,0.2405179082491599,"{""model__max_depth"": null, ""model__max_features"": 0.7, ""model__min_samples_leaf"": 3, ""model__n_estimators"": 300}"
854,0,valence,random_forest_optional,0.7875,0.7417951561906048,0.0457048438093952,"{""model__max_depth"": null, ""model__max_features"": 0.7, ""model__min_samples_leaf"": 3, ""model__n_estimators"": 300}"
858,0,valence,random_forest_optional,0.6125,0.6416155214944992,0.0291155214944991,"{""model__max_depth"": null, ""model__max_features"": 0.7, ""model__min_samples_leaf"": 3, ""model__n_estimators"": 300}"
865,0,valence,random_forest_optional,0.7875,0.7418594171506065,0.0456405828493934,"{""model__max_depth"": null, ""model__max_features"": 0.7, ""model__min_samples_leaf"": 3, ""model__n_estimators"": 300}"
870,0,valence,random_forest_optional,0.5625,0.6348398906648911,0.0723398906648911,"{""model__max_depth"": null, ""model__max_features"": 0.7, ""model__min_samples_leaf"": 3, ""model__n_estimators"": 300}"
876,0,valence,random_forest_optional,0.775,0.6641319240839083,0.1108680759160917,"{""model__max_depth"": null, ""model__max_features"": 0.7, ""model__min_samples_leaf"": 3, ""model__n_estimators"": 300}"
883,0,valence,random_forest_optional,0.725,0.6845941621509772,0.0404058378490227,"{""model__max_depth"": null, ""model__max_features"": 0.7, ""model__min_samples_leaf"": 3, ""model__n_estimators"": 300}"
890,0,valence,random_forest_optional,0.7875,0.6723751273768317,0.1151248726231682,"{""model__max_depth"": null, ""model__max_features"": 0.7, ""model__min_samples_leaf"": 3, ""model__n_estimators"": 300}"
895,0,valence,random_forest_optional,0.5125,0.603245588323713,0.090745588323713,"{""model__max_depth"": null, ""model__max_features"": 0.7, ""model__min_samples_leaf"": 3, ""model__n_estimators"": 300}"
903,0,valence,random_forest_optional,0.6,0.7241780077561369,0.1241780077561369,"{""model__max_depth"": null, ""model__max_features"": 0.7, ""model__min_samples_leaf"": 3, ""model__n_estimators"": 300}"
906,0,valence,random_forest_optional,0.4375,0.4709032628251407,0.0334032628251407,"{""model__max_depth"": null, ""model__max_features"": 0.7, ""model__min_samples_leaf"": 3, ""model__n_estimators"": 300}"
917,0,valence,random_forest_optional,0.6625,0.716999373196248,0.0544993731962479,"{""model__max_depth"": null, ""model__max_features"": 0.7, ""model__min_samples_leaf"": 3, ""model__n_estimators"": 300}"
924,0,valence,random_forest_optional,0.65,0.6134612542550051,0.0365387457449949,"{""model__max_depth"": null, ""model__max_features"": 0.7, ""model__min_samples_leaf"": 3, ""model__n_estimators"": 300}"
938,0,valence,random_forest_optional,0.75,0.7203879683552944,0.0296120316447056,"{""model__max_depth"": null, ""model__max_features"": 0.7, ""model__min_samples_leaf"": 3, ""model__n_estimators"": 300}"
939,0,valence,random_forest_optional,0.6625,0.7421059332502492,0.0796059332502492,"{""model__max_depth"": null, ""model__max_features"": 0.7, ""model__min_samples_leaf"": 3, ""model__n_estimators"": 300}"
940,0,valence,random_forest_optional,0.5,0.4416082289238603,0.0583917710761396,"{""model__max_depth"": null, ""model__max_features"": 0.7, ""model__min_samples_leaf"": 3, ""model__n_estimators"": 300}"
946,0,valence,random_forest_optional,0.4,0.5743253585639988,0.1743253585639987,"{""model__max_depth"": null, ""model__max_features"": 0.7, ""model__min_samples_leaf"": 3, ""model__n_estimators"": 300}"
952,0,valence,random_forest_optional,0.4875,0.5393304212517351,0.0518304212517351,"{""model__max_depth"": null, ""model__max_features"": 0.7, ""model__min_samples_leaf"": 3, ""model__n_estimators"": 300}"
965,0,valence,random_forest_optional,0.5375,0.4607511964886994,0.0767488035113005,"{""model__max_depth"": null, ""model__max_features"": 0.7, ""model__min_samples_leaf"": 3, ""model__n_estimators"": 300}"
978,0,valence,random_forest_optional,0.725,0.6930856357131909,0.031914364286809,"{""model__max_depth"": null, ""model__max_features"": 0.7, ""model__min_samples_leaf"": 3, ""model__n_estimators"": 300}"
996,0,valence,random_forest_optional,0.5625,0.7307519525823488,0.1682519525823488,"{""model__max_depth"": null, ""model__max_features"": 0.7, ""model__min_samples_leaf"": 3, ""model__n_estimators"": 300}"
1000,0,valence,random_forest_optional,0.575,0.715288219997592,0.140288219997592,"{""model__max_depth"": null, ""model__max_features"": 0.7, ""model__min_samples_leaf"": 3, ""model__n_estimators"": 300}"
1,1,valence,random_forest_optional,0.575,0.4930842805763273,0.0819157194236726,"{""model__max_depth"": null, ""model__max_features"": 0.3, ""model__min_samples_leaf"": 3, ""model__n_estimators"": 300}"
4,1,valence,random_forest_optional,0.2875,0.3860486622174134,0.0985486622174134,"{""model__max_depth"": null, ""model__max_features"": 0.3, ""model__min_samples_leaf"": 3, ""model__n_estimators"": 300}"
8,1,valence,random_forest_optional,0.225,0.5438839616402161,0.3188839616402161,"{""model__max_depth"": null, ""model__max_features"": 0.3, ""model__min_samples_leaf"": 3, ""model__n_estimators"": 300}"
28,1,valence,random_forest_optional,0.575,0.5673346510549653,0.0076653489450346,"{""model__max_depth"": null, ""model__max_features"": 0.3, ""model__min_samples_leaf"": 3, ""model__n_estimators"": 300}"
39,1,valence,random_forest_optional,0.590909090909,0.7469577378219431,0.156048646912943,"{""model__max_depth"": null, ""model__max_features"": 0.3, ""model__min_samples_leaf"": 3, ""model__n_estimators"": 300}"
46,1,valence,random_forest_optional,0.575,0.5140835978835975,0.0609164021164024,"{""model__max_depth"": null, ""model__max_features"": 0.3, ""model__min_samples_leaf"": 3, ""model__n_estimators"": 300}"
52,1,valence,random_forest_optional,0.4625,0.5443597132034662,0.0818597132034661,"{""model__max_depth"": null, ""model__max_features"": 0.3, ""model__min_samples_leaf"": 3, ""model__n_estimators"": 300}"
55,1,valence,random_forest_optional,0.4,0.4144722387566173,0.0144722387566172,"{""model__max_depth"": null, ""model__max_features"": 0.3, ""model__min_samples_leaf"": 3, ""model__n_estimators"": 300}"
61,1,valence,random_forest_optional,0.275,0.4102645934873234,0.1352645934873234,"{""model__max_depth"": null, ""model__max_features"": 0.3, ""model__min_samples_leaf"": 3, ""model__n_estimators"": 300}"
66,1,valence,random_forest_optional,0.7625,0.7225955587236821,0.0399044412763178,"{""model__max_depth"": null, ""model__max_features"": 0.3, ""model__min_samples_leaf"": 3, ""model__n_estimators"": 300}"
67,1,valence,random_forest_optional,0.5875,0.6588609929422439,0.0713609929422438,"{""model__max_depth"": null, ""model__max_features"": 0.3, ""model__min_samples_leaf"": 3, ""model__n_estimators"": 300}"
72,1,valence,random_forest_optional,0.6875,0.6841624848320881,0.0033375151679119,"{""model__max_depth"": null, ""model__max_features"": 0.3, ""model__min_samples_leaf"": 3, ""model__n_estimators"": 300}"
73,1,valence,random_forest_optional,0.6875,0.6804487890791872,0.0070512109208128,"{""model__max_depth"": null, ""model__max_features"": 0.3, ""model__min_samples_leaf"": 3, ""model__n_estimators"": 300}"
74,1,valence,random_forest_optional,0.775,0.751382830795046,0.023617169204954,"{""model__max_depth"": null, ""model__max_features"": 0.3, ""model__min_samples_leaf"": 3, ""model__n_estimators"": 300}"
88,1,valence,random_forest_optional,0.5875,0.5851997319599598,0.0023002680400402,"{""model__max_depth"": null, ""model__max_features"": 0.3, ""model__min_samples_leaf"": 3, ""model__n_estimators"": 300}"
94,1,valence,random_forest_optional,0.8,0.4786587466931243,0.3213412533068757,"{""model__max_depth"": null, ""model__max_features"": 0.3, ""model__min_samples_leaf"": 3, ""model__n_estimators"": 300}"
102,1,valence,random_forest_optional,0.825,0.6237260992689992,0.2012739007310007,"{""model__max_depth"": null, ""model__max_features"": 0.3, ""model__min_samples_leaf"": 3, ""model__n_estimators"": 300}"
104,1,valence,random_forest_optional,0.825,0.7077044905221047,0.1172955094778952,"{""model__max_depth"": null, ""model__max_features"": 0.3, ""model__min_samples_leaf"": 3, ""model__n_estimators"": 300}"
108,1,valence,random_forest_optional,0.8625,0.7486468961068434,0.1138531038931566,"{""model__max_depth"": null, ""model__max_features"": 0.3, ""model__min_samples_leaf"": 3, ""model__n_estimators"": 300}"
139,1,valence,random_forest_optional,0.775,0.6081379470592556,0.1668620529407444,"{""model__max_depth"": null, ""model__max_features"": 0.3, ""model__min_samples_leaf"": 3, ""model__n_estimators"": 300}"
143,1,valence,random_forest_optional,0.625,0.6374923945267694,0.0124923945267694,"{""model__max_depth"": null, ""model__max_features"": 0.3, ""model__min_samples_leaf"": 3, ""model__n_estimators"": 300}"
146,1,valence,random_forest_optional,0.7375,0.7169612717143985,0.0205387282856015,"{""model__max_depth"": null, ""model__max_features"": 0.3, ""model__min_samples_leaf"": 3, ""model__n_estimators"": 300}"
149,1,valence,random_forest_optional,0.2625,0.5022771735209257,0.2397771735209257,"{""model__max_depth"": null, ""model__max_features"": 0.3, ""model__min_samples_leaf"": 3, ""model__n_estimators"": 300}"
152,1,valence,random_forest_optional,0.725,0.7355165182670877,0.0105165182670877,"{""model__max_depth"": null, ""model__max_features"": 0.3, ""model__min_samples_leaf"": 3, ""model__n_estimators"": 300}"
156,1,valence,random_forest_optional,0.55,0.5127181684582304,0.0372818315417696,"{""model__max_depth"": null, ""model__max_features"": 0.3, ""model__min_samples_leaf"": 3, ""model__n_estimators"": 300}"
160,1,valence,random_forest_optional,0.8125,0.7282867965367985,0.0842132034632014,"{""model__max_depth"": null, ""model__max_features"": 0.3, ""model__min_samples_leaf"": 3, ""model__n_estimators"": 300}"
165,1,valence,random_forest_optional,0.675,0.6382680417751455,0.0367319582248545,"{""model__max_depth"": null, ""model__max_features"": 0.3, ""model__min_samples_leaf"": 3, ""model__n_estimators"": 300}"
177,1,valence,random_forest_optional,0.5375,0.4301370527935862,0.1073629472064137,"{""model__max_depth"": null, ""model__max_features"": 0.3, ""model__min_samples_leaf"": 3, ""model__n_estimators"": 300}"
180,1,valence,random_forest_optional,0.6875,0.4851568643687992,0.2023431356312008,"{""model__max_depth"": null, ""model__max_features"": 0.3, ""model__min_samples_leaf"": 3, ""model__n_estimators"": 300}"
189,1,valence,random_forest_optional,0.6375,0.4696819304538076,0.1678180695461923,"{""model__max_depth"": null, ""model__max_features"": 0.3, ""model__min_samples_leaf"": 3, ""model__n_estimators"": 300}"
191,1,valence,random_forest_optional,0.825,0.5791530181623942,0.2458469818376057,"{""model__max_depth"": null, ""model__max_features"": 0.3, ""model__min_samples_leaf"": 3, ""model__n_estimators"": 300}"
192,1,valence,random_forest_optional,0.5375,0.5140456526112818,0.0234543473887182,"{""model__max_depth"": null, ""model__max_features"": 0.3, ""model__min_samples_leaf"": 3, ""model__n_estimators"": 300}"
204,1,valence,random_forest_optional,0.5875,0.5741086153429933,0.0133913846570067,"{""model__max_depth"": null, ""model__max_features"": 0.3, ""model__min_samples_leaf"": 3, ""model__n_estimators"": 300}"
207,1,valence,random_forest_optional,0.7375,0.670543466003695,0.066956533996305,"{""model__max_depth"": null, ""model__max_features"": 0.3, ""model__min_samples_leaf"": 3, ""model__n_estimators"": 300}"
220,1,valence,random_forest_optional,0.675,0.7236132638825858,0.0486132638825858,"{""model__max_depth"": null, ""model__max_features"": 0.3, ""model__min_samples_leaf"": 3, ""model__n_estimators"": 300}"
222,1,valence,random_forest_optional,0.35,0.6097190550716128,0.2597190550716128,"{""model__max_depth"": null, ""model__max_features"": 0.3, ""model__min_samples_leaf"": 3, ""model__n_estimators"": 300}"
233,1,valence,random_forest_optional,0.4875,0.5037024237336782,0.0162024237336782,"{""model__max_depth"": null, ""model__max_features"": 0.3, ""model__min_samples_leaf"": 3, ""model__n_estimators"": 300}"
257,1,valence,random_forest_optional,0.3125,0.4002518082611839,0.0877518082611839,"{""model__max_depth"": null, ""model__max_features"": 0.3, ""model__min_samples_leaf"": 3, ""model__n_estimators"": 300}"
265,1,valence,random_forest_optional,0.675,0.43893825880559,0.2360617411944099,"{""model__max_depth"": null, ""model__max_features"": 0.3, ""model__min_samples_leaf"": 3, ""model__n_estimators"": 300}"
279,1,valence,random_forest_optional,0.4625,0.4328909481722006,0.0296090518277994,"{""model__max_depth"": null, ""model__max_features"": 0.3, ""model__min_samples_leaf"": 3, ""model__n_estimators"": 300}"
294,1,valence,random_forest_optional,0.55,0.7596592118424489,0.2096592118424488,"{""model__max_depth"": null, ""model__max_features"": 0.3, ""model__min_samples_leaf"": 3, ""model__n_estimators"": 300}"
299,1,valence,random_forest_optional,0.65,0.5991098877238094,0.0508901122761906,"{""model__max_depth"": null, ""model__max_features"": 0.3, ""model__min_samples_leaf"": 3, ""model__n_estimators"": 300}"
301,1,valence,random_forest_optional,0.7875,0.6544248992905252,0.1330751007094748,"{""model__max_depth"": null, ""model__max_features"": 0.3, ""model__min_samples_leaf"": 3, ""model__n_estimators"": 300}"
304,1,valence,random_forest_optional,0.7375,0.7441797050592509,0.0066797050592508,"{""model__max_depth"": null, ""model__max_features"": 0.3, ""model__min_samples_leaf"": 3, ""model__n_estimators"": 300}"
314,1,valence,random_forest_optional,0.65,0.6728889994685466,0.0228889994685466,"{""model__max_depth"": null, ""model__max_features"": 0.3, ""model__min_samples_leaf"": 3, ""model__n_estimators"": 300}"
317,1,valence,random_forest_optional,0.8625,0.779529983410942,0.082970016589058,"{""model__max_depth"": null, ""model__max_features"": 0.3, ""model__min_samples_leaf"": 3, ""model__n_estimators"": 300}"
324,1,valence,random_forest_optional,0.55,0.6907681744181726,0.1407681744181725,"{""model__max_depth"": null, ""model__max_features"": 0.3, ""model__min_samples_leaf"": 3, ""model__n_estimators"": 300}"
334,1,valence,random_forest_optional,0.5625,0.5223224320923174,0.0401775679076825,"{""model__max_depth"": null, ""model__max_features"": 0.3, ""model__min_samples_leaf"": 3, ""model__n_estimators"": 300}"
362,1,valence,random_forest_optional,0.4625,0.4085453312890809,0.053954668710919,"{""model__max_depth"": null, ""model__max_features"": 0.3, ""model__min_samples_leaf"": 3, ""model__n_estimators"": 300}"
368,1,valence,random_forest_optional,0.575,0.4348062845719166,0.1401937154280833,"{""model__max_depth"": null, ""model__max_features"": 0.3, ""model__min_samples_leaf"": 3, ""model__n_estimators"": 300}"
370,1,valence,random_forest_optional,0.25,0.4081607116263362,0.1581607116263362,"{""model__max_depth"": null, ""model__max_features"": 0.3, ""model__min_samples_leaf"": 3, ""model__n_estimators"": 300}"
372,1,valence,random_forest_optional,0.175,0.5001268611439079,0.3251268611439079,"{""model__max_depth"": null, ""model__max_features"": 0.3, ""model__min_samples_leaf"": 3, ""model__n_estimators"": 300}"
379,1,valence,random_forest_optional,0.9125,0.757836346692029,0.1546636533079709,"{""model__max_depth"": null, ""model__max_features"": 0.3, ""model__min_samples_leaf"": 3, ""model__n_estimators"": 300}"
391,1,valence,random_forest_optional,0.6,0.7144026878424609,0.1144026878424608,"{""model__max_depth"": null, ""model__max_features"": 0.3, ""model__min_samples_leaf"": 3, ""model__n_estimators"": 300}"
403,1,valence,random_forest_optional,0.8125,0.7111619163769736,0.1013380836230264,"{""model__max_depth"": null, ""model__max_features"": 0.3, ""model__min_samples_leaf"": 3, ""model__n_estimators"": 300}"
408,1,valence,random_forest_optional,0.6125,0.7047074400662467,0.0922074400662467,"{""model__max_depth"": null, ""model__max_features"": 0.3, ""model__min_samples_leaf"": 3, ""model__n_estimators"": 300}"
425,1,valence,random_forest_optional,0.8125,0.675793813131314,0.1367061868686859,"{""model__max_depth"": null, ""model__max_features"": 0.3, ""model__min_samples_leaf"": 3, ""model__n_estimators"": 300}"
426,1,valence,random_forest_optional,0.7125,0.62479652349965,0.08770347650035,"{""model__max_depth"": null, ""model__max_features"": 0.3, ""model__min_samples_leaf"": 3, ""model__n_estimators"": 300}"
435,1,valence,random_forest_optional,0.35,0.3943137224078907,0.0443137224078907,"{""model__max_depth"": null, ""model__max_features"": 0.3, ""model__min_samples_leaf"": 3, ""model__n_estimators"": 300}"
436,1,valence,random_forest_optional,0.35,0.4223004639194995,0.0723004639194995,"{""model__max_depth"": null, ""model__max_features"": 0.3, ""model__min_samples_leaf"": 3, ""model__n_estimators"": 300}"
441,1,valence,random_forest_optional,0.6875,0.7198296808515565,0.0323296808515565,"{""model__max_depth"": null, ""model__max_features"": 0.3, ""model__min_samples_leaf"": 3, ""model__n_estimators"": 300}"
442,1,valence,random_forest_optional,0.6125,0.5591946881191229,0.0533053118808771,"{""model__max_depth"": null, ""model__max_features"": 0.3, ""model__min_samples_leaf"": 3, ""model__n_estimators"": 300}"
461,1,valence,random_forest_optional,0.6375,0.5639993660274885,0.0735006339725115,"{""model__max_depth"": null, ""model__max_features"": 0.3, ""model__min_samples_leaf"": 3, ""model__n_estimators"": 300}"
465,1,valence,random_forest_optional,0.425,0.4787900462962985,0.0537900462962985,"{""model__max_depth"": null, ""model__max_features"": 0.3, ""model__min_samples_leaf"": 3, ""model__n_estimators"": 300}"
469,1,valence,random_forest_optional,0.7125,0.6903097695128936,0.0221902304871064,"{""model__max_depth"": null, ""model__max_features"": 0.3, ""model__min_samples_leaf"": 3, ""model__n_estimators"": 300}"
471,1,valence,random_forest_optional,0.7875,0.6882487253487248,0.0992512746512751,"{""model__max_depth"": null, ""model__max_features"": 0.3, ""model__min_samples_leaf"": 3, ""model__n_estimators"": 300}"
480,1,valence,random_forest_optional,0.6375,0.7174229003319904,0.0799229003319904,"{""model__max_depth"": null, ""model__max_features"": 0.3, ""model__min_samples_leaf"": 3, ""model__n_estimators"": 300}"
487,1,valence,random_forest_optional,0.775,0.6990512495080716,0.0759487504919284,"{""model__max_depth"": null, ""model__max_features"": 0.3, ""model__min_samples_leaf"": 3, ""model__n_estimators"": 300}"
496,1,valence,random_forest_optional,0.5375,0.4631392484829999,0.074360751517,"{""model__max_depth"": null, ""model__max_features"": 0.3, ""model__min_samples_leaf"": 3, ""model__n_estimators"": 300}"
500,1,valence,random_forest_optional,0.425,0.5480446729196736,0.1230446729196736,"{""model__max_depth"": null, ""model__max_features"": 0.3, ""model__min_samples_leaf"": 3, ""model__n_estimators"": 300}"
503,1,valence,random_forest_optional,0.488636363636,0.6799136029479804,0.1912772393119804,"{""model__max_depth"": null, ""model__max_features"": 0.3, ""model__min_samples_leaf"": 3, ""model__n_estimators"": 300}"
507,1,valence,random_forest_optional,0.6625,0.741867577098829,0.079367577098829,"{""model__max_depth"": null, ""model__max_features"": 0.3, ""model__min_samples_leaf"": 3, ""model__n_estimators"": 300}"
512,1,valence,random_forest_optional,0.425,0.4750496151996201,0.0500496151996201,"{""model__max_depth"": null, ""model__max_features"": 0.3, ""model__min_samples_leaf"": 3, ""model__n_estimators"": 300}"
521,1,valence,random_forest_optional,0.375,0.5026389174482944,0.1276389174482943,"{""model__max_depth"": null, ""model__max_features"": 0.3, ""model__min_samples_leaf"": 3, ""model__n_estimators"": 300}"
525,1,valence,random_forest_optional,0.275,0.4234290256460712,0.1484290256460712,"{""model__max_depth"": null, ""model__max_features"": 0.3, ""model__min_samples_leaf"": 3, ""model__n_estimators"": 300}"
536,1,valence,random_forest_optional,0.825,0.7181315428048375,0.1068684571951624,"{""model__max_depth"": null, ""model__max_features"": 0.3, ""model__min_samples_leaf"": 3, ""model__n_estimators"": 300}"
546,1,valence,random_forest_optional,0.575,0.5695671401515151,0.0054328598484848,"{""model__max_depth"": null, ""model__max_features"": 0.3, ""model__min_samples_leaf"": 3, ""model__n_estimators"": 300}"
549,1,valence,random_forest_optional,0.3125,0.5571254479316979,0.2446254479316979,"{""model__max_depth"": null, ""model__max_features"": 0.3, ""model__min_samples_leaf"": 3, ""model__n_estimators"": 300}"
562,1,valence,random_forest_optional,0.6875,0.7280733189264452,0.0405733189264452,"{""model__max_depth"": null, ""model__max_features"": 0.3, ""model__min_samples_leaf"": 3, ""model__n_estimators"": 300}"
566,1,valence,random_forest_optional,0.725,0.7362376105376134,0.0112376105376134,"{""model__max_depth"": null, ""model__max_features"": 0.3, ""model__min_samples_leaf"": 3, ""model__n_estimators"": 300}"
572,1,valence,random_forest_optional,0.525,0.6840625117937612,0.1590625117937611,"{""model__max_depth"": null, ""model__max_features"": 0.3, ""model__min_samples_leaf"": 3, ""model__n_estimators"": 300}"
574,1,valence,random_forest_optional,0.775,0.6769212126035002,0.0980787873964997,"{""model__max_depth"": null, ""model__max_features"": 0.3, ""model__min_samples_leaf"": 3, ""model__n_estimators"": 300}"
576,1,valence,random_forest_optional,0.7125,0.7200334665334664,0.0075334665334664,"{""model__max_depth"": null, ""model__max_features"": 0.3, ""model__min_samples_leaf"": 3, ""model__n_estimators"": 300}"
588,1,valence,random_forest_optional,0.775,0.5157219064290121,0.2592780935709879,"{""model__max_depth"": null, ""model__max_features"": 0.3, ""model__min_samples_leaf"": 3, ""model__n_estimators"": 300}"
591,1,valence,random_forest_optional,0.35,0.4090153527974561,0.0590153527974561,"{""model__max_depth"": null, ""model__max_features"": 0.3, ""model__min_samples_leaf"": 3, ""model__n_estimators"": 300}"
598,1,valence,random_forest_optional,0.8125,0.6793858071326829,0.133114192867317,"{""model__max_depth"": null, ""model__max_features"": 0.3, ""model__min_samples_leaf"": 3, ""model__n_estimators"": 300}"
614,1,valence,random_forest_optional,0.4875,0.5548129534817027,0.0673129534817026,"{""model__max_depth"": null, ""model__max_features"": 0.3, ""model__min_samples_leaf"": 3, ""model__n_estimators"": 300}"
617,1,valence,random_forest_optional,0.8125,0.7068435809560835,0.1056564190439165,"{""model__max_depth"": null, ""model__max_features"": 0.3, ""model__min_samples_leaf"": 3, ""model__n_estimators"": 300}"
623,1,valence,random_forest_optional,0.775,0.7425935685637914,0.0324064314362085,"{""model__max_depth"": null, ""model__max_features"": 0.3, ""model__min_samples_leaf"": 3, ""model__n_estimators"": 300}"
634,1,valence,random_forest_optional,0.2375,0.45814085162523,0.22064085162523,"{""model__max_depth"": null, ""model__max_features"": 0.3, ""model__min_samples_leaf"": 3, ""model__n_estimators"": 300}"
635,1,valence,random_forest_optional,0.825,0.6018311274373822,0.2231688725626177,"{""model__max_depth"": null, ""model__max_features"": 0.3, ""model__min_samples_leaf"": 3, ""model__n_estimators"": 300}"
637,1,valence,random_forest_optional,0.65,0.7258336730399205,0.0758336730399205,"{""model__max_depth"": null, ""model__max_features"": 0.3, ""model__min_samples_leaf"": 3, ""model__n_estimators"": 300}"
648,1,valence,random_forest_optional,0.7,0.6709953435979027,0.0290046564020972,"{""model__max_depth"": null, ""model__max_features"": 0.3, ""model__min_samples_leaf"": 3, ""model__n_estimators"": 300}"
651,1,valence,random_forest_optional,0.775,0.6725449110969005,0.1024550889030995,"{""model__max_depth"": null, ""model__max_features"": 0.3, ""model__min_samples_leaf"": 3, ""model__n_estimators"": 300}"
652,1,valence,random_forest_optional,0.675,0.4508445278101552,0.2241554721898447,"{""model__max_depth"": null, ""model__max_features"": 0.3, ""model__min_samples_leaf"": 3, ""model__n_estimators"": 300}"
661,1,valence,random_forest_optional,0.55,0.5823881237869886,0.0323881237869885,"{""model__max_depth"": null, ""model__max_features"": 0.3, ""model__min_samples_leaf"": 3, ""model__n_estimators"": 300}"
666,1,valence,random_forest_optional,0.7,0.6679528568653592,0.0320471431346407,"{""model__max_depth"": null, ""model__max_features"": 0.3, ""model__min_samples_leaf"": 3, ""model__n_estimators"": 300}"
671,1,valence,random_forest_optional,0.4125,0.6120957696554307,0.1995957696554307,"{""model__max_depth"": null, ""model__max_features"": 0.3, ""model__min_samples_leaf"": 3, ""model__n_estimators"": 300}"
673,1,valence,random_forest_optional,0.2,0.5416816496004012,0.3416816496004012,"{""model__max_depth"": null, ""model__max_features"": 0.3, ""model__min_samples_leaf"": 3, ""model__n_estimators"": 300}"
678,1,valence,random_forest_optional,0.8625,0.7230995469597744,0.1394004530402256,"{""model__max_depth"": null, ""model__max_features"": 0.3, ""model__min_samples_leaf"": 3, ""model__n_estimators"": 300}"
692,1,valence,random_forest_optional,0.5125,0.5112242944870812,0.0012757055129187,"{""model__max_depth"": null, ""model__max_features"": 0.3, ""model__min_samples_leaf"": 3, ""model__n_estimators"": 300}"
694,1,valence,random_forest_optional,0.3375,0.4972213783901296,0.1597213783901295,"{""model__max_depth"": null, ""model__max_features"": 0.3, ""model__min_samples_leaf"": 3, ""model__n_estimators"": 300}"
708,1,valence,random_forest_optional,0.5875,0.4810613496982857,0.1064386503017143,"{""model__max_depth"": null, ""model__max_features"": 0.3, ""model__min_samples_leaf"": 3, ""model__n_estimators"": 300}"
710,1,valence,random_forest_optional,0.775,0.731581793532648,0.043418206467352,"{""model__max_depth"": null, ""model__max_features"": 0.3, ""model__min_samples_leaf"": 3, ""model__n_estimators"": 300}"
718,1,valence,random_forest_optional,0.5875,0.4947874705050873,0.0927125294949127,"{""model__max_depth"": null, ""model__max_features"": 0.3, ""model__min_samples_leaf"": 3, ""model__n_estimators"": 300}"
722,1,valence,random_forest_optional,0.65,0.6227619402588167,0.0272380597411833,"{""model__max_depth"": null, ""model__max_features"": 0.3, ""model__min_samples_leaf"": 3, ""model__n_estimators"": 300}"
730,1,valence,random_forest_optional,0.575,0.4160230894736579,0.158976910526342,"{""model__max_depth"": null, ""model__max_features"": 0.3, ""model__min_samples_leaf"": 3, ""model__n_estimators"": 300}"
731,1,valence,random_forest_optional,0.7,0.6143962778593444,0.0856037221406555,"{""model__max_depth"": null, ""model__max_features"": 0.3, ""model__min_samples_leaf"": 3, ""model__n_estimators"": 300}"
738,1,valence,random_forest_optional,0.7125,0.6904222407222411,0.0220777592777589,"{""model__max_depth"": null, ""model__max_features"": 0.3, ""model__min_samples_leaf"": 3, ""model__n_estimators"": 300}"
739,1,valence,random_forest_optional,0.6875,0.7042745849058352,0.0167745849058351,"{""model__max_depth"": null, ""model__max_features"": 0.3, ""model__min_samples_leaf"": 3, ""model__n_estimators"": 300}"
750,1,valence,random_forest_optional,0.2625,0.4450588080480138,0.1825588080480138,"{""model__max_depth"": null, ""model__max_features"": 0.3, ""model__min_samples_leaf"": 3, ""model__n_estimators"": 300}"
751,1,valence,random_forest_optional,0.525,0.4717100061449508,0.0532899938550491,"{""model__max_depth"": null, ""model__max_features"": 0.3, ""model__min_samples_leaf"": 3, ""model__n_estimators"": 300}"
757,1,valence,random_forest_optional,0.375,0.6127382367632395,0.2377382367632394,"{""model__max_depth"": null, ""model__max_features"": 0.3, ""model__min_samples_leaf"": 3, ""model__n_estimators"": 300}"
758,1,valence,random_forest_optional,0.625,0.62646746552059,0.0014674655205899,"{""model__max_depth"": null, ""model__max_features"": 0.3, ""model__min_samples_leaf"": 3, ""model__n_estimators"": 300}"
763,1,valence,random_forest_optional,0.55,0.5202166130271253,0.0297833869728747,"{""model__max_depth"": null, ""model__max_features"": 0.3, ""model__min_samples_leaf"": 3, ""model__n_estimators"": 300}"
773,1,valence,random_forest_optional,0.65,0.6537958386520906,0.0037958386520905,"{""model__max_depth"": null, ""model__max_features"": 0.3, ""model__min_samples_leaf"": 3, ""model__n_estimators"": 300}"
796,1,valence,random_forest_optional,0.375,0.5498533098845632,0.1748533098845631,"{""model__max_depth"": null, ""model__max_features"": 0.3, ""model__min_samples_leaf"": 3, ""model__n_estimators"": 300}"
797,1,valence,random_forest_optional,0.775,0.6522704823532957,0.1227295176467043,"{""model__max_depth"": null, ""model__max_features"": 0.3, ""model__min_samples_leaf"": 3, ""model__n_estimators"": 300}"
801,1,valence,random_forest_optional,0.2875,0.4228660984848489,0.1353660984848489,"{""model__max_depth"": null, ""model__max_features"": 0.3, ""model__min_samples_leaf"": 3, ""model__n_estimators"": 300}"
813,1,valence,random_forest_optional,0.675,0.473647337416372,0.201352662583628,"{""model__max_depth"": null, ""model__max_features"": 0.3, ""model__min_samples_leaf"": 3, ""model__n_estimators"": 300}"
818,1,valence,random_forest_optional,0.1375,0.4011141784964159,0.2636141784964159,"{""model__max_depth"": null, ""model__max_features"": 0.3, ""model__min_samples_leaf"": 3, ""model__n_estimators"": 300}"
825,1,valence,random_forest_optional,0.8375,0.5779392000360761,0.2595607999639239,"{""model__max_depth"": null, ""model__max_features"": 0.3, ""model__min_samples_leaf"": 3, ""model__n_estimators"": 300}"
828,1,valence,random_forest_optional,0.6,0.5684948780964403,0.0315051219035596,"{""model__max_depth"": null, ""model__max_features"": 0.3, ""model__min_samples_leaf"": 3, ""model__n_estimators"": 300}"
833,1,valence,random_forest_optional,0.7,0.7265391045192223,0.0265391045192223,"{""model__max_depth"": null, ""model__max_features"": 0.3, ""model__min_samples_leaf"": 3, ""model__n_estimators"": 300}"
834,1,valence,random_forest_optional,0.8125,0.7350848640942397,0.0774151359057603,"{""model__max_depth"": null, ""model__max_features"": 0.3, ""model__min_samples_leaf"": 3, ""model__n_estimators"": 300}"
836,1,valence,random_forest_optional,0.7875,0.7784776269185386,0.0090223730814613,"{""model__max_depth"": null, ""model__max_features"": 0.3, ""model__min_samples_leaf"": 3, ""model__n_estimators"": 300}"
837,1,valence,random_forest_optional,0.725,0.644586637031951,0.080413362968049,"{""model__max_depth"": null, ""model__max_features"": 0.3, ""model__min_samples_leaf"": 3, ""model__n_estimators"": 300}"
847,1,valence,random_forest_optional,0.7625,0.6228040339290347,0.1396959660709652,"{""model__max_depth"": null, ""model__max_features"": 0.3, ""model__min_samples_leaf"": 3, ""model__n_estimators"": 300}"
852,1,valence,random_forest_optional,0.45,0.5307643162708541,0.080764316270854,"{""model__max_depth"": null, ""model__max_features"": 0.3, ""model__min_samples_leaf"": 3, ""model__n_estimators"": 300}"
853,1,valence,random_forest_optional,0.625,0.6511999364587449,0.0261999364587448,"{""model__max_depth"": null, ""model__max_features"": 0.3, ""model__min_samples_leaf"": 3, ""model__n_estimators"": 300}"
859,1,valence,random_forest_optional,0.725,0.5937730321656463,0.1312269678343537,"{""model__max_depth"": null, ""model__max_features"": 0.3, ""model__min_samples_leaf"": 3, ""model__n_estimators"": 300}"
860,1,valence,random_forest_optional,0.6375,0.6073605430449203,0.0301394569550796,"{""model__max_depth"": null, ""model__max_features"": 0.3, ""model__min_samples_leaf"": 3, ""model__n_estimators"": 300}"
862,1,valence,random_forest_optional,0.85,0.735596074380165,0.1144039256198349,"{""model__max_depth"": null, ""model__max_features"": 0.3, ""model__min_samples_leaf"": 3, ""model__n_estimators"": 300}"
869,1,valence,random_forest_optional,0.5125,0.635439455683207,0.122939455683207,"{""model__max_depth"": null, ""model__max_features"": 0.3, ""model__min_samples_leaf"": 3, ""model__n_estimators"": 300}"
879,1,valence,random_forest_optional,0.6375,0.4872375931938421,0.1502624068061578,"{""model__max_depth"": null, ""model__max_features"": 0.3, ""model__min_samples_leaf"": 3, ""model__n_estimators"": 300}"
880,1,valence,random_forest_optional,0.5375,0.6699754325535575,0.1324754325535575,"{""model__max_depth"": null, ""model__max_features"": 0.3, ""model__min_samples_leaf"": 3, ""model__n_estimators"": 300}"
881,1,valence,random_forest_optional,0.6,0.582696089148646,0.0173039108513539,"{""model__max_depth"": null, ""model__max_features"": 0.3, ""model__min_samples_leaf"": 3, ""model__n_estimators"": 300}"
885,1,valence,random_forest_optional,0.4875,0.5029733104858084,0.0154733104858084,"{""model__max_depth"": null, ""model__max_features"": 0.3, ""model__min_samples_leaf"": 3, ""model__n_estimators"": 300}"
892,1,valence,random_forest_optional,0.65,0.7269911736411765,0.0769911736411764,"{""model__max_depth"": null, ""model__max_features"": 0.3, ""model__min_samples_leaf"": 3, ""model__n_estimators"": 300}"
896,1,valence,random_forest_optional,0.636363636364,0.7251216126466135,0.0887579762826135,"{""model__max_depth"": null, ""model__max_features"": 0.3, ""model__min_samples_leaf"": 3, ""model__n_estimators"": 300}"
908,1,valence,random_forest_optional,0.6625,0.7088066572947267,0.0463066572947267,"{""model__max_depth"": null, ""model__max_features"": 0.3, ""model__min_samples_leaf"": 3, ""model__n_estimators"": 300}"
909,1,valence,random_forest_optional,0.6625,0.7370456796885736,0.0745456796885736,"{""model__max_depth"": null, ""model__max_features"": 0.3, ""model__min_samples_leaf"": 3, ""model__n_estimators"": 300}"
918,1,valence,random_forest_optional,0.6375,0.5749917274749635,0.0625082725250364,"{""model__max_depth"": null, ""model__max_features"": 0.3, ""model__min_samples_leaf"": 3, ""model__n_estimators"": 300}"
921,1,valence,random_forest_optional,0.5625,0.7362953724516234,0.1737953724516233,"{""model__max_depth"": null, ""model__max_features"": 0.3, ""model__min_samples_leaf"": 3, ""model__n_estimators"": 300}"
925,1,valence,random_forest_optional,0.6125,0.6261803601491116,0.0136803601491115,"{""model__max_depth"": null, ""model__max_features"": 0.3, ""model__min_samples_leaf"": 3, ""model__n_estimators"": 300}"
928,1,valence,random_forest_optional,0.825,0.6324392786821765,0.1925607213178234,"{""model__max_depth"": null, ""model__max_features"": 0.3, ""model__min_samples_leaf"": 3, ""model__n_estimators"": 300}"
929,1,valence,random_forest_optional,0.3375,0.4294809398198614,0.0919809398198613,"{""model__max_depth"": null, ""model__max_features"": 0.3, ""model__min_samples_leaf"": 3, ""model__n_estimators"": 300}"
935,1,valence,random_forest_optional,0.386363636364,0.4558748900405157,0.0695112536765156,"{""model__max_depth"": null, ""model__max_features"": 0.3, ""model__min_samples_leaf"": 3, ""model__n_estimators"": 300}"
948,1,valence,random_forest_optional,0.4,0.4346503834741023,0.0346503834741022,"{""model__max_depth"": null, ""model__max_features"": 0.3, ""model__min_samples_leaf"": 3, ""model__n_estimators"": 300}"
957,1,valence,random_forest_optional,0.3375,0.5616411197598723,0.2241411197598722,"{""model__max_depth"": null, ""model__max_features"": 0.3, ""model__min_samples_leaf"": 3, ""model__n_estimators"": 300}"
966,1,valence,random_forest_optional,0.45,0.4979926305176316,0.0479926305176316,"{""model__max_depth"": null, ""model__max_features"": 0.3, ""model__min_samples_leaf"": 3, ""model__n_estimators"": 300}"
981,1,valence,random_forest_optional,0.6,0.6841920587409231,0.0841920587409231,"{""model__max_depth"": null, ""model__max_features"": 0.3, ""model__min_samples_leaf"": 3, ""model__n_estimators"": 300}"
984,1,valence,random_forest_optional,0.7375,0.6710587737493983,0.0664412262506017,"{""model__max_depth"": null, ""model__max_features"": 0.3, ""model__min_samples_leaf"": 3, ""model__n_estimators"": 300}"
989,1,valence,random_forest_optional,0.3125,0.5016318407287169,0.1891318407287169,"{""model__max_depth"": null, ""model__max_features"": 0.3, ""model__min_samples_leaf"": 3, ""model__n_estimators"": 300}"
6,2,valence,random_forest_optional,0.35,0.42451136363637,0.07451136363637,"{""model__max_depth"": 20, ""model__max_features"": 0.7, ""model__min_samples_leaf"": 1, ""model__n_estimators"": 300}"
10,2,valence,random_forest_optional,0.425,0.6483181818181869,0.2233181818181869,"{""model__max_depth"": 20, ""model__max_features"": 0.7, ""model__min_samples_leaf"": 1, ""model__n_estimators"": 300}"
15,2,valence,random_forest_optional,0.6625,0.5986325757575799,0.06386742424242,"{""model__max_depth"": 20, ""model__max_features"": 0.7, ""model__min_samples_leaf"": 1, ""model__n_estimators"": 300}"
16,2,valence,random_forest_optional,0.575,0.5978977272727266,0.0228977272727266,"{""model__max_depth"": 20, ""model__max_features"": 0.7, ""model__min_samples_leaf"": 1, ""model__n_estimators"": 300}"
19,2,valence,random_forest_optional,0.75,0.6984292929292938,0.0515707070707062,"{""model__max_depth"": 20, ""model__max_features"": 0.7, ""model__min_samples_leaf"": 1, ""model__n_estimators"": 300}"
43,2,valence,random_forest_optional,0.7875,0.7182878787878799,0.06921212121212,"{""model__max_depth"": 20, ""model__max_features"": 0.7, ""model__min_samples_leaf"": 1, ""model__n_estimators"": 300}"
44,2,valence,random_forest_optional,0.675,0.6206534090909103,0.0543465909090897,"{""model__max_depth"": 20, ""model__max_features"": 0.7, ""model__min_samples_leaf"": 1, ""model__n_estimators"": 300}"
47,2,valence,random_forest_optional,0.4625,0.5397007575757601,0.07720075757576,"{""model__max_depth"": 20, ""model__max_features"": 0.7, ""model__min_samples_leaf"": 1, ""model__n_estimators"": 300}"
50,2,valence,random_forest_optional,0.5875,0.628597222222215,0.041097222222215,"{""model__max_depth"": 20, ""model__max_features"": 0.7, ""model__min_samples_leaf"": 1, ""model__n_estimators"": 300}"
51,2,valence,random_forest_optional,0.7625,0.7387727272727301,0.0237272727272698,"{""model__max_depth"": 20, ""model__max_features"": 0.7, ""model__min_samples_leaf"": 1, ""model__n_estimators"": 300}"
56,2,valence,random_forest_optional,0.275,0.3979318181818232,0.1229318181818232,"{""model__max_depth"": 20, ""model__max_features"": 0.7, ""model__min_samples_leaf"": 1, ""model__n_estimators"": 300}"
68,2,valence,random_forest_optional,0.575,0.4753143939394035,0.0996856060605964,"{""model__max_depth"": 20, ""model__max_features"": 0.7, ""model__min_samples_leaf"": 1, ""model__n_estimators"": 300}"
78,2,valence,random_forest_optional,0.659090909091,0.6085047348484833,0.0505861742425166,"{""model__max_depth"": 20, ""model__max_features"": 0.7, ""model__min_samples_leaf"": 1, ""model__n_estimators"": 300}"
97,2,valence,random_forest_optional,0.75,0.7129886363636366,0.0370113636363633,"{""model__max_depth"": 20, ""model__max_features"": 0.7, ""model__min_samples_leaf"": 1, ""model__n_estimators"": 300}"
99,2,valence,random_forest_optional,0.6875,0.6380193181818264,0.0494806818181735,"{""model__max_depth"": 20, ""model__max_features"": 0.7, ""model__min_samples_leaf"": 1, ""model__n_estimators"": 300}"
106,2,valence,random_forest_optional,0.675,0.7000643939393963,0.0250643939393963,"{""model__max_depth"": 20, ""model__max_features"": 0.7, ""model__min_samples_leaf"": 1, ""model__n_estimators"": 300}"
109,2,valence,random_forest_optional,0.7875,0.6931313131313146,0.0943686868686853,"{""model__max_depth"": 20, ""model__max_features"": 0.7, ""model__min_samples_leaf"": 1, ""model__n_estimators"": 300}"
117,2,valence,random_forest_optional,0.7,0.7317265512265476,0.0317265512265476,"{""model__max_depth"": 20, ""model__max_features"": 0.7, ""model__min_samples_leaf"": 1, ""model__n_estimators"": 300}"
123,2,valence,random_forest_optional,0.4875,0.5929924242424267,0.1054924242424267,"{""model__max_depth"": 20, ""model__max_features"": 0.7, ""model__min_samples_leaf"": 1, ""model__n_estimators"": 300}"
127,2,valence,random_forest_optional,0.825,0.7139090909090963,0.1110909090909036,"{""model__max_depth"": 20, ""model__max_features"": 0.7, ""model__min_samples_leaf"": 1, ""model__n_estimators"": 300}"
133,2,valence,random_forest_optional,0.7375,0.5462462121212102,0.1912537878787898,"{""model__max_depth"": 20, ""model__max_features"": 0.7, ""model__min_samples_leaf"": 1, ""model__n_estimators"": 300}"
134,2,valence,random_forest_optional,0.7125,0.7204090909090891,0.007909090909089,"{""model__max_depth"": 20, ""model__max_features"": 0.7, ""model__min_samples_leaf"": 1, ""model__n_estimators"": 300}"
137,2,valence,random_forest_optional,0.7,0.7120454545454538,0.0120454545454538,"{""model__max_depth"": 20, ""model__max_features"": 0.7, ""model__min_samples_leaf"": 1, ""model__n_estimators"": 300}"
147,2,valence,random_forest_optional,0.65,0.5879583333333334,0.0620416666666666,"{""model__max_depth"": 20, ""model__max_features"": 0.7, ""model__min_samples_leaf"": 1, ""model__n_estimators"": 300}"
153,2,valence,random_forest_optional,0.65,0.69062765151515,0.04062765151515,"{""model__max_depth"": 20, ""model__max_features"": 0.7, ""model__min_samples_leaf"": 1, ""model__n_estimators"": 300}"
157,2,valence,random_forest_optional,0.6818181818179999,0.5237765151515167,0.1580416666664832,"{""model__max_depth"": 20, ""model__max_features"": 0.7, ""model__min_samples_leaf"": 1, ""model__n_estimators"": 300}"
161,2,valence,random_forest_optional,0.7125,0.6821423611111113,0.0303576388888887,"{""model__max_depth"": 20, ""model__max_features"": 0.7, ""model__min_samples_leaf"": 1, ""model__n_estimators"": 300}"
162,2,valence,random_forest_optional,0.7375,0.7614154040404054,0.0239154040404053,"{""model__max_depth"": 20, ""model__max_features"": 0.7, ""model__min_samples_leaf"": 1, ""model__n_estimators"": 300}"
170,2,valence,random_forest_optional,0.6,0.4101022727272737,0.1898977272727262,"{""model__max_depth"": 20, ""model__max_features"": 0.7, ""model__min_samples_leaf"": 1, ""model__n_estimators"": 300}"
172,2,valence,random_forest_optional,0.625,0.4561856060606102,0.1688143939393898,"{""model__max_depth"": 20, ""model__max_features"": 0.7, ""model__min_samples_leaf"": 1, ""model__n_estimators"": 300}"
179,2,valence,random_forest_optional,0.3125,0.4760946969697038,0.1635946969697038,"{""model__max_depth"": 20, ""model__max_features"": 0.7, ""model__min_samples_leaf"": 1, ""model__n_estimators"": 300}"
185,2,valence,random_forest_optional,0.475,0.4760946969697038,0.0010946969697038,"{""model__max_depth"": 20, ""model__max_features"": 0.7, ""model__min_samples_leaf"": 1, ""model__n_estimators"": 300}"
186,2,valence,random_forest_optional,0.7125,0.6009113636363673,0.1115886363636327,"{""model__max_depth"": 20, ""model__max_features"": 0.7, ""model__min_samples_leaf"": 1, ""model__n_estimators"": 300}"
196,2,valence,random_forest_optional,0.3625,0.4247954545454566,0.0622954545454566,"{""model__max_depth"": 20, ""model__max_features"": 0.7, ""model__min_samples_leaf"": 1, ""model__n_estimators"": 300}"
197,2,valence,random_forest_optional,0.4375,0.5345151515151532,0.0970151515151531,"{""model__max_depth"": 20, ""model__max_features"": 0.7, ""model__min_samples_leaf"": 1, ""model__n_estimators"": 300}"
198,2,valence,random_forest_optional,0.75,0.7258920454545558,0.0241079545454442,"{""model__max_depth"": 20, ""model__max_features"": 0.7, ""model__min_samples_leaf"": 1, ""model__n_estimators"": 300}"
211,2,valence,random_forest_optional,0.65,0.6700555555555546,0.0200555555555546,"{""model__max_depth"": 20, ""model__max_features"": 0.7, ""model__min_samples_leaf"": 1, ""model__n_estimators"": 300}"
228,2,valence,random_forest_optional,0.425,0.5094924242424268,0.0844924242424268,"{""model__max_depth"": 20, ""model__max_features"": 0.7, ""model__min_samples_leaf"": 1, ""model__n_estimators"": 300}"
230,2,valence,random_forest_optional,0.7375,0.6206174242424235,0.1168825757575765,"{""model__max_depth"": 20, ""model__max_features"": 0.7, ""model__min_samples_leaf"": 1, ""model__n_estimators"": 300}"
236,2,valence,random_forest_optional,0.3,0.4142310606060634,0.1142310606060634,"{""model__max_depth"": 20, ""model__max_features"": 0.7, ""model__min_samples_leaf"": 1, ""model__n_estimators"": 300}"
237,2,valence,random_forest_optional,0.3125,0.431303030303037,0.118803030303037,"{""model__max_depth"": 20, ""model__max_features"": 0.7, ""model__min_samples_leaf"": 1, ""model__n_estimators"": 300}"
238,2,valence,random_forest_optional,0.5625,0.5231325757575771,0.0393674242424229,"{""model__max_depth"": 20, ""model__max_features"": 0.7, ""model__min_samples_leaf"": 1, ""model__n_estimators"": 300}"
244,2,valence,random_forest_optional,0.4125,0.4751287878787937,0.0626287878787937,"{""model__max_depth"": 20, ""model__max_features"": 0.7, ""model__min_samples_leaf"": 1, ""model__n_estimators"": 300}"
249,2,valence,random_forest_optional,0.45,0.4525946969696963,0.0025946969696963,"{""model__max_depth"": 20, ""model__max_features"": 0.7, ""model__min_samples_leaf"": 1, ""model__n_estimators"": 300}"
252,2,valence,random_forest_optional,0.3625,0.4168522727272734,0.0543522727272734,"{""model__max_depth"": 20, ""model__max_features"": 0.7, ""model__min_samples_leaf"": 1, ""model__n_estimators"": 300}"
275,2,valence,random_forest_optional,0.4125,0.3957007575757599,0.01679924242424,"{""model__max_depth"": 20, ""model__max_features"": 0.7, ""model__min_samples_leaf"": 1, ""model__n_estimators"": 300}"
277,2,valence,random_forest_optional,0.3875,0.4788522727272767,0.0913522727272767,"{""model__max_depth"": 20, ""model__max_features"": 0.7, ""model__min_samples_leaf"": 1, ""model__n_estimators"": 300}"
283,2,valence,random_forest_optional,0.5375,0.603041666666673,0.065541666666673,"{""model__max_depth"": 20, ""model__max_features"": 0.7, ""model__min_samples_leaf"": 1, ""model__n_estimators"": 300}"
295,2,valence,random_forest_optional,0.75,0.6587859848484834,0.0912140151515166,"{""model__max_depth"": 20, ""model__max_features"": 0.7, ""model__min_samples_leaf"": 1, ""model__n_estimators"": 300}"
298,2,valence,random_forest_optional,0.7375,0.7219507575757537,0.0155492424242463,"{""model__max_depth"": 20, ""model__max_features"": 0.7, ""model__min_samples_leaf"": 1, ""model__n_estimators"": 300}"
308,2,valence,random_forest_optional,0.85,0.7299204545454536,0.1200795454545463,"{""model__max_depth"": 20, ""model__max_features"": 0.7, ""model__min_samples_leaf"": 1, ""model__n_estimators"": 300}"
309,2,valence,random_forest_optional,0.3875,0.5352500000000036,0.1477500000000035,"{""model__max_depth"": 20, ""model__max_features"": 0.7, ""model__min_samples_leaf"": 1, ""model__n_estimators"": 300}"
315,2,valence,random_forest_optional,0.65,0.658715909090907,0.008715909090907,"{""model__max_depth"": 20, ""model__max_features"": 0.7, ""model__min_samples_leaf"": 1, ""model__n_estimators"": 300}"
319,2,valence,random_forest_optional,0.5,0.6114450757575723,0.1114450757575723,"{""model__max_depth"": 20, ""model__max_features"": 0.7, ""model__min_samples_leaf"": 1, ""model__n_estimators"": 300}"
327,2,valence,random_forest_optional,0.7375,0.6989368686868679,0.0385631313131321,"{""model__max_depth"": 20, ""model__max_features"": 0.7, ""model__min_samples_leaf"": 1, ""model__n_estimators"": 300}"
333,2,valence,random_forest_optional,0.775,0.7243390151515129,0.0506609848484871,"{""model__max_depth"": 20, ""model__max_features"": 0.7, ""model__min_samples_leaf"": 1, ""model__n_estimators"": 300}"
342,2,valence,random_forest_optional,0.6875,0.6303731060606093,0.0571268939393907,"{""model__max_depth"": 20, ""model__max_features"": 0.7, ""model__min_samples_leaf"": 1, ""model__n_estimators"": 300}"
343,2,valence,random_forest_optional,0.55,0.6695921717171742,0.1195921717171741,"{""model__max_depth"": 20, ""model__max_features"": 0.7, ""model__min_samples_leaf"": 1, ""model__n_estimators"": 300}"
349,2,valence,random_forest_optional,0.3375,0.4159318181818202,0.0784318181818201,"{""model__max_depth"": 20, ""model__max_features"": 0.7, ""model__min_samples_leaf"": 1, ""model__n_estimators"": 300}"
356,2,valence,random_forest_optional,0.5625,0.5730416666666701,0.0105416666666701,"{""model__max_depth"": 20, ""model__max_features"": 0.7, ""model__min_samples_leaf"": 1, ""model__n_estimators"": 300}"
361,2,valence,random_forest_optional,0.55,0.4988143939394001,0.0511856060605999,"{""model__max_depth"": 20, ""model__max_features"": 0.7, ""model__min_samples_leaf"": 1, ""model__n_estimators"": 300}"
367,2,valence,random_forest_optional,0.3125,0.6624632575757602,0.3499632575757602,"{""model__max_depth"": 20, ""model__max_features"": 0.7, ""model__min_samples_leaf"": 1, ""model__n_estimators"": 300}"
373,2,valence,random_forest_optional,0.725,0.6953705808080844,0.0296294191919155,"{""model__max_depth"": 20, ""model__max_features"": 0.7, ""model__min_samples_leaf"": 1, ""model__n_estimators"": 300}"
381,2,valence,random_forest_optional,0.8,0.7316060606060666,0.0683939393939334,"{""model__max_depth"": 20, ""model__max_features"": 0.7, ""model__min_samples_leaf"": 1, ""model__n_estimators"": 300}"
385,2,valence,random_forest_optional,0.75,0.7389381313131292,0.0110618686868707,"{""model__max_depth"": 20, ""model__max_features"": 0.7, ""model__min_samples_leaf"": 1, ""model__n_estimators"": 300}"
386,2,valence,random_forest_optional,0.5875,0.4887954545454599,0.0987045454545401,"{""model__max_depth"": 20, ""model__max_features"": 0.7, ""model__min_samples_leaf"": 1, ""model__n_estimators"": 300}"
397,2,valence,random_forest_optional,0.3375,0.4477348484848535,0.1102348484848534,"{""model__max_depth"": 20, ""model__max_features"": 0.7, ""model__min_samples_leaf"": 1, ""model__n_estimators"": 300}"
405,2,valence,random_forest_optional,0.7125,0.5448409090909169,0.1676590909090831,"{""model__max_depth"": 20, ""model__max_features"": 0.7, ""model__min_samples_leaf"": 1, ""model__n_estimators"": 300}"
407,2,valence,random_forest_optional,0.5625,0.6735340909090866,0.1110340909090865,"{""model__max_depth"": 20, ""model__max_features"": 0.7, ""model__min_samples_leaf"": 1, ""model__n_estimators"": 300}"
412,2,valence,random_forest_optional,0.4375,0.5374962121212166,0.0999962121212165,"{""model__max_depth"": 20, ""model__max_features"": 0.7, ""model__min_samples_leaf"": 1, ""model__n_estimators"": 300}"
414,2,valence,random_forest_optional,0.545454545455,0.4654848484848501,0.0799696969701499,"{""model__max_depth"": 20, ""model__max_features"": 0.7, ""model__min_samples_leaf"": 1, ""model__n_estimators"": 300}"
415,2,valence,random_forest_optional,0.5227272727269999,0.53607196969697,0.01334469696997,"{""model__max_depth"": 20, ""model__max_features"": 0.7, ""model__min_samples_leaf"": 1, ""model__n_estimators"": 300}"
427,2,valence,random_forest_optional,0.7,0.6714255050505012,0.0285744949494987,"{""model__max_depth"": 20, ""model__max_features"": 0.7, ""model__min_samples_leaf"": 1, ""model__n_estimators"": 300}"
443,2,valence,random_forest_optional,0.675,0.7261590909090905,0.0511590909090904,"{""model__max_depth"": 20, ""model__max_features"": 0.7, ""model__min_samples_leaf"": 1, ""model__n_estimators"": 300}"
449,2,valence,random_forest_optional,0.7375,0.7224999999999974,0.0150000000000026,"{""model__max_depth"": 20, ""model__max_features"": 0.7, ""model__min_samples_leaf"": 1, ""model__n_estimators"": 300}"
452,2,valence,random_forest_optional,0.7375,0.53818560606061,0.1993143939393901,"{""model__max_depth"": 20, ""model__max_features"": 0.7, ""model__min_samples_leaf"": 1, ""model__n_estimators"": 300}"
454,2,valence,random_forest_optional,0.8125,0.7530681818181858,0.0594318181818142,"{""model__max_depth"": 20, ""model__max_features"": 0.7, ""model__min_samples_leaf"": 1, ""model__n_estimators"": 300}"
462,2,valence,random_forest_optional,0.65,0.4689886363636364,0.1810113636363636,"{""model__max_depth"": 20, ""model__max_features"": 0.7, ""model__min_samples_leaf"": 1, ""model__n_estimators"": 300}"
463,2,valence,random_forest_optional,0.5625,0.5500568181818165,0.0124431818181834,"{""model__max_depth"": 20, ""model__max_features"": 0.7, ""model__min_samples_leaf"": 1, ""model__n_estimators"": 300}"
472,2,valence,random_forest_optional,0.6625,0.6782083333333335,0.0157083333333335,"{""model__max_depth"": 20, ""model__max_features"": 0.7, ""model__min_samples_leaf"": 1, ""model__n_estimators"": 300}"
479,2,valence,random_forest_optional,0.3875,0.5959141414141449,0.2084141414141448,"{""model__max_depth"": 20, ""model__max_features"": 0.7, ""model__min_samples_leaf"": 1, ""model__n_estimators"": 300}"
483,2,valence,random_forest_optional,0.5125,0.4545075757575769,0.057992424242423,"{""model__max_depth"": 20, ""model__max_features"": 0.7, ""model__min_samples_leaf"": 1, ""model__n_estimators"": 300}"
495,2,valence,random_forest_optional,0.475,0.5709242424242433,0.0959242424242433,"{""model__max_depth"": 20, ""model__max_features"": 0.7, ""model__min_samples_leaf"": 1, ""model__n_estimators"": 300}"
501,2,valence,random_forest_optional,0.8125,0.6923036616161721,0.1201963383838279,"{""model__max_depth"": 20, ""model__max_features"": 0.7, ""model__min_samples_leaf"": 1, ""model__n_estimators"": 300}"
504,2,valence,random_forest_optional,0.675,0.6022068181818204,0.0727931818181796,"{""model__max_depth"": 20, ""model__max_features"": 0.7, ""model__min_samples_leaf"": 1, ""model__n_estimators"": 300}"
516,2,valence,random_forest_optional,0.4625,0.5385795454545506,0.0760795454545505,"{""model__max_depth"": 20, ""model__max_features"": 0.7, ""model__min_samples_leaf"": 1, ""model__n_estimators"": 300}"
526,2,valence,random_forest_optional,0.525,0.4008674242424269,0.1241325757575731,"{""model__max_depth"": 20, ""model__max_features"": 0.7, ""model__min_samples_leaf"": 1, ""model__n_estimators"": 300}"
531,2,valence,random_forest_optional,0.3,0.4727638888888888,0.1727638888888888,"{""model__max_depth"": 20, ""model__max_features"": 0.7, ""model__min_samples_leaf"": 1, ""model__n_estimators"": 300}"
535,2,valence,random_forest_optional,0.7875,0.7147530663780672,0.0727469336219327,"{""model__max_depth"": 20, ""model__max_features"": 0.7, ""model__min_samples_leaf"": 1, ""model__n_estimators"": 300}"
551,2,valence,random_forest_optional,0.375,0.4073333333333333,0.0323333333333333,"{""model__max_depth"": 20, ""model__max_features"": 0.7, ""model__min_samples_leaf"": 1, ""model__n_estimators"": 300}"
552,2,valence,random_forest_optional,0.8125,0.6101893939393931,0.2023106060606069,"{""model__max_depth"": 20, ""model__max_features"": 0.7, ""model__min_samples_leaf"": 1, ""model__n_estimators"": 300}"
554,2,valence,random_forest_optional,0.65,0.667799242424243,0.017799242424243,"{""model__max_depth"": 20, ""model__max_features"": 0.7, ""model__min_samples_leaf"": 1, ""model__n_estimators"": 300}"
558,2,valence,random_forest_optional,0.5125,0.6055265151515168,0.0930265151515168,"{""model__max_depth"": 20, ""model__max_features"": 0.7, ""model__min_samples_leaf"": 1, ""model__n_estimators"": 300}"
570,2,valence,random_forest_optional,0.5375,0.5636704545454532,0.0261704545454531,"{""model__max_depth"": 20, ""model__max_features"": 0.7, ""model__min_samples_leaf"": 1, ""model__n_estimators"": 300}"
577,2,valence,random_forest_optional,0.575,0.6452462121212131,0.0702462121212131,"{""model__max_depth"": 20, ""model__max_features"": 0.7, ""model__min_samples_leaf"": 1, ""model__n_estimators"": 300}"
580,2,valence,random_forest_optional,0.7875,0.7398560606060613,0.0476439393939386,"{""model__max_depth"": 20, ""model__max_features"": 0.7, ""model__min_samples_leaf"": 1, ""model__n_estimators"": 300}"
582,2,valence,random_forest_optional,0.5,0.5754848484848506,0.0754848484848506,"{""model__max_depth"": 20, ""model__max_features"": 0.7, ""model__min_samples_leaf"": 1, ""model__n_estimators"": 300}"
589,2,valence,random_forest_optional,0.4875,0.4285795454545537,0.0589204545454463,"{""model__max_depth"": 20, ""model__max_features"": 0.7, ""model__min_samples_leaf"": 1, ""model__n_estimators"": 300}"
592,2,valence,random_forest_optional,0.4125,0.5363219696969698,0.1238219696969697,"{""model__max_depth"": 20, ""model__max_features"": 0.7, ""model__min_samples_leaf"": 1, ""model__n_estimators"": 300}"
606,2,valence,random_forest_optional,0.8,0.7510492424242466,0.0489507575757534,"{""model__max_depth"": 20, ""model__max_features"": 0.7, ""model__min_samples_leaf"": 1, ""model__n_estimators"": 300}"
608,2,valence,random_forest_optional,0.5625,0.5392613636363631,0.0232386363636368,"{""model__max_depth"": 20, ""model__max_features"": 0.7, ""model__min_samples_leaf"": 1, ""model__n_estimators"": 300}"
621,2,valence,random_forest_optional,0.55,0.4772045454545469,0.0727954545454531,"{""model__max_depth"": 20, ""model__max_features"": 0.7, ""model__min_samples_leaf"": 1, ""model__n_estimators"": 300}"
622,2,valence,random_forest_optional,0.675,0.6979393939393965,0.0229393939393964,"{""model__max_depth"": 20, ""model__max_features"": 0.7, ""model__min_samples_leaf"": 1, ""model__n_estimators"": 300}"
625,2,valence,random_forest_optional,0.65,0.7284242424242403,0.0784242424242402,"{""model__max_depth"": 20, ""model__max_features"": 0.7, ""model__min_samples_leaf"": 1, ""model__n_estimators"": 300}"
628,2,valence,random_forest_optional,0.625,0.6896736111111116,0.0646736111111115,"{""model__max_depth"": 20, ""model__max_features"": 0.7, ""model__min_samples_leaf"": 1, ""model__n_estimators"": 300}"
630,2,valence,random_forest_optional,0.775,0.6547689393939495,0.1202310606060504,"{""model__max_depth"": 20, ""model__max_features"": 0.7, ""model__min_samples_leaf"": 1, ""model__n_estimators"": 300}"
643,2,valence,random_forest_optional,0.5875,0.527229797979799,0.060270202020201,"{""model__max_depth"": 20, ""model__max_features"": 0.7, ""model__min_samples_leaf"": 1, ""model__n_estimators"": 300}"
645,2,valence,random_forest_optional,0.6125,0.6893825757575747,0.0768825757575746,"{""model__max_depth"": 20, ""model__max_features"": 0.7, ""model__min_samples_leaf"": 1, ""model__n_estimators"": 300}"
647,2,valence,random_forest_optional,0.6125,0.5895037878787964,0.0229962121212036,"{""model__max_depth"": 20, ""model__max_features"": 0.7, ""model__min_samples_leaf"": 1, ""model__n_estimators"": 300}"
656,2,valence,random_forest_optional,0.4125,0.5154204545454597,0.1029204545454597,"{""model__max_depth"": 20, ""model__max_features"": 0.7, ""model__min_samples_leaf"": 1, ""model__n_estimators"": 300}"
665,2,valence,random_forest_optional,0.75,0.6990189393939403,0.0509810606060596,"{""model__max_depth"": 20, ""model__max_features"": 0.7, ""model__min_samples_leaf"": 1, ""model__n_estimators"": 300}"
676,2,valence,random_forest_optional,0.475,0.5125227272727372,0.0375227272727372,"{""model__max_depth"": 20, ""model__max_features"": 0.7, ""model__min_samples_leaf"": 1, ""model__n_estimators"": 300}"
681,2,valence,random_forest_optional,0.7,0.7178560606060568,0.0178560606060568,"{""model__max_depth"": 20, ""model__max_features"": 0.7, ""model__min_samples_leaf"": 1, ""model__n_estimators"": 300}"
682,2,valence,random_forest_optional,0.6125,0.6997053030303035,0.0872053030303035,"{""model__max_depth"": 20, ""model__max_features"": 0.7, ""model__min_samples_leaf"": 1, ""model__n_estimators"": 300}"
697,2,valence,random_forest_optional,0.4875,0.4815606060606174,0.0059393939393825,"{""model__max_depth"": 20, ""model__max_features"": 0.7, ""model__min_samples_leaf"": 1, ""model__n_estimators"": 300}"
705,2,valence,random_forest_optional,0.4375,0.4164861111111113,0.0210138888888886,"{""model__max_depth"": 20, ""model__max_features"": 0.7, ""model__min_samples_leaf"": 1, ""model__n_estimators"": 300}"
711,2,valence,random_forest_optional,0.675,0.5443560606060636,0.1306439393939364,"{""model__max_depth"": 20, ""model__max_features"": 0.7, ""model__min_samples_leaf"": 1, ""model__n_estimators"": 300}"
717,2,valence,random_forest_optional,0.6875,0.5707272727272767,0.1167727272727232,"{""model__max_depth"": 20, ""model__max_features"": 0.7, ""model__min_samples_leaf"": 1, ""model__n_estimators"": 300}"
728,2,valence,random_forest_optional,0.275,0.4255492424242467,0.1505492424242466,"{""model__max_depth"": 20, ""model__max_features"": 0.7, ""model__min_samples_leaf"": 1, ""model__n_estimators"": 300}"
748,2,valence,random_forest_optional,0.4625,0.4450441919191956,0.0174558080808044,"{""model__max_depth"": 20, ""model__max_features"": 0.7, ""model__min_samples_leaf"": 1, ""model__n_estimators"": 300}"
755,2,valence,random_forest_optional,0.625,0.5273446969697001,0.0976553030302999,"{""model__max_depth"": 20, ""model__max_features"": 0.7, ""model__min_samples_leaf"": 1, ""model__n_estimators"": 300}"
759,2,valence,random_forest_optional,0.8375,0.5747613636363632,0.2627386363636368,"{""model__max_depth"": 20, ""model__max_features"": 0.7, ""model__min_samples_leaf"": 1, ""model__n_estimators"": 300}"
761,2,valence,random_forest_optional,0.7875,0.561768939393947,0.2257310606060529,"{""model__max_depth"": 20, ""model__max_features"": 0.7, ""model__min_samples_leaf"": 1, ""model__n_estimators"": 300}"
765,2,valence,random_forest_optional,0.7625,0.6820624999999961,0.0804375000000038,"{""model__max_depth"": 20, ""model__max_features"": 0.7, ""model__min_samples_leaf"": 1, ""model__n_estimators"": 300}"
767,2,valence,random_forest_optional,0.5125,0.49372348484849,0.0187765151515099,"{""model__max_depth"": 20, ""model__max_features"": 0.7, ""model__min_samples_leaf"": 1, ""model__n_estimators"": 300}"
777,2,valence,random_forest_optional,0.475,0.6530833333333335,0.1780833333333334,"{""model__max_depth"": 20, ""model__max_features"": 0.7, ""model__min_samples_leaf"": 1, ""model__n_estimators"": 300}"
804,2,valence,random_forest_optional,0.65,0.7161060606060567,0.0661060606060567,"{""model__max_depth"": 20, ""model__max_features"": 0.7, ""model__min_samples_leaf"": 1, ""model__n_estimators"": 300}"
814,2,valence,random_forest_optional,0.7375,0.6197670454545464,0.1177329545454536,"{""model__max_depth"": 20, ""model__max_features"": 0.7, ""model__min_samples_leaf"": 1, ""model__n_estimators"": 300}"
823,2,valence,random_forest_optional,0.6625,0.5252651515151566,0.1372348484848433,"{""model__max_depth"": 20, ""model__max_features"": 0.7, ""model__min_samples_leaf"": 1, ""model__n_estimators"": 300}"
844,2,valence,random_forest_optional,0.75,0.6669476010100961,0.0830523989899039,"{""model__max_depth"": 20, ""model__max_features"": 0.7, ""model__min_samples_leaf"": 1, ""model__n_estimators"": 300}"
846,2,valence,random_forest_optional,0.5375,0.7128977272727297,0.1753977272727297,"{""model__max_depth"": 20, ""model__max_features"": 0.7, ""model__min_samples_leaf"": 1, ""model__n_estimators"": 300}"
855,2,valence,random_forest_optional,0.775,0.7402449494949481,0.0347550505050519,"{""model__max_depth"": 20, ""model__max_features"": 0.7, ""model__min_samples_leaf"": 1, ""model__n_estimators"": 300}"
882,2,valence,random_forest_optional,0.6,0.7265517676767662,0.1265517676767662,"{""model__max_depth"": 20, ""model__max_features"": 0.7, ""model__min_samples_leaf"": 1, ""model__n_estimators"": 300}"
884,2,valence,random_forest_optional,0.7625,0.5422462121212135,0.2202537878787864,"{""model__max_depth"": 20, ""model__max_features"": 0.7, ""model__min_samples_leaf"": 1, ""model__n_estimators"": 300}"
889,2,valence,random_forest_optional,0.75,0.7369590909090903,0.0130409090909097,"{""model__max_depth"": 20, ""model__max_features"": 0.7, ""model__min_samples_leaf"": 1, ""model__n_estimators"": 300}"
894,2,valence,random_forest_optional,0.375,0.4695303030303102,0.0945303030303101,"{""model__max_depth"": 20, ""model__max_features"": 0.7, ""model__min_samples_leaf"": 1, ""model__n_estimators"": 300}"
900,2,valence,random_forest_optional,0.5375,0.6166382575757503,0.0791382575757503,"{""model__max_depth"": 20, ""model__max_features"": 0.7, ""model__min_samples_leaf"": 1, ""model__n_estimators"": 300}"
907,2,valence,random_forest_optional,0.5625,0.4747348484848496,0.0877651515151504,"{""model__max_depth"": 20, ""model__max_features"": 0.7, ""model__min_samples_leaf"": 1, ""model__n_estimators"": 300}"
915,2,valence,random_forest_optional,0.575,0.5247310606060602,0.0502689393939397,"{""model__max_depth"": 20, ""model__max_features"": 0.7, ""model__min_samples_leaf"": 1, ""model__n_estimators"": 300}"
916,2,valence,random_forest_optional,0.3375,0.3994280303030301,0.06192803030303,"{""model__max_depth"": 20, ""model__max_features"": 0.7, ""model__min_samples_leaf"": 1, ""model__n_estimators"": 300}"
922,2,valence,random_forest_optional,0.7375,0.7183977272727294,0.0191022727272706,"{""model__max_depth"": 20, ""model__max_features"": 0.7, ""model__min_samples_leaf"": 1, ""model__n_estimators"": 300}"
931,2,valence,random_forest_optional,0.5,0.5066363636363668,0.0066363636363667,"{""model__max_depth"": 20, ""model__max_features"": 0.7, ""model__min_samples_leaf"": 1, ""model__n_estimators"": 300}"
934,2,valence,random_forest_optional,0.3875,0.5340454545454567,0.1465454545454567,"{""model__max_depth"": 20, ""model__max_features"": 0.7, ""model__min_samples_leaf"": 1, ""model__n_estimators"": 300}"
936,2,valence,random_forest_optional,0.45,0.420909090909093,0.0290909090909069,"{""model__max_depth"": 20, ""model__max_features"": 0.7, ""model__min_samples_leaf"": 1, ""model__n_estimators"": 300}"
951,2,valence,random_forest_optional,0.75,0.6049015151515162,0.1450984848484837,"{""model__max_depth"": 20, ""model__max_features"": 0.7, ""model__min_samples_leaf"": 1, ""model__n_estimators"": 300}"
967,2,valence,random_forest_optional,0.5125,0.4640303030303074,0.0484696969696925,"{""model__max_depth"": 20, ""model__max_features"": 0.7, ""model__min_samples_leaf"": 1, ""model__n_estimators"": 300}"
973,2,valence,random_forest_optional,0.6,0.4852310606060631,0.1147689393939368,"{""model__max_depth"": 20, ""model__max_features"": 0.7, ""model__min_samples_leaf"": 1, ""model__n_estimators"": 300}"
979,2,valence,random_forest_optional,0.5125,0.4225,0.0899999999999999,"{""model__max_depth"": 20, ""model__max_features"": 0.7, ""model__min_samples_leaf"": 1, ""model__n_estimators"": 300}"
985,2,valence,random_forest_optional,0.7,0.6452083333333328,0.0547916666666671,"{""model__max_depth"": 20, ""model__max_features"": 0.7, ""model__min_samples_leaf"": 1, ""model__n_estimators"": 300}"
992,2,valence,random_forest_optional,0.3625,0.5897234848484867,0.2272234848484867,"{""model__max_depth"": 20, ""model__max_features"": 0.7, ""model__min_samples_leaf"": 1, ""model__n_estimators"": 300}"
993,2,valence,random_forest_optional,0.7625,0.6070833333333338,0.1554166666666662,"{""model__max_depth"": 20, ""model__max_features"": 0.7, ""model__min_samples_leaf"": 1, ""model__n_estimators"": 300}"
997,2,valence,random_forest_optional,0.6625,0.7257260101010122,0.0632260101010122,"{""model__max_depth"": 20, ""model__max_features"": 0.7, ""model__min_samples_leaf"": 1, ""model__n_estimators"": 300}"
999,2,valence,random_forest_optional,0.775,0.747833333333326,0.027166666666674,"{""model__max_depth"": 20, ""model__max_features"": 0.7, ""model__min_samples_leaf"": 1, ""model__n_estimators"": 300}"
7,3,valence,random_forest_optional,0.725,0.6802613839744631,0.0447386160255368,"{""model__max_depth"": 10, ""model__max_features"": 0.7, ""model__min_samples_leaf"": 3, ""model__n_estimators"": 600}"
13,3,valence,random_forest_optional,0.5875,0.7197025718366848,0.1322025718366848,"{""model__max_depth"": 10, ""model__max_features"": 0.7, ""model__min_samples_leaf"": 3, ""model__n_estimators"": 600}"
14,3,valence,random_forest_optional,0.575,0.5902707621743992,0.0152707621743992,"{""model__max_depth"": 10, ""model__max_features"": 0.7, ""model__min_samples_leaf"": 3, ""model__n_estimators"": 600}"
17,3,valence,random_forest_optional,0.675,0.6406631670872757,0.0343368329127243,"{""model__max_depth"": 10, ""model__max_features"": 0.7, ""model__min_samples_leaf"": 3, ""model__n_estimators"": 600}"
31,3,valence,random_forest_optional,0.4375,0.4554897087403642,0.0179897087403642,"{""model__max_depth"": 10, ""model__max_features"": 0.7, ""model__min_samples_leaf"": 3, ""model__n_estimators"": 600}"
57,3,valence,random_forest_optional,0.3625,0.4315818478810165,0.0690818478810165,"{""model__max_depth"": 10, ""model__max_features"": 0.7, ""model__min_samples_leaf"": 3, ""model__n_estimators"": 600}"
76,3,valence,random_forest_optional,0.65,0.5441050501199828,0.1058949498800172,"{""model__max_depth"": 10, ""model__max_features"": 0.7, ""model__min_samples_leaf"": 3, ""model__n_estimators"": 600}"
79,3,valence,random_forest_optional,0.625,0.7378836660126534,0.1128836660126534,"{""model__max_depth"": 10, ""model__max_features"": 0.7, ""model__min_samples_leaf"": 3, ""model__n_estimators"": 600}"
83,3,valence,random_forest_optional,0.725,0.7454439459523191,0.0204439459523191,"{""model__max_depth"": 10, ""model__max_features"": 0.7, ""model__min_samples_leaf"": 3, ""model__n_estimators"": 600}"
98,3,valence,random_forest_optional,0.65,0.6231017564540245,0.0268982435459754,"{""model__max_depth"": 10, ""model__max_features"": 0.7, ""model__min_samples_leaf"": 3, ""model__n_estimators"": 600}"
105,3,valence,random_forest_optional,0.3875,0.4427208776072174,0.0552208776072174,"{""model__max_depth"": 10, ""model__max_features"": 0.7, ""model__min_samples_leaf"": 3, ""model__n_estimators"": 600}"
114,3,valence,random_forest_optional,0.7375,0.6569428950796798,0.0805571049203202,"{""model__max_depth"": 10, ""model__max_features"": 0.7, ""model__min_samples_leaf"": 3, ""model__n_estimators"": 600}"
115,3,valence,random_forest_optional,0.8,0.7261881296524848,0.0738118703475152,"{""model__max_depth"": 10, ""model__max_features"": 0.7, ""model__min_samples_leaf"": 3, ""model__n_estimators"": 600}"
132,3,valence,random_forest_optional,0.7125,0.7148420317212969,0.0023420317212968,"{""model__max_depth"": 10, ""model__max_features"": 0.7, ""model__min_samples_leaf"": 3, ""model__n_estimators"": 600}"
135,3,valence,random_forest_optional,0.4,0.6674938410876375,0.2674938410876375,"{""model__max_depth"": 10, ""model__max_features"": 0.7, ""model__min_samples_leaf"": 3, ""model__n_estimators"": 600}"
138,3,valence,random_forest_optional,0.5875,0.6424368715900045,0.0549368715900044,"{""model__max_depth"": 10, ""model__max_features"": 0.7, ""model__min_samples_leaf"": 3, ""model__n_estimators"": 600}"
148,3,valence,random_forest_optional,0.5,0.4567365973273776,0.0432634026726223,"{""model__max_depth"": 10, ""model__max_features"": 0.7, ""model__min_samples_leaf"": 3, ""model__n_estimators"": 600}"
150,3,valence,random_forest_optional,0.725,0.6695838386349995,0.0554161613650004,"{""model__max_depth"": 10, ""model__max_features"": 0.7, ""model__min_samples_leaf"": 3, ""model__n_estimators"": 600}"
151,3,valence,random_forest_optional,0.6125,0.572413627017437,0.040086372982563,"{""model__max_depth"": 10, ""model__max_features"": 0.7, ""model__min_samples_leaf"": 3, ""model__n_estimators"": 600}"
158,3,valence,random_forest_optional,0.7875,0.6753747549285828,0.1121252450714171,"{""model__max_depth"": 10, ""model__max_features"": 0.7, ""model__min_samples_leaf"": 3, ""model__n_estimators"": 600}"
168,3,valence,random_forest_optional,0.625,0.6106842220986095,0.0143157779013904,"{""model__max_depth"": 10, ""model__max_features"": 0.7, ""model__min_samples_leaf"": 3, ""model__n_estimators"": 600}"
169,3,valence,random_forest_optional,0.6,0.6249188943220658,0.0249188943220658,"{""model__max_depth"": 10, ""model__max_features"": 0.7, ""model__min_samples_leaf"": 3, ""model__n_estimators"": 600}"
175,3,valence,random_forest_optional,0.45,0.4514450392247358,0.0014450392247358,"{""model__max_depth"": 10, ""model__max_features"": 0.7, ""model__min_samples_leaf"": 3, ""model__n_estimators"": 600}"
203,3,valence,random_forest_optional,0.6875,0.709592774952186,0.0220927749521859,"{""model__max_depth"": 10, ""model__max_features"": 0.7, ""model__min_samples_leaf"": 3, ""model__n_estimators"": 600}"
209,3,valence,random_forest_optional,0.775,0.7099600431187418,0.0650399568812581,"{""model__max_depth"": 10, ""model__max_features"": 0.7, ""model__min_samples_leaf"": 3, ""model__n_estimators"": 600}"
212,3,valence,random_forest_optional,0.6,0.6958964951343608,0.0958964951343608,"{""model__max_depth"": 10, ""model__max_features"": 0.7, ""model__min_samples_leaf"": 3, ""model__n_estimators"": 600}"
213,3,valence,random_forest_optional,0.3625,0.4115040010308333,0.0490040010308333,"{""model__max_depth"": 10, ""model__max_features"": 0.7, ""model__min_samples_leaf"": 3, ""model__n_estimators"": 600}"
216,3,valence,random_forest_optional,0.6625,0.6492919203871498,0.0132080796128501,"{""model__max_depth"": 10, ""model__max_features"": 0.7, ""model__min_samples_leaf"": 3, ""model__n_estimators"": 600}"
221,3,valence,random_forest_optional,0.7,0.7324662245486331,0.0324662245486331,"{""model__max_depth"": 10, ""model__max_features"": 0.7, ""model__min_samples_leaf"": 3, ""model__n_estimators"": 600}"
224,3,valence,random_forest_optional,0.5,0.4175539499290059,0.082446050070994,"{""model__max_depth"": 10, ""model__max_features"": 0.7, ""model__min_samples_leaf"": 3, ""model__n_estimators"": 600}"
225,3,valence,random_forest_optional,0.525,0.4725969204725236,0.0524030795274764,"{""model__max_depth"": 10, ""model__max_features"": 0.7, ""model__min_samples_leaf"": 3, ""model__n_estimators"": 600}"
227,3,valence,random_forest_optional,0.425,0.4000274417366732,0.0249725582633267,"{""model__max_depth"": 10, ""model__max_features"": 0.7, ""model__min_samples_leaf"": 3, ""model__n_estimators"": 600}"
232,3,valence,random_forest_optional,0.475,0.4696921065014041,0.0053078934985958,"{""model__max_depth"": 10, ""model__max_features"": 0.7, ""model__min_samples_leaf"": 3, ""model__n_estimators"": 600}"
241,3,valence,random_forest_optional,0.5625,0.5309754956948134,0.0315245043051866,"{""model__max_depth"": 10, ""model__max_features"": 0.7, ""model__min_samples_leaf"": 3, ""model__n_estimators"": 600}"
282,3,valence,random_forest_optional,0.525,0.5938977015788889,0.0688977015788888,"{""model__max_depth"": 10, ""model__max_features"": 0.7, ""model__min_samples_leaf"": 3, ""model__n_estimators"": 600}"
287,3,valence,random_forest_optional,0.6875,0.5002120554912947,0.1872879445087053,"{""model__max_depth"": 10, ""model__max_features"": 0.7, ""model__min_samples_leaf"": 3, ""model__n_estimators"": 600}"
293,3,valence,random_forest_optional,0.6375,0.7021203803509773,0.0646203803509773,"{""model__max_depth"": 10, ""model__max_features"": 0.7, ""model__min_samples_leaf"": 3, ""model__n_estimators"": 600}"
297,3,valence,random_forest_optional,0.7,0.6304302208440946,0.0695697791559053,"{""model__max_depth"": 10, ""model__max_features"": 0.7, ""model__min_samples_leaf"": 3, ""model__n_estimators"": 600}"
302,3,valence,random_forest_optional,0.575,0.5968040652605308,0.0218040652605308,"{""model__max_depth"": 10, ""model__max_features"": 0.7, ""model__min_samples_leaf"": 3, ""model__n_estimators"": 600}"
305,3,valence,random_forest_optional,0.75,0.6753927914524727,0.0746072085475273,"{""model__max_depth"": 10, ""model__max_features"": 0.7, ""model__min_samples_leaf"": 3, ""model__n_estimators"": 600}"
313,3,valence,random_forest_optional,0.6625,0.6696595880002059,0.0071595880002058,"{""model__max_depth"": 10, ""model__max_features"": 0.7, ""model__min_samples_leaf"": 3, ""model__n_estimators"": 600}"
325,3,valence,random_forest_optional,0.6125,0.5674586789664534,0.0450413210335466,"{""model__max_depth"": 10, ""model__max_features"": 0.7, ""model__min_samples_leaf"": 3, ""model__n_estimators"": 600}"
336,3,valence,random_forest_optional,0.725,0.7153880915648904,0.0096119084351096,"{""model__max_depth"": 10, ""model__max_features"": 0.7, ""model__min_samples_leaf"": 3, ""model__n_estimators"": 600}"
351,3,valence,random_forest_optional,0.55,0.616010553223306,0.0660105532233059,"{""model__max_depth"": 10, ""model__max_features"": 0.7, ""model__min_samples_leaf"": 3, ""model__n_estimators"": 600}"
360,3,valence,random_forest_optional,0.55,0.5038649184896031,0.0461350815103969,"{""model__max_depth"": 10, ""model__max_features"": 0.7, ""model__min_samples_leaf"": 3, ""model__n_estimators"": 600}"
364,3,valence,random_forest_optional,0.4,0.4949358122448756,0.0949358122448755,"{""model__max_depth"": 10, ""model__max_features"": 0.7, ""model__min_samples_leaf"": 3, ""model__n_estimators"": 600}"
366,3,valence,random_forest_optional,0.2875,0.4255419092082645,0.1380419092082646,"{""model__max_depth"": 10, ""model__max_features"": 0.7, ""model__min_samples_leaf"": 3, ""model__n_estimators"": 600}"
382,3,valence,random_forest_optional,0.863636363636,0.7304231964538365,0.1332131671821635,"{""model__max_depth"": 10, ""model__max_features"": 0.7, ""model__min_samples_leaf"": 3, ""model__n_estimators"": 600}"
394,3,valence,random_forest_optional,0.675,0.6449241420867744,0.0300758579132256,"{""model__max_depth"": 10, ""model__max_features"": 0.7, ""model__min_samples_leaf"": 3, ""model__n_estimators"": 600}"
398,3,valence,random_forest_optional,0.4375,0.4140955977074074,0.0234044022925925,"{""model__max_depth"": 10, ""model__max_features"": 0.7, ""model__min_samples_leaf"": 3, ""model__n_estimators"": 600}"
401,3,valence,random_forest_optional,0.25,0.4082802723111112,0.1582802723111112,"{""model__max_depth"": 10, ""model__max_features"": 0.7, ""model__min_samples_leaf"": 3, ""model__n_estimators"": 600}"
402,3,valence,random_forest_optional,0.6875,0.7333779230756152,0.0458779230756152,"{""model__max_depth"": 10, ""model__max_features"": 0.7, ""model__min_samples_leaf"": 3, ""model__n_estimators"": 600}"
410,3,valence,random_forest_optional,0.45,0.6634100744357149,0.2134100744357148,"{""model__max_depth"": 10, ""model__max_features"": 0.7, ""model__min_samples_leaf"": 3, ""model__n_estimators"": 600}"
417,3,valence,random_forest_optional,0.775,0.7579588235674373,0.0170411764325627,"{""model__max_depth"": 10, ""model__max_features"": 0.7, ""model__min_samples_leaf"": 3, ""model__n_estimators"": 600}"
421,3,valence,random_forest_optional,0.725,0.7098221337188372,0.0151778662811628,"{""model__max_depth"": 10, ""model__max_features"": 0.7, ""model__min_samples_leaf"": 3, ""model__n_estimators"": 600}"
424,3,valence,random_forest_optional,0.65,0.5784115483762805,0.0715884516237195,"{""model__max_depth"": 10, ""model__max_features"": 0.7, ""model__min_samples_leaf"": 3, ""model__n_estimators"": 600}"
429,3,valence,random_forest_optional,0.4,0.4335527643992641,0.0335527643992641,"{""model__max_depth"": 10, ""model__max_features"": 0.7, ""model__min_samples_leaf"": 3, ""model__n_estimators"": 600}"
431,3,valence,random_forest_optional,0.6375,0.4161400174797495,0.2213599825202504,"{""model__max_depth"": 10, ""model__max_features"": 0.7, ""model__min_samples_leaf"": 3, ""model__n_estimators"": 600}"
437,3,valence,random_forest_optional,0.375,0.4395170620466569,0.0645170620466569,"{""model__max_depth"": 10, ""model__max_features"": 0.7, ""model__min_samples_leaf"": 3, ""model__n_estimators"": 600}"
440,3,valence,random_forest_optional,0.2875,0.4452666683539719,0.1577666683539719,"{""model__max_depth"": 10, ""model__max_features"": 0.7, ""model__min_samples_leaf"": 3, ""model__n_estimators"": 600}"
445,3,valence,random_forest_optional,0.4625,0.6393346880736036,0.1768346880736035,"{""model__max_depth"": 10, ""model__max_features"": 0.7, ""model__min_samples_leaf"": 3, ""model__n_estimators"": 600}"
446,3,valence,random_forest_optional,0.4875,0.5520891305650242,0.0645891305650241,"{""model__max_depth"": 10, ""model__max_features"": 0.7, ""model__min_samples_leaf"": 3, ""model__n_estimators"": 600}"
447,3,valence,random_forest_optional,0.6,0.5050034017581896,0.0949965982418103,"{""model__max_depth"": 10, ""model__max_features"": 0.7, ""model__min_samples_leaf"": 3, ""model__n_estimators"": 600}"
448,3,valence,random_forest_optional,0.7375,0.7311694551915552,0.0063305448084448,"{""model__max_depth"": 10, ""model__max_features"": 0.7, ""model__min_samples_leaf"": 3, ""model__n_estimators"": 600}"
450,3,valence,random_forest_optional,0.7625,0.710609924317146,0.0518900756828539,"{""model__max_depth"": 10, ""model__max_features"": 0.7, ""model__min_samples_leaf"": 3, ""model__n_estimators"": 600}"
451,3,valence,random_forest_optional,0.8375,0.7424463051426824,0.0950536948573176,"{""model__max_depth"": 10, ""model__max_features"": 0.7, ""model__min_samples_leaf"": 3, ""model__n_estimators"": 600}"
456,3,valence,random_forest_optional,0.525,0.669602810384278,0.144602810384278,"{""model__max_depth"": 10, ""model__max_features"": 0.7, ""model__min_samples_leaf"": 3, ""model__n_estimators"": 600}"
482,3,valence,random_forest_optional,0.568181818182,0.6365071243043725,0.0683253061223725,"{""model__max_depth"": 10, ""model__max_features"": 0.7, ""model__min_samples_leaf"": 3, ""model__n_estimators"": 600}"
485,3,valence,random_forest_optional,0.7,0.7066482941165524,0.0066482941165524,"{""model__max_depth"": 10, ""model__max_features"": 0.7, ""model__min_samples_leaf"": 3, ""model__n_estimators"": 600}"
488,3,valence,random_forest_optional,0.6,0.6040680288782782,0.0040680288782781,"{""model__max_depth"": 10, ""model__max_features"": 0.7, ""model__min_samples_leaf"": 3, ""model__n_estimators"": 600}"
494,3,valence,random_forest_optional,0.4625,0.6767410565309552,0.2142410565309551,"{""model__max_depth"": 10, ""model__max_features"": 0.7, ""model__min_samples_leaf"": 3, ""model__n_estimators"": 600}"
510,3,valence,random_forest_optional,0.825,0.7439081080565595,0.0810918919434404,"{""model__max_depth"": 10, ""model__max_features"": 0.7, ""model__min_samples_leaf"": 3, ""model__n_estimators"": 600}"
511,3,valence,random_forest_optional,0.7375,0.7531698825136168,0.0156698825136167,"{""model__max_depth"": 10, ""model__max_features"": 0.7, ""model__min_samples_leaf"": 3, ""model__n_estimators"": 600}"
520,3,valence,random_forest_optional,0.15,0.47735122684017,0.32735122684017,"{""model__max_depth"": 10, ""model__max_features"": 0.7, ""model__min_samples_leaf"": 3, ""model__n_estimators"": 600}"
523,3,valence,random_forest_optional,0.3375,0.4512003595819619,0.1137003595819619,"{""model__max_depth"": 10, ""model__max_features"": 0.7, ""model__min_samples_leaf"": 3, ""model__n_estimators"": 600}"
565,3,valence,random_forest_optional,0.6375,0.7265323585768889,0.0890323585768889,"{""model__max_depth"": 10, ""model__max_features"": 0.7, ""model__min_samples_leaf"": 3, ""model__n_estimators"": 600}"
568,3,valence,random_forest_optional,0.825,0.7623652616886926,0.0626347383113073,"{""model__max_depth"": 10, ""model__max_features"": 0.7, ""model__min_samples_leaf"": 3, ""model__n_estimators"": 600}"
579,3,valence,random_forest_optional,0.225,0.5159899146951707,0.2909899146951707,"{""model__max_depth"": 10, ""model__max_features"": 0.7, ""model__min_samples_leaf"": 3, ""model__n_estimators"": 600}"
583,3,valence,random_forest_optional,0.5,0.5312557992915832,0.0312557992915831,"{""model__max_depth"": 10, ""model__max_features"": 0.7, ""model__min_samples_leaf"": 3, ""model__n_estimators"": 600}"
585,3,valence,random_forest_optional,0.4625,0.476264646044662,0.013764646044662,"{""model__max_depth"": 10, ""model__max_features"": 0.7, ""model__min_samples_leaf"": 3, ""model__n_estimators"": 600}"
587,3,valence,random_forest_optional,0.6,0.599337606665237,0.0006623933347629,"{""model__max_depth"": 10, ""model__max_features"": 0.7, ""model__min_samples_leaf"": 3, ""model__n_estimators"": 600}"
590,3,valence,random_forest_optional,0.3625,0.4344009294112659,0.0719009294112659,"{""model__max_depth"": 10, ""model__max_features"": 0.7, ""model__min_samples_leaf"": 3, ""model__n_estimators"": 600}"
597,3,valence,random_forest_optional,0.7,0.708843395649658,0.008843395649658,"{""model__max_depth"": 10, ""model__max_features"": 0.7, ""model__min_samples_leaf"": 3, ""model__n_estimators"": 600}"
605,3,valence,random_forest_optional,0.875,0.7380176559387954,0.1369823440612045,"{""model__max_depth"": 10, ""model__max_features"": 0.7, ""model__min_samples_leaf"": 3, ""model__n_estimators"": 600}"
609,3,valence,random_forest_optional,0.5125,0.5457287707351575,0.0332287707351575,"{""model__max_depth"": 10, ""model__max_features"": 0.7, ""model__min_samples_leaf"": 3, ""model__n_estimators"": 600}"
612,3,valence,random_forest_optional,0.375,0.4595049035270246,0.0845049035270246,"{""model__max_depth"": 10, ""model__max_features"": 0.7, ""model__min_samples_leaf"": 3, ""model__n_estimators"": 600}"
624,3,valence,random_forest_optional,0.55,0.6833594220051915,0.1333594220051914,"{""model__max_depth"": 10, ""model__max_features"": 0.7, ""model__min_samples_leaf"": 3, ""model__n_estimators"": 600}"
626,3,valence,random_forest_optional,0.775,0.734840607711771,0.040159392288229,"{""model__max_depth"": 10, ""model__max_features"": 0.7, ""model__min_samples_leaf"": 3, ""model__n_estimators"": 600}"
627,3,valence,random_forest_optional,0.675,0.7010076993267056,0.0260076993267055,"{""model__max_depth"": 10, ""model__max_features"": 0.7, ""model__min_samples_leaf"": 3, ""model__n_estimators"": 600}"
631,3,valence,random_forest_optional,0.5625,0.5882621381620965,0.0257621381620964,"{""model__max_depth"": 10, ""model__max_features"": 0.7, ""model__min_samples_leaf"": 3, ""model__n_estimators"": 600}"
636,3,valence,random_forest_optional,0.75,0.6838789860760913,0.0661210139239086,"{""model__max_depth"": 10, ""model__max_features"": 0.7, ""model__min_samples_leaf"": 3, ""model__n_estimators"": 600}"
653,3,valence,random_forest_optional,0.6625,0.6751750221480105,0.0126750221480105,"{""model__max_depth"": 10, ""model__max_features"": 0.7, ""model__min_samples_leaf"": 3, ""model__n_estimators"": 600}"
654,3,valence,random_forest_optional,0.875,0.7493779339938322,0.1256220660061677,"{""model__max_depth"": 10, ""model__max_features"": 0.7, ""model__min_samples_leaf"": 3, ""model__n_estimators"": 600}"
660,3,valence,random_forest_optional,0.825,0.5991297497236865,0.2258702502763134,"{""model__max_depth"": 10, ""model__max_features"": 0.7, ""model__min_samples_leaf"": 3, ""model__n_estimators"": 600}"
668,3,valence,random_forest_optional,0.65,0.6564829896481796,0.0064829896481796,"{""model__max_depth"": 10, ""model__max_features"": 0.7, ""model__min_samples_leaf"": 3, ""model__n_estimators"": 600}"
670,3,valence,random_forest_optional,0.425,0.543779695581889,0.118779695581889,"{""model__max_depth"": 10, ""model__max_features"": 0.7, ""model__min_samples_leaf"": 3, ""model__n_estimators"": 600}"
672,3,valence,random_forest_optional,0.4625,0.5041756207021525,0.0416756207021524,"{""model__max_depth"": 10, ""model__max_features"": 0.7, ""model__min_samples_leaf"": 3, ""model__n_estimators"": 600}"
677,3,valence,random_forest_optional,0.3625,0.5164721579363261,0.153972157936326,"{""model__max_depth"": 10, ""model__max_features"": 0.7, ""model__min_samples_leaf"": 3, ""model__n_estimators"": 600}"
679,3,valence,random_forest_optional,0.6,0.6456080484045496,0.0456080484045495,"{""model__max_depth"": 10, ""model__max_features"": 0.7, ""model__min_samples_leaf"": 3, ""model__n_estimators"": 600}"
688,3,valence,random_forest_optional,0.4625,0.4877916806475344,0.0252916806475343,"{""model__max_depth"": 10, ""model__max_features"": 0.7, ""model__min_samples_leaf"": 3, ""model__n_estimators"": 600}"
689,3,valence,random_forest_optional,0.35,0.6430033889955722,0.2930033889955722,"{""model__max_depth"": 10, ""model__max_features"": 0.7, ""model__min_samples_leaf"": 3, ""model__n_estimators"": 600}"
700,3,valence,random_forest_optional,0.475,0.543946909719404,0.0689469097194039,"{""model__max_depth"": 10, ""model__max_features"": 0.7, ""model__min_samples_leaf"": 3, ""model__n_estimators"": 600}"
704,3,valence,random_forest_optional,0.7,0.5807326562898049,0.1192673437101951,"{""model__max_depth"": 10, ""model__max_features"": 0.7, ""model__min_samples_leaf"": 3, ""model__n_estimators"": 600}"
706,3,valence,random_forest_optional,0.6125,0.6153831435842277,0.0028831435842276,"{""model__max_depth"": 10, ""model__max_features"": 0.7, ""model__min_samples_leaf"": 3, ""model__n_estimators"": 600}"
713,3,valence,random_forest_optional,0.7375,0.7441873274223799,0.0066873274223798,"{""model__max_depth"": 10, ""model__max_features"": 0.7, ""model__min_samples_leaf"": 3, ""model__n_estimators"": 600}"
715,3,valence,random_forest_optional,0.525,0.643842428619362,0.118842428619362,"{""model__max_depth"": 10, ""model__max_features"": 0.7, ""model__min_samples_leaf"": 3, ""model__n_estimators"": 600}"
727,3,valence,random_forest_optional,0.475,0.4107623585824021,0.0642376414175978,"{""model__max_depth"": 10, ""model__max_features"": 0.7, ""model__min_samples_leaf"": 3, ""model__n_estimators"": 600}"
732,3,valence,random_forest_optional,0.6125,0.5552693474902916,0.0572306525097084,"{""model__max_depth"": 10, ""model__max_features"": 0.7, ""model__min_samples_leaf"": 3, ""model__n_estimators"": 600}"
733,3,valence,random_forest_optional,0.6,0.5356708644860135,0.0643291355139864,"{""model__max_depth"": 10, ""model__max_features"": 0.7, ""model__min_samples_leaf"": 3, ""model__n_estimators"": 600}"
736,3,valence,random_forest_optional,0.4125,0.5388678332142245,0.1263678332142245,"{""model__max_depth"": 10, ""model__max_features"": 0.7, ""model__min_samples_leaf"": 3, ""model__n_estimators"": 600}"
741,3,valence,random_forest_optional,0.425,0.4802026877726663,0.0552026877726662,"{""model__max_depth"": 10, ""model__max_features"": 0.7, ""model__min_samples_leaf"": 3, ""model__n_estimators"": 600}"
745,3,valence,random_forest_optional,0.6125,0.5775829487809708,0.0349170512190292,"{""model__max_depth"": 10, ""model__max_features"": 0.7, ""model__min_samples_leaf"": 3, ""model__n_estimators"": 600}"
747,3,valence,random_forest_optional,0.775,0.6767997129163971,0.0982002870836029,"{""model__max_depth"": 10, ""model__max_features"": 0.7, ""model__min_samples_leaf"": 3, ""model__n_estimators"": 600}"
752,3,valence,random_forest_optional,0.7875,0.6026684938966103,0.1848315061033897,"{""model__max_depth"": 10, ""model__max_features"": 0.7, ""model__min_samples_leaf"": 3, ""model__n_estimators"": 600}"
753,3,valence,random_forest_optional,0.625,0.6898711053816842,0.0648711053816841,"{""model__max_depth"": 10, ""model__max_features"": 0.7, ""model__min_samples_leaf"": 3, ""model__n_estimators"": 600}"
754,3,valence,random_forest_optional,0.8,0.6976946881788758,0.1023053118211242,"{""model__max_depth"": 10, ""model__max_features"": 0.7, ""model__min_samples_leaf"": 3, ""model__n_estimators"": 600}"
770,3,valence,random_forest_optional,0.6125,0.6644155134872729,0.0519155134872728,"{""model__max_depth"": 10, ""model__max_features"": 0.7, ""model__min_samples_leaf"": 3, ""model__n_estimators"": 600}"
779,3,valence,random_forest_optional,0.4125,0.6408416538471454,0.2283416538471454,"{""model__max_depth"": 10, ""model__max_features"": 0.7, ""model__min_samples_leaf"": 3, ""model__n_estimators"": 600}"
783,3,valence,random_forest_optional,0.45,0.5149959341242752,0.0649959341242752,"{""model__max_depth"": 10, ""model__max_features"": 0.7, ""model__min_samples_leaf"": 3, ""model__n_estimators"": 600}"
790,3,valence,random_forest_optional,0.725,0.7249896907089035,1.0309291096466389e-05,"{""model__max_depth"": 10, ""model__max_features"": 0.7, ""model__min_samples_leaf"": 3, ""model__n_estimators"": 600}"
792,3,valence,random_forest_optional,0.625,0.7151702740244109,0.0901702740244109,"{""model__max_depth"": 10, ""model__max_features"": 0.7, ""model__min_samples_leaf"": 3, ""model__n_estimators"": 600}"
793,3,valence,random_forest_optional,0.6375,0.6500337052368739,0.0125337052368739,"{""model__max_depth"": 10, ""model__max_features"": 0.7, ""model__min_samples_leaf"": 3, ""model__n_estimators"": 600}"
803,3,valence,random_forest_optional,0.75,0.6825714622775172,0.0674285377224828,"{""model__max_depth"": 10, ""model__max_features"": 0.7, ""model__min_samples_leaf"": 3, ""model__n_estimators"": 600}"
807,3,valence,random_forest_optional,0.3625,0.4227884202817573,0.0602884202817572,"{""model__max_depth"": 10, ""model__max_features"": 0.7, ""model__min_samples_leaf"": 3, ""model__n_estimators"": 600}"
808,3,valence,random_forest_optional,0.25,0.4538578228272345,0.2038578228272345,"{""model__max_depth"": 10, ""model__max_features"": 0.7, ""model__min_samples_leaf"": 3, ""model__n_estimators"": 600}"
816,3,valence,random_forest_optional,0.425,0.4173990434386825,0.0076009565613174,"{""model__max_depth"": 10, ""model__max_features"": 0.7, ""model__min_samples_leaf"": 3, ""model__n_estimators"": 600}"
829,3,valence,random_forest_optional,0.8125,0.7106663568111463,0.1018336431888536,"{""model__max_depth"": 10, ""model__max_features"": 0.7, ""model__min_samples_leaf"": 3, ""model__n_estimators"": 600}"
831,3,valence,random_forest_optional,0.9125,0.6677640751792221,0.2447359248207778,"{""model__max_depth"": 10, ""model__max_features"": 0.7, ""model__min_samples_leaf"": 3, ""model__n_estimators"": 600}"
839,3,valence,random_forest_optional,0.625,0.6983814889883458,0.0733814889883458,"{""model__max_depth"": 10, ""model__max_features"": 0.7, ""model__min_samples_leaf"": 3, ""model__n_estimators"": 600}"
850,3,valence,random_forest_optional,0.6125,0.7052691797665851,0.092769179766585,"{""model__max_depth"": 10, ""model__max_features"": 0.7, ""model__min_samples_leaf"": 3, ""model__n_estimators"": 600}"
851,3,valence,random_forest_optional,0.4125,0.6080348688277363,0.1955348688277363,"{""model__max_depth"": 10, ""model__max_features"": 0.7, ""model__min_samples_leaf"": 3, ""model__n_estimators"": 600}"
857,3,valence,random_forest_optional,0.2125,0.5739254531992737,0.3614254531992736,"{""model__max_depth"": 10, ""model__max_features"": 0.7, ""model__min_samples_leaf"": 3, ""model__n_estimators"": 600}"
863,3,valence,random_forest_optional,0.625,0.6637908863518973,0.0387908863518973,"{""model__max_depth"": 10, ""model__max_features"": 0.7, ""model__min_samples_leaf"": 3, ""model__n_estimators"": 600}"
864,3,valence,random_forest_optional,0.409090909091,0.4549714585281337,0.0458805494371337,"{""model__max_depth"": 10, ""model__max_features"": 0.7, ""model__min_samples_leaf"": 3, ""model__n_estimators"": 600}"
871,3,valence,random_forest_optional,0.65,0.7082198930870505,0.0582198930870504,"{""model__max_depth"": 10, ""model__max_features"": 0.7, ""model__min_samples_leaf"": 3, ""model__n_estimators"": 600}"
886,3,valence,random_forest_optional,0.725,0.6704389739854895,0.0545610260145105,"{""model__max_depth"": 10, ""model__max_features"": 0.7, ""model__min_samples_leaf"": 3, ""model__n_estimators"": 600}"
888,3,valence,random_forest_optional,0.675,0.6031541073617439,0.0718458926382561,"{""model__max_depth"": 10, ""model__max_features"": 0.7, ""model__min_samples_leaf"": 3, ""model__n_estimators"": 600}"
897,3,valence,random_forest_optional,0.5625,0.5418570561749411,0.0206429438250589,"{""model__max_depth"": 10, ""model__max_features"": 0.7, ""model__min_samples_leaf"": 3, ""model__n_estimators"": 600}"
904,3,valence,random_forest_optional,0.5625,0.612961866767062,0.0504618667670619,"{""model__max_depth"": 10, ""model__max_features"": 0.7, ""model__min_samples_leaf"": 3, ""model__n_estimators"": 600}"
905,3,valence,random_forest_optional,0.575,0.5756332302084486,0.0006332302084486,"{""model__max_depth"": 10, ""model__max_features"": 0.7, ""model__min_samples_leaf"": 3, ""model__n_estimators"": 600}"
911,3,valence,random_forest_optional,0.3875,0.4714378902592023,0.0839378902592022,"{""model__max_depth"": 10, ""model__max_features"": 0.7, ""model__min_samples_leaf"": 3, ""model__n_estimators"": 600}"
919,3,valence,random_forest_optional,0.7375,0.680866132270117,0.0566338677298829,"{""model__max_depth"": 10, ""model__max_features"": 0.7, ""model__min_samples_leaf"": 3, ""model__n_estimators"": 600}"
926,3,valence,random_forest_optional,0.4875,0.5106587294488797,0.0231587294488797,"{""model__max_depth"": 10, ""model__max_features"": 0.7, ""model__min_samples_leaf"": 3, ""model__n_estimators"": 600}"
937,3,valence,random_forest_optional,0.5875,0.703878592858036,0.1163785928580359,"{""model__max_depth"": 10, ""model__max_features"": 0.7, ""model__min_samples_leaf"": 3, ""model__n_estimators"": 600}"
941,3,valence,random_forest_optional,0.3,0.4537498943154995,0.1537498943154995,"{""model__max_depth"": 10, ""model__max_features"": 0.7, ""model__min_samples_leaf"": 3, ""model__n_estimators"": 600}"
943,3,valence,random_forest_optional,0.4875,0.5096885452252289,0.0221885452252288,"{""model__max_depth"": 10, ""model__max_features"": 0.7, ""model__min_samples_leaf"": 3, ""model__n_estimators"": 600}"
945,3,valence,random_forest_optional,0.575,0.5695657609323661,0.0054342390676338,"{""model__max_depth"": 10, ""model__max_features"": 0.7, ""model__min_samples_leaf"": 3, ""model__n_estimators"": 600}"
953,3,valence,random_forest_optional,0.55,0.4135823683998332,0.1364176316001668,"{""model__max_depth"": 10, ""model__max_features"": 0.7, ""model__min_samples_leaf"": 3, ""model__n_estimators"": 600}"
964,3,valence,random_forest_optional,0.6,0.4705198553809293,0.1294801446190707,"{""model__max_depth"": 10, ""model__max_features"": 0.7, ""model__min_samples_leaf"": 3, ""model__n_estimators"": 600}"
968,3,valence,random_forest_optional,0.4,0.5567984333230735,0.1567984333230735,"{""model__max_depth"": 10, ""model__max_features"": 0.7, ""model__min_samples_leaf"": 3, ""model__n_estimators"": 600}"
971,3,valence,random_forest_optional,0.55,0.5565339963867831,0.006533996386783,"{""model__max_depth"": 10, ""model__max_features"": 0.7, ""model__min_samples_leaf"": 3, ""model__n_estimators"": 600}"
974,3,valence,random_forest_optional,0.5875,0.5700636164922299,0.0174363835077701,"{""model__max_depth"": 10, ""model__max_features"": 0.7, ""model__min_samples_leaf"": 3, ""model__n_estimators"": 600}"
983,3,valence,random_forest_optional,0.5,0.6685649384112661,0.168564938411266,"{""model__max_depth"": 10, ""model__max_features"": 0.7, ""model__min_samples_leaf"": 3, ""model__n_estimators"": 600}"
21,4,valence,random_forest_optional,0.775,0.7243490232200454,0.0506509767799546,"{""model__max_depth"": null, ""model__max_features"": 0.7, ""model__min_samples_leaf"": 3, ""model__n_estimators"": 300}"
25,4,valence,random_forest_optional,0.784090909091,0.6684607868352237,0.1156301222557762,"{""model__max_depth"": null, ""model__max_features"": 0.7, ""model__min_samples_leaf"": 3, ""model__n_estimators"": 300}"
26,4,valence,random_forest_optional,0.7625,0.692166944745069,0.0703330552549309,"{""model__max_depth"": null, ""model__max_features"": 0.7, ""model__min_samples_leaf"": 3, ""model__n_estimators"": 300}"
29,4,valence,random_forest_optional,0.675,0.636878954378956,0.038121045621044,"{""model__max_depth"": null, ""model__max_features"": 0.7, ""model__min_samples_leaf"": 3, ""model__n_estimators"": 300}"
32,4,valence,random_forest_optional,0.3875,0.5345633345820835,0.1470633345820834,"{""model__max_depth"": null, ""model__max_features"": 0.7, ""model__min_samples_leaf"": 3, ""model__n_estimators"": 300}"
34,4,valence,random_forest_optional,0.8375,0.6238498301467061,0.2136501698532938,"{""model__max_depth"": null, ""model__max_features"": 0.7, ""model__min_samples_leaf"": 3, ""model__n_estimators"": 300}"
35,4,valence,random_forest_optional,0.625,0.5092828950405688,0.1157171049594312,"{""model__max_depth"": null, ""model__max_features"": 0.7, ""model__min_samples_leaf"": 3, ""model__n_estimators"": 300}"
40,4,valence,random_forest_optional,0.6625,0.6403030651219602,0.0221969348780397,"{""model__max_depth"": null, ""model__max_features"": 0.7, ""model__min_samples_leaf"": 3, ""model__n_estimators"": 300}"
42,4,valence,random_forest_optional,0.6,0.6687384052290346,0.0687384052290346,"{""model__max_depth"": null, ""model__max_features"": 0.7, ""model__min_samples_leaf"": 3, ""model__n_estimators"": 300}"
48,4,valence,random_forest_optional,0.8375,0.6834381353389868,0.1540618646610132,"{""model__max_depth"": null, ""model__max_features"": 0.7, ""model__min_samples_leaf"": 3, ""model__n_estimators"": 300}"
54,4,valence,random_forest_optional,0.775,0.7326345039640424,0.0423654960359576,"{""model__max_depth"": null, ""model__max_features"": 0.7, ""model__min_samples_leaf"": 3, ""model__n_estimators"": 300}"
58,4,valence,random_forest_optional,0.25,0.4748748443685938,0.2248748443685938,"{""model__max_depth"": null, ""model__max_features"": 0.7, ""model__min_samples_leaf"": 3, ""model__n_estimators"": 300}"
59,4,valence,random_forest_optional,0.6,0.4683943885186811,0.1316056114813188,"{""model__max_depth"": null, ""model__max_features"": 0.7, ""model__min_samples_leaf"": 3, ""model__n_estimators"": 300}"
60,4,valence,random_forest_optional,0.409090909091,0.528074302722742,0.118983393631742,"{""model__max_depth"": null, ""model__max_features"": 0.7, ""model__min_samples_leaf"": 3, ""model__n_estimators"": 300}"
71,4,valence,random_forest_optional,0.5875,0.6858573212666953,0.0983573212666952,"{""model__max_depth"": null, ""model__max_features"": 0.7, ""model__min_samples_leaf"": 3, ""model__n_estimators"": 300}"
80,4,valence,random_forest_optional,0.7625,0.6908694742547045,0.0716305257452954,"{""model__max_depth"": null, ""model__max_features"": 0.7, ""model__min_samples_leaf"": 3, ""model__n_estimators"": 300}"
81,4,valence,random_forest_optional,0.7,0.6936821496212131,0.0063178503787868,"{""model__max_depth"": null, ""model__max_features"": 0.7, ""model__min_samples_leaf"": 3, ""model__n_estimators"": 300}"
84,4,valence,random_forest_optional,0.8,0.6559748679456057,0.1440251320543943,"{""model__max_depth"": null, ""model__max_features"": 0.7, ""model__min_samples_leaf"": 3, ""model__n_estimators"": 300}"
86,4,valence,random_forest_optional,0.725,0.6281010509166767,0.0968989490833233,"{""model__max_depth"": null, ""model__max_features"": 0.7, ""model__min_samples_leaf"": 3, ""model__n_estimators"": 300}"
89,4,valence,random_forest_optional,0.75,0.670464013185889,0.079535986814111,"{""model__max_depth"": null, ""model__max_features"": 0.7, ""model__min_samples_leaf"": 3, ""model__n_estimators"": 300}"
91,4,valence,random_forest_optional,0.7375,0.7757988986917986,0.0382988986917985,"{""model__max_depth"": null, ""model__max_features"": 0.7, ""model__min_samples_leaf"": 3, ""model__n_estimators"": 300}"
93,4,valence,random_forest_optional,0.65,0.5816689589345828,0.0683310410654172,"{""model__max_depth"": null, ""model__max_features"": 0.7, ""model__min_samples_leaf"": 3, ""model__n_estimators"": 300}"
96,4,valence,random_forest_optional,0.825,0.7253331165362437,0.0996668834637563,"{""model__max_depth"": null, ""model__max_features"": 0.7, ""model__min_samples_leaf"": 3, ""model__n_estimators"": 300}"
103,4,valence,random_forest_optional,0.775,0.522669956737288,0.252330043262712,"{""model__max_depth"": null, ""model__max_features"": 0.7, ""model__min_samples_leaf"": 3, ""model__n_estimators"": 300}"
107,4,valence,random_forest_optional,0.6125,0.6295614368270617,0.0170614368270616,"{""model__max_depth"": null, ""model__max_features"": 0.7, ""model__min_samples_leaf"": 3, ""model__n_estimators"": 300}"
116,4,valence,random_forest_optional,0.7625,0.7246832443230151,0.0378167556769848,"{""model__max_depth"": null, ""model__max_features"": 0.7, ""model__min_samples_leaf"": 3, ""model__n_estimators"": 300}"
119,4,valence,random_forest_optional,0.6625,0.5374842066498314,0.1250157933501685,"{""model__max_depth"": null, ""model__max_features"": 0.7, ""model__min_samples_leaf"": 3, ""model__n_estimators"": 300}"
120,4,valence,random_forest_optional,0.7625,0.6335766022996597,0.1289233977003402,"{""model__max_depth"": null, ""model__max_features"": 0.7, ""model__min_samples_leaf"": 3, ""model__n_estimators"": 300}"
140,4,valence,random_forest_optional,0.65,0.6165367923742936,0.0334632076257064,"{""model__max_depth"": null, ""model__max_features"": 0.7, ""model__min_samples_leaf"": 3, ""model__n_estimators"": 300}"
144,4,valence,random_forest_optional,0.825,0.7387752037314548,0.0862247962685451,"{""model__max_depth"": null, ""model__max_features"": 0.7, ""model__min_samples_leaf"": 3, ""model__n_estimators"": 300}"
145,4,valence,random_forest_optional,0.75,0.7224794193285632,0.0275205806714368,"{""model__max_depth"": null, ""model__max_features"": 0.7, ""model__min_samples_leaf"": 3, ""model__n_estimators"": 300}"
159,4,valence,random_forest_optional,0.675,0.7334003367003377,0.0584003367003376,"{""model__max_depth"": null, ""model__max_features"": 0.7, ""model__min_samples_leaf"": 3, ""model__n_estimators"": 300}"
167,4,valence,random_forest_optional,0.775,0.732257241832239,0.042742758167761,"{""model__max_depth"": null, ""model__max_features"": 0.7, ""model__min_samples_leaf"": 3, ""model__n_estimators"": 300}"
171,4,valence,random_forest_optional,0.8125,0.7466254524410745,0.0658745475589255,"{""model__max_depth"": null, ""model__max_features"": 0.7, ""model__min_samples_leaf"": 3, ""model__n_estimators"": 300}"
188,4,valence,random_forest_optional,0.4,0.5085844325129825,0.1085844325129824,"{""model__max_depth"": null, ""model__max_features"": 0.7, ""model__min_samples_leaf"": 3, ""model__n_estimators"": 300}"
201,4,valence,random_forest_optional,0.6875,0.6600249473905702,0.0274750526094298,"{""model__max_depth"": null, ""model__max_features"": 0.7, ""model__min_samples_leaf"": 3, ""model__n_estimators"": 300}"
215,4,valence,random_forest_optional,0.5125,0.6737052316896057,0.1612052316896057,"{""model__max_depth"": null, ""model__max_features"": 0.7, ""model__min_samples_leaf"": 3, ""model__n_estimators"": 300}"
229,4,valence,random_forest_optional,0.4,0.4422266019018909,0.0422266019018908,"{""model__max_depth"": null, ""model__max_features"": 0.7, ""model__min_samples_leaf"": 3, ""model__n_estimators"": 300}"
235,4,valence,random_forest_optional,0.7,0.5596693587662325,0.1403306412337674,"{""model__max_depth"": null, ""model__max_features"": 0.7, ""model__min_samples_leaf"": 3, ""model__n_estimators"": 300}"
258,4,valence,random_forest_optional,0.475,0.4589371079257475,0.0160628920742524,"{""model__max_depth"": null, ""model__max_features"": 0.7, ""model__min_samples_leaf"": 3, ""model__n_estimators"": 300}"
260,4,valence,random_forest_optional,0.3,0.4656711454370556,0.1656711454370556,"{""model__max_depth"": null, ""model__max_features"": 0.7, ""model__min_samples_leaf"": 3, ""model__n_estimators"": 300}"
276,4,valence,random_forest_optional,0.5125,0.4397564191595473,0.0727435808404526,"{""model__max_depth"": null, ""model__max_features"": 0.7, ""model__min_samples_leaf"": 3, ""model__n_estimators"": 300}"
284,4,valence,random_forest_optional,0.4875,0.5849942150967742,0.0974942150967742,"{""model__max_depth"": null, ""model__max_features"": 0.7, ""model__min_samples_leaf"": 3, ""model__n_estimators"": 300}"
285,4,valence,random_forest_optional,0.525,0.4385671190131469,0.0864328809868531,"{""model__max_depth"": null, ""model__max_features"": 0.7, ""model__min_samples_leaf"": 3, ""model__n_estimators"": 300}"
300,4,valence,random_forest_optional,0.7625,0.6338326965017326,0.1286673034982673,"{""model__max_depth"": null, ""model__max_features"": 0.7, ""model__min_samples_leaf"": 3, ""model__n_estimators"": 300}"
303,4,valence,random_forest_optional,0.6125,0.6266108082311229,0.0141108082311228,"{""model__max_depth"": null, ""model__max_features"": 0.7, ""model__min_samples_leaf"": 3, ""model__n_estimators"": 300}"
316,4,valence,random_forest_optional,0.8625,0.7636768369572255,0.0988231630427745,"{""model__max_depth"": null, ""model__max_features"": 0.7, ""model__min_samples_leaf"": 3, ""model__n_estimators"": 300}"
321,4,valence,random_forest_optional,0.4875,0.5341105843756395,0.0466105843756395,"{""model__max_depth"": null, ""model__max_features"": 0.7, ""model__min_samples_leaf"": 3, ""model__n_estimators"": 300}"
326,4,valence,random_forest_optional,0.7,0.6549515588000004,0.0450484411999995,"{""model__max_depth"": null, ""model__max_features"": 0.7, ""model__min_samples_leaf"": 3, ""model__n_estimators"": 300}"
331,4,valence,random_forest_optional,0.8,0.7291900998307252,0.0708099001692748,"{""model__max_depth"": null, ""model__max_features"": 0.7, ""model__min_samples_leaf"": 3, ""model__n_estimators"": 300}"
337,4,valence,random_forest_optional,0.8125,0.7110771096958585,0.1014228903041415,"{""model__max_depth"": null, ""model__max_features"": 0.7, ""model__min_samples_leaf"": 3, ""model__n_estimators"": 300}"
339,4,valence,random_forest_optional,0.7875,0.6580509657587829,0.1294490342412171,"{""model__max_depth"": null, ""model__max_features"": 0.7, ""model__min_samples_leaf"": 3, ""model__n_estimators"": 300}"
348,4,valence,random_forest_optional,0.3,0.4583976640047713,0.1583976640047713,"{""model__max_depth"": null, ""model__max_features"": 0.7, ""model__min_samples_leaf"": 3, ""model__n_estimators"": 300}"
350,4,valence,random_forest_optional,0.375,0.4694296482452771,0.0944296482452771,"{""model__max_depth"": null, ""model__max_features"": 0.7, ""model__min_samples_leaf"": 3, ""model__n_estimators"": 300}"
354,4,valence,random_forest_optional,0.5125,0.4137149153666195,0.0987850846333804,"{""model__max_depth"": null, ""model__max_features"": 0.7, ""model__min_samples_leaf"": 3, ""model__n_estimators"": 300}"
355,4,valence,random_forest_optional,0.325,0.5107805699351151,0.1857805699351151,"{""model__max_depth"": null, ""model__max_features"": 0.7, ""model__min_samples_leaf"": 3, ""model__n_estimators"": 300}"
358,4,valence,random_forest_optional,0.6875,0.4746811875939766,0.2128188124060234,"{""model__max_depth"": null, ""model__max_features"": 0.7, ""model__min_samples_leaf"": 3, ""model__n_estimators"": 300}"
383,4,valence,random_forest_optional,0.4125,0.6378280327101373,0.2253280327101373,"{""model__max_depth"": null, ""model__max_features"": 0.7, ""model__min_samples_leaf"": 3, ""model__n_estimators"": 300}"
388,4,valence,random_forest_optional,0.7125,0.6628328205569667,0.0496671794430333,"{""model__max_depth"": null, ""model__max_features"": 0.7, ""model__min_samples_leaf"": 3, ""model__n_estimators"": 300}"
389,4,valence,random_forest_optional,0.3625,0.4068385972823503,0.0443385972823503,"{""model__max_depth"": null, ""model__max_features"": 0.7, ""model__min_samples_leaf"": 3, ""model__n_estimators"": 300}"
393,4,valence,random_forest_optional,0.4625,0.6168927098364602,0.1543927098364601,"{""model__max_depth"": null, ""model__max_features"": 0.7, ""model__min_samples_leaf"": 3, ""model__n_estimators"": 300}"
395,4,valence,random_forest_optional,0.675,0.6378169248575534,0.0371830751424466,"{""model__max_depth"": null, ""model__max_features"": 0.7, ""model__min_samples_leaf"": 3, ""model__n_estimators"": 300}"
396,4,valence,random_forest_optional,0.7125,0.6735251743784447,0.0389748256215553,"{""model__max_depth"": null, ""model__max_features"": 0.7, ""model__min_samples_leaf"": 3, ""model__n_estimators"": 300}"
409,4,valence,random_forest_optional,0.6625,0.6723897414454234,0.0098897414454234,"{""model__max_depth"": null, ""model__max_features"": 0.7, ""model__min_samples_leaf"": 3, ""model__n_estimators"": 300}"
413,4,valence,random_forest_optional,0.675,0.6895623444211523,0.0145623444211522,"{""model__max_depth"": null, ""model__max_features"": 0.7, ""model__min_samples_leaf"": 3, ""model__n_estimators"": 300}"
419,4,valence,random_forest_optional,0.225,0.5089994934463693,0.2839994934463693,"{""model__max_depth"": null, ""model__max_features"": 0.7, ""model__min_samples_leaf"": 3, ""model__n_estimators"": 300}"
423,4,valence,random_forest_optional,0.65,0.7107633409099289,0.0607633409099288,"{""model__max_depth"": null, ""model__max_features"": 0.7, ""model__min_samples_leaf"": 3, ""model__n_estimators"": 300}"
428,4,valence,random_forest_optional,0.5625,0.4885059732880784,0.0739940267119215,"{""model__max_depth"": null, ""model__max_features"": 0.7, ""model__min_samples_leaf"": 3, ""model__n_estimators"": 300}"
433,4,valence,random_forest_optional,0.5,0.4845961496731411,0.0154038503268589,"{""model__max_depth"": null, ""model__max_features"": 0.7, ""model__min_samples_leaf"": 3, ""model__n_estimators"": 300}"
438,4,valence,random_forest_optional,0.325,0.4383948713323711,0.113394871332371,"{""model__max_depth"": null, ""model__max_features"": 0.7, ""model__min_samples_leaf"": 3, ""model__n_estimators"": 300}"
439,4,valence,random_forest_optional,0.2625,0.4637917809726082,0.2012917809726082,"{""model__max_depth"": null, ""model__max_features"": 0.7, ""model__min_samples_leaf"": 3, ""model__n_estimators"": 300}"
444,4,valence,random_forest_optional,0.7625,0.7245185040653759,0.037981495934624,"{""model__max_depth"": null, ""model__max_features"": 0.7, ""model__min_samples_leaf"": 3, ""model__n_estimators"": 300}"
457,4,valence,random_forest_optional,0.7875,0.5639498365271131,0.2235501634728869,"{""model__max_depth"": null, ""model__max_features"": 0.7, ""model__min_samples_leaf"": 3, ""model__n_estimators"": 300}"
458,4,valence,random_forest_optional,0.7375,0.675880032866964,0.061619967133036,"{""model__max_depth"": null, ""model__max_features"": 0.7, ""model__min_samples_leaf"": 3, ""model__n_estimators"": 300}"
460,4,valence,random_forest_optional,0.7,0.7170167051698317,0.0170167051698317,"{""model__max_depth"": null, ""model__max_features"": 0.7, ""model__min_samples_leaf"": 3, ""model__n_estimators"": 300}"
468,4,valence,random_forest_optional,0.7875,0.6546783596243806,0.1328216403756194,"{""model__max_depth"": null, ""model__max_features"": 0.7, ""model__min_samples_leaf"": 3, ""model__n_estimators"": 300}"
470,4,valence,random_forest_optional,0.85,0.6832594720094697,0.1667405279905303,"{""model__max_depth"": null, ""model__max_features"": 0.7, ""model__min_samples_leaf"": 3, ""model__n_estimators"": 300}"
476,4,valence,random_forest_optional,0.8625,0.663860099275725,0.198639900724275,"{""model__max_depth"": null, ""model__max_features"": 0.7, ""model__min_samples_leaf"": 3, ""model__n_estimators"": 300}"
477,4,valence,random_forest_optional,0.7125,0.6701834325396816,0.0423165674603184,"{""model__max_depth"": null, ""model__max_features"": 0.7, ""model__min_samples_leaf"": 3, ""model__n_estimators"": 300}"
481,4,valence,random_forest_optional,0.6125,0.6557715644887534,0.0432715644887533,"{""model__max_depth"": null, ""model__max_features"": 0.7, ""model__min_samples_leaf"": 3, ""model__n_estimators"": 300}"
490,4,valence,random_forest_optional,0.6875,0.7048492002420979,0.0173492002420978,"{""model__max_depth"": null, ""model__max_features"": 0.7, ""model__min_samples_leaf"": 3, ""model__n_estimators"": 300}"
505,4,valence,random_forest_optional,0.6125,0.6702173268440348,0.0577173268440347,"{""model__max_depth"": null, ""model__max_features"": 0.7, ""model__min_samples_leaf"": 3, ""model__n_estimators"": 300}"
506,4,valence,random_forest_optional,0.375,0.5586415799478283,0.1836415799478282,"{""model__max_depth"": null, ""model__max_features"": 0.7, ""model__min_samples_leaf"": 3, ""model__n_estimators"": 300}"
508,4,valence,random_forest_optional,0.5375,0.5216971127672884,0.0158028872327116,"{""model__max_depth"": null, ""model__max_features"": 0.7, ""model__min_samples_leaf"": 3, ""model__n_estimators"": 300}"
514,4,valence,random_forest_optional,0.75,0.6452073968855233,0.1047926031144766,"{""model__max_depth"": null, ""model__max_features"": 0.7, ""model__min_samples_leaf"": 3, ""model__n_estimators"": 300}"
518,4,valence,random_forest_optional,0.5125,0.46581075500678,0.0466892449932199,"{""model__max_depth"": null, ""model__max_features"": 0.7, ""model__min_samples_leaf"": 3, ""model__n_estimators"": 300}"
524,4,valence,random_forest_optional,0.275,0.4674123386609206,0.1924123386609206,"{""model__max_depth"": null, ""model__max_features"": 0.7, ""model__min_samples_leaf"": 3, ""model__n_estimators"": 300}"
532,4,valence,random_forest_optional,0.3375,0.3769259194614348,0.0394259194614348,"{""model__max_depth"": null, ""model__max_features"": 0.7, ""model__min_samples_leaf"": 3, ""model__n_estimators"": 300}"
534,4,valence,random_forest_optional,0.2875,0.4785506298100072,0.1910506298100072,"{""model__max_depth"": null, ""model__max_features"": 0.7, ""model__min_samples_leaf"": 3, ""model__n_estimators"": 300}"
537,4,valence,random_forest_optional,0.7125,0.6827200907888414,0.0297799092111585,"{""model__max_depth"": null, ""model__max_features"": 0.7, ""model__min_samples_leaf"": 3, ""model__n_estimators"": 300}"
539,4,valence,random_forest_optional,0.65,0.5543963210400714,0.0956036789599286,"{""model__max_depth"": null, ""model__max_features"": 0.7, ""model__min_samples_leaf"": 3, ""model__n_estimators"": 300}"
540,4,valence,random_forest_optional,0.3875,0.5693441938322616,0.1818441938322616,"{""model__max_depth"": null, ""model__max_features"": 0.7, ""model__min_samples_leaf"": 3, ""model__n_estimators"": 300}"
541,4,valence,random_forest_optional,0.35,0.4393996404058926,0.0893996404058926,"{""model__max_depth"": null, ""model__max_features"": 0.7, ""model__min_samples_leaf"": 3, ""model__n_estimators"": 300}"
561,4,valence,random_forest_optional,0.8875,0.6632175003237447,0.2242824996762552,"{""model__max_depth"": null, ""model__max_features"": 0.7, ""model__min_samples_leaf"": 3, ""model__n_estimators"": 300}"
563,4,valence,random_forest_optional,0.6875,0.6351881727069213,0.0523118272930787,"{""model__max_depth"": null, ""model__max_features"": 0.7, ""model__min_samples_leaf"": 3, ""model__n_estimators"": 300}"
564,4,valence,random_forest_optional,0.475,0.6290353385760095,0.1540353385760094,"{""model__max_depth"": null, ""model__max_features"": 0.7, ""model__min_samples_leaf"": 3, ""model__n_estimators"": 300}"
567,4,valence,random_forest_optional,0.825,0.7187357067700799,0.10626429322992,"{""model__max_depth"": null, ""model__max_features"": 0.7, ""model__min_samples_leaf"": 3, ""model__n_estimators"": 300}"
573,4,valence,random_forest_optional,0.7625,0.7248666345228831,0.0376333654771168,"{""model__max_depth"": null, ""model__max_features"": 0.7, ""model__min_samples_leaf"": 3, ""model__n_estimators"": 300}"
575,4,valence,random_forest_optional,0.7875,0.6437679097522843,0.1437320902477157,"{""model__max_depth"": null, ""model__max_features"": 0.7, ""model__min_samples_leaf"": 3, ""model__n_estimators"": 300}"
584,4,valence,random_forest_optional,0.4625,0.5639825052262541,0.1014825052262541,"{""model__max_depth"": null, ""model__max_features"": 0.7, ""model__min_samples_leaf"": 3, ""model__n_estimators"": 300}"
594,4,valence,random_forest_optional,0.4375,0.4306630729750093,0.0068369270249906,"{""model__max_depth"": null, ""model__max_features"": 0.7, ""model__min_samples_leaf"": 3, ""model__n_estimators"": 300}"
595,4,valence,random_forest_optional,0.4,0.492005441181295,0.092005441181295,"{""model__max_depth"": null, ""model__max_features"": 0.7, ""model__min_samples_leaf"": 3, ""model__n_estimators"": 300}"
600,4,valence,random_forest_optional,0.65,0.5440906273860857,0.1059093726139143,"{""model__max_depth"": null, ""model__max_features"": 0.7, ""model__min_samples_leaf"": 3, ""model__n_estimators"": 300}"
602,4,valence,random_forest_optional,0.5375,0.6381748278342027,0.1006748278342026,"{""model__max_depth"": null, ""model__max_features"": 0.7, ""model__min_samples_leaf"": 3, ""model__n_estimators"": 300}"
603,4,valence,random_forest_optional,0.7125,0.7385831261331282,0.0260831261331281,"{""model__max_depth"": null, ""model__max_features"": 0.7, ""model__min_samples_leaf"": 3, ""model__n_estimators"": 300}"
607,4,valence,random_forest_optional,0.6375,0.7046116958273186,0.0671116958273186,"{""model__max_depth"": null, ""model__max_features"": 0.7, ""model__min_samples_leaf"": 3, ""model__n_estimators"": 300}"
611,4,valence,random_forest_optional,0.475,0.5584273608546344,0.0834273608546344,"{""model__max_depth"": null, ""model__max_features"": 0.7, ""model__min_samples_leaf"": 3, ""model__n_estimators"": 300}"
613,4,valence,random_forest_optional,0.6875,0.7273613156729583,0.0398613156729582,"{""model__max_depth"": null, ""model__max_features"": 0.7, ""model__min_samples_leaf"": 3, ""model__n_estimators"": 300}"
615,4,valence,random_forest_optional,0.675,0.6925101487422526,0.0175101487422525,"{""model__max_depth"": null, ""model__max_features"": 0.7, ""model__min_samples_leaf"": 3, ""model__n_estimators"": 300}"
616,4,valence,random_forest_optional,0.7875,0.6880660473785472,0.0994339526214528,"{""model__max_depth"": null, ""model__max_features"": 0.7, ""model__min_samples_leaf"": 3, ""model__n_estimators"": 300}"
639,4,valence,random_forest_optional,0.6875,0.6786727819844285,0.0088272180155715,"{""model__max_depth"": null, ""model__max_features"": 0.7, ""model__min_samples_leaf"": 3, ""model__n_estimators"": 300}"
644,4,valence,random_forest_optional,0.7625,0.5942576400451426,0.1682423599548573,"{""model__max_depth"": null, ""model__max_features"": 0.7, ""model__min_samples_leaf"": 3, ""model__n_estimators"": 300}"
650,4,valence,random_forest_optional,0.5375,0.5715842201779747,0.0340842201779747,"{""model__max_depth"": null, ""model__max_features"": 0.7, ""model__min_samples_leaf"": 3, ""model__n_estimators"": 300}"
657,4,valence,random_forest_optional,0.5125,0.5978048489494525,0.0853048489494525,"{""model__max_depth"": null, ""model__max_features"": 0.7, ""model__min_samples_leaf"": 3, ""model__n_estimators"": 300}"
659,4,valence,random_forest_optional,0.375,0.5925602163409003,0.2175602163409002,"{""model__max_depth"": null, ""model__max_features"": 0.7, ""model__min_samples_leaf"": 3, ""model__n_estimators"": 300}"
674,4,valence,random_forest_optional,0.25,0.4626013234030294,0.2126013234030294,"{""model__max_depth"": null, ""model__max_features"": 0.7, ""model__min_samples_leaf"": 3, ""model__n_estimators"": 300}"
683,4,valence,random_forest_optional,0.7375,0.4763128658378663,0.2611871341621337,"{""model__max_depth"": null, ""model__max_features"": 0.7, ""model__min_samples_leaf"": 3, ""model__n_estimators"": 300}"
693,4,valence,random_forest_optional,0.4,0.4726542748917764,0.0726542748917764,"{""model__max_depth"": null, ""model__max_features"": 0.7, ""model__min_samples_leaf"": 3, ""model__n_estimators"": 300}"
703,4,valence,random_forest_optional,0.545454545455,0.4834456466723523,0.0620088987826477,"{""model__max_depth"": null, ""model__max_features"": 0.7, ""model__min_samples_leaf"": 3, ""model__n_estimators"": 300}"
716,4,valence,random_forest_optional,0.525,0.5191351741167103,0.0058648258832897,"{""model__max_depth"": null, ""model__max_features"": 0.7, ""model__min_samples_leaf"": 3, ""model__n_estimators"": 300}"
726,4,valence,random_forest_optional,0.7125,0.7620937250249705,0.0495937250249705,"{""model__max_depth"": null, ""model__max_features"": 0.7, ""model__min_samples_leaf"": 3, ""model__n_estimators"": 300}"
734,4,valence,random_forest_optional,0.825,0.5867072358197376,0.2382927641802623,"{""model__max_depth"": null, ""model__max_features"": 0.7, ""model__min_samples_leaf"": 3, ""model__n_estimators"": 300}"
740,4,valence,random_forest_optional,0.75,0.7052493020868006,0.0447506979131994,"{""model__max_depth"": null, ""model__max_features"": 0.7, ""model__min_samples_leaf"": 3, ""model__n_estimators"": 300}"
744,4,valence,random_forest_optional,0.725,0.708059662212787,0.0169403377872129,"{""model__max_depth"": null, ""model__max_features"": 0.7, ""model__min_samples_leaf"": 3, ""model__n_estimators"": 300}"
760,4,valence,random_forest_optional,0.7375,0.7535954819696304,0.0160954819696304,"{""model__max_depth"": null, ""model__max_features"": 0.7, ""model__min_samples_leaf"": 3, ""model__n_estimators"": 300}"
771,4,valence,random_forest_optional,0.5625,0.6396459955343486,0.0771459955343486,"{""model__max_depth"": null, ""model__max_features"": 0.7, ""model__min_samples_leaf"": 3, ""model__n_estimators"": 300}"
774,4,valence,random_forest_optional,0.75,0.6376470072751339,0.1123529927248661,"{""model__max_depth"": null, ""model__max_features"": 0.7, ""model__min_samples_leaf"": 3, ""model__n_estimators"": 300}"
775,4,valence,random_forest_optional,0.475,0.6233595347150783,0.1483595347150783,"{""model__max_depth"": null, ""model__max_features"": 0.7, ""model__min_samples_leaf"": 3, ""model__n_estimators"": 300}"
778,4,valence,random_forest_optional,0.8125,0.7128676136363611,0.0996323863636389,"{""model__max_depth"": null, ""model__max_features"": 0.7, ""model__min_samples_leaf"": 3, ""model__n_estimators"": 300}"
786,4,valence,random_forest_optional,0.45,0.4902700048373393,0.0402700048373392,"{""model__max_depth"": null, ""model__max_features"": 0.7, ""model__min_samples_leaf"": 3, ""model__n_estimators"": 300}"
794,4,valence,random_forest_optional,0.575,0.5957240330061383,0.0207240330061383,"{""model__max_depth"": null, ""model__max_features"": 0.7, ""model__min_samples_leaf"": 3, ""model__n_estimators"": 300}"
798,4,valence,random_forest_optional,0.6,0.6564662894554961,0.0564662894554961,"{""model__max_depth"": null, ""model__max_features"": 0.7, ""model__min_samples_leaf"": 3, ""model__n_estimators"": 300}"
799,4,valence,random_forest_optional,0.5375,0.6608375829032079,0.1233375829032079,"{""model__max_depth"": null, ""model__max_features"": 0.7, ""model__min_samples_leaf"": 3, ""model__n_estimators"": 300}"
806,4,valence,random_forest_optional,0.725,0.5247419553825797,0.2002580446174202,"{""model__max_depth"": null, ""model__max_features"": 0.7, ""model__min_samples_leaf"": 3, ""model__n_estimators"": 300}"
815,4,valence,random_forest_optional,0.3125,0.5339721052096084,0.2214721052096083,"{""model__max_depth"": null, ""model__max_features"": 0.7, ""model__min_samples_leaf"": 3, ""model__n_estimators"": 300}"
824,4,valence,random_forest_optional,0.825,0.7109082340113545,0.1140917659886454,"{""model__max_depth"": null, ""model__max_features"": 0.7, ""model__min_samples_leaf"": 3, ""model__n_estimators"": 300}"
827,4,valence,random_forest_optional,0.825,0.6493954649306962,0.1756045350693037,"{""model__max_depth"": null, ""model__max_features"": 0.7, ""model__min_samples_leaf"": 3, ""model__n_estimators"": 300}"
830,4,valence,random_forest_optional,0.6,0.6401286070989206,0.0401286070989206,"{""model__max_depth"": null, ""model__max_features"": 0.7, ""model__min_samples_leaf"": 3, ""model__n_estimators"": 300}"
832,4,valence,random_forest_optional,0.625,0.7286344247398246,0.1036344247398246,"{""model__max_depth"": null, ""model__max_features"": 0.7, ""model__min_samples_leaf"": 3, ""model__n_estimators"": 300}"
848,4,valence,random_forest_optional,0.5125,0.6933979499666996,0.1808979499666996,"{""model__max_depth"": null, ""model__max_features"": 0.7, ""model__min_samples_leaf"": 3, ""model__n_estimators"": 300}"
861,4,valence,random_forest_optional,0.7625,0.7090025939128223,0.0534974060871776,"{""model__max_depth"": null, ""model__max_features"": 0.7, ""model__min_samples_leaf"": 3, ""model__n_estimators"": 300}"
868,4,valence,random_forest_optional,0.625,0.6971021013708516,0.0721021013708516,"{""model__max_depth"": null, ""model__max_features"": 0.7, ""model__min_samples_leaf"": 3, ""model__n_estimators"": 300}"
913,4,valence,random_forest_optional,0.275,0.489255484908615,0.214255484908615,"{""model__max_depth"": null, ""model__max_features"": 0.7, ""model__min_samples_leaf"": 3, ""model__n_estimators"": 300}"
927,4,valence,random_forest_optional,0.65,0.6687734687765977,0.0187734687765976,"{""model__max_depth"": null, ""model__max_features"": 0.7, ""model__min_samples_leaf"": 3, ""model__n_estimators"": 300}"
932,4,valence,random_forest_optional,0.6625,0.6307713876401431,0.0317286123598569,"{""model__max_depth"": null, ""model__max_features"": 0.7, ""model__min_samples_leaf"": 3, ""model__n_estimators"": 300}"
933,4,valence,random_forest_optional,0.7375,0.7048642263039976,0.0326357736960024,"{""model__max_depth"": null, ""model__max_features"": 0.7, ""model__min_samples_leaf"": 3, ""model__n_estimators"": 300}"
950,4,valence,random_forest_optional,0.6875,0.4790382494488076,0.2084617505511924,"{""model__max_depth"": null, ""model__max_features"": 0.7, ""model__min_samples_leaf"": 3, ""model__n_estimators"": 300}"
958,4,valence,random_forest_optional,0.8625,0.6339750749250738,0.2285249250749262,"{""model__max_depth"": null, ""model__max_features"": 0.7, ""model__min_samples_leaf"": 3, ""model__n_estimators"": 300}"
959,4,valence,random_forest_optional,0.45,0.5993208193426921,0.1493208193426921,"{""model__max_depth"": null, ""model__max_features"": 0.7, ""model__min_samples_leaf"": 3, ""model__n_estimators"": 300}"
962,4,valence,random_forest_optional,0.2,0.4935543716279532,0.2935543716279532,"{""model__max_depth"": null, ""model__max_features"": 0.7, ""model__min_samples_leaf"": 3, ""model__n_estimators"": 300}"
969,4,valence,random_forest_optional,0.175,0.509191345207826,0.334191345207826,"{""model__max_depth"": null, ""model__max_features"": 0.7, ""model__min_samples_leaf"": 3, ""model__n_estimators"": 300}"
970,4,valence,random_forest_optional,0.4875,0.5646868373945062,0.0771868373945062,"{""model__max_depth"": null, ""model__max_features"": 0.7, ""model__min_samples_leaf"": 3, ""model__n_estimators"": 300}"
980,4,valence,random_forest_optional,0.725,0.6784074604793346,0.0465925395206653,"{""model__max_depth"": null, ""model__max_features"": 0.7, ""model__min_samples_leaf"": 3, ""model__n_estimators"": 300}"
