track_id,outer_fold,outcome,model,observed,predicted,absolute_error,best_parameters
5,0,arousal,dummy_mean,0.15,0.621831899747889,0.47183189974788897,{}
9,0,arousal,dummy_mean,0.45,0.621831899747889,0.17183189974788898,{}
12,0,arousal,dummy_mean,0.6875,0.621831899747889,0.065668100252111,{}
18,0,arousal,dummy_mean,0.8,0.621831899747889,0.17816810025211105,{}
20,0,arousal,dummy_mean,0.55,0.621831899747889,0.07183189974788895,{}
23,0,arousal,dummy_mean,0.625,0.621831899747889,0.0031681002521110058,{}
30,0,arousal,dummy_mean,0.6125,0.621831899747889,0.00933189974788895,{}
33,0,arousal,dummy_mean,0.6375,0.621831899747889,0.01566810025211096,{}
37,0,arousal,dummy_mean,0.8,0.621831899747889,0.17816810025211105,{}
38,0,arousal,dummy_mean,0.8875,0.621831899747889,0.26566810025211096,{}
49,0,arousal,dummy_mean,0.7875,0.621831899747889,0.16566810025211098,{}
63,0,arousal,dummy_mean,0.375,0.621831899747889,0.246831899747889,{}
65,0,arousal,dummy_mean,0.5875,0.621831899747889,0.03433189974788897,{}
69,0,arousal,dummy_mean,0.7125,0.621831899747889,0.09066810025211103,{}
70,0,arousal,dummy_mean,0.575,0.621831899747889,0.04683189974788904,{}
75,0,arousal,dummy_mean,0.9625,0.621831899747889,0.34066810025211103,{}
87,0,arousal,dummy_mean,0.6625,0.621831899747889,0.040668100252110984,{}
90,0,arousal,dummy_mean,0.65,0.621831899747889,0.028168100252111028,{}
92,0,arousal,dummy_mean,0.65,0.621831899747889,0.028168100252111028,{}
100,0,arousal,dummy_mean,0.175,0.621831899747889,0.446831899747889,{}
113,0,arousal,dummy_mean,0.75,0.621831899747889,0.128168100252111,{}
124,0,arousal,dummy_mean,0.9,0.621831899747889,0.27816810025211103,{}
126,0,arousal,dummy_mean,0.7,0.621831899747889,0.07816810025211096,{}
128,0,arousal,dummy_mean,0.5125,0.621831899747889,0.10933189974788904,{}
136,0,arousal,dummy_mean,0.625,0.621831899747889,0.0031681002521110058,{}
141,0,arousal,dummy_mean,0.5375,0.621831899747889,0.08433189974788902,{}
142,0,arousal,dummy_mean,0.6,0.621831899747889,0.021831899747889016,{}
166,0,arousal,dummy_mean,0.625,0.621831899747889,0.0031681002521110058,{}
174,0,arousal,dummy_mean,0.477272727273,0.621831899747889,0.14455917247488898,{}
176,0,arousal,dummy_mean,0.7125,0.621831899747889,0.09066810025211103,{}
181,0,arousal,dummy_mean,0.4875,0.621831899747889,0.134331899747889,{}
184,0,arousal,dummy_mean,0.825,0.621831899747889,0.20316810025211096,{}
187,0,arousal,dummy_mean,0.7,0.621831899747889,0.07816810025211096,{}
199,0,arousal,dummy_mean,0.7875,0.621831899747889,0.16566810025211098,{}
200,0,arousal,dummy_mean,0.7,0.621831899747889,0.07816810025211096,{}
202,0,arousal,dummy_mean,0.85,0.621831899747889,0.22816810025211098,{}
210,0,arousal,dummy_mean,0.8125,0.621831899747889,0.190668100252111,{}
217,0,arousal,dummy_mean,0.6125,0.621831899747889,0.00933189974788895,{}
219,0,arousal,dummy_mean,0.8375,0.621831899747889,0.21566810025211103,{}
231,0,arousal,dummy_mean,0.5375,0.621831899747889,0.08433189974788902,{}
234,0,arousal,dummy_mean,0.3875,0.621831899747889,0.23433189974788898,{}
239,0,arousal,dummy_mean,0.625,0.621831899747889,0.0031681002521110058,{}
242,0,arousal,dummy_mean,0.625,0.621831899747889,0.0031681002521110058,{}
251,0,arousal,dummy_mean,0.431818181818,0.621831899747889,0.19001371792988897,{}
253,0,arousal,dummy_mean,0.6125,0.621831899747889,0.00933189974788895,{}
263,0,arousal,dummy_mean,0.4125,0.621831899747889,0.20933189974788902,{}
267,0,arousal,dummy_mean,0.275,0.621831899747889,0.34683189974788897,{}
269,0,arousal,dummy_mean,0.5875,0.621831899747889,0.03433189974788897,{}
273,0,arousal,dummy_mean,0.3375,0.621831899747889,0.28433189974788897,{}
280,0,arousal,dummy_mean,0.325,0.621831899747889,0.296831899747889,{}
292,0,arousal,dummy_mean,0.95,0.621831899747889,0.32816810025211096,{}
296,0,arousal,dummy_mean,0.8125,0.621831899747889,0.190668100252111,{}
306,0,arousal,dummy_mean,0.775,0.621831899747889,0.15316810025211103,{}
307,0,arousal,dummy_mean,0.9,0.621831899747889,0.27816810025211103,{}
310,0,arousal,dummy_mean,0.4,0.621831899747889,0.22183189974788897,{}
312,0,arousal,dummy_mean,0.8375,0.621831899747889,0.21566810025211103,{}
318,0,arousal,dummy_mean,0.725,0.621831899747889,0.10316810025211098,{}
323,0,arousal,dummy_mean,0.8625,0.621831899747889,0.24066810025211105,{}
329,0,arousal,dummy_mean,0.9375,0.621831899747889,0.315668100252111,{}
332,0,arousal,dummy_mean,0.7625,0.621831899747889,0.14066810025211096,{}
338,0,arousal,dummy_mean,0.825,0.621831899747889,0.20316810025211096,{}
341,0,arousal,dummy_mean,0.85,0.621831899747889,0.22816810025211098,{}
347,0,arousal,dummy_mean,0.1875,0.621831899747889,0.434331899747889,{}
353,0,arousal,dummy_mean,0.525,0.621831899747889,0.09683189974788897,{}
375,0,arousal,dummy_mean,0.7375,0.621831899747889,0.11566810025211105,{}
376,0,arousal,dummy_mean,0.6,0.621831899747889,0.021831899747889016,{}
399,0,arousal,dummy_mean,0.6125,0.621831899747889,0.00933189974788895,{}
411,0,arousal,dummy_mean,0.175,0.621831899747889,0.446831899747889,{}
418,0,arousal,dummy_mean,0.425,0.621831899747889,0.196831899747889,{}
420,0,arousal,dummy_mean,0.775,0.621831899747889,0.15316810025211103,{}
432,0,arousal,dummy_mean,0.375,0.621831899747889,0.246831899747889,{}
434,0,arousal,dummy_mean,0.5125,0.621831899747889,0.10933189974788904,{}
455,0,arousal,dummy_mean,0.875,0.621831899747889,0.253168100252111,{}
466,0,arousal,dummy_mean,0.65,0.621831899747889,0.028168100252111028,{}
478,0,arousal,dummy_mean,0.65,0.621831899747889,0.028168100252111028,{}
484,0,arousal,dummy_mean,0.675,0.621831899747889,0.05316810025211105,{}
486,0,arousal,dummy_mean,0.375,0.621831899747889,0.246831899747889,{}
489,0,arousal,dummy_mean,0.909090909091,0.621831899747889,0.287259009343111,{}
491,0,arousal,dummy_mean,0.575,0.621831899747889,0.04683189974788904,{}
492,0,arousal,dummy_mean,0.9,0.621831899747889,0.27816810025211103,{}
493,0,arousal,dummy_mean,0.7375,0.621831899747889,0.11566810025211105,{}
499,0,arousal,dummy_mean,0.8625,0.621831899747889,0.24066810025211105,{}
515,0,arousal,dummy_mean,0.6125,0.621831899747889,0.00933189974788895,{}
517,0,arousal,dummy_mean,0.2625,0.621831899747889,0.359331899747889,{}
519,0,arousal,dummy_mean,0.35,0.621831899747889,0.271831899747889,{}
522,0,arousal,dummy_mean,0.5375,0.621831899747889,0.08433189974788902,{}
530,0,arousal,dummy_mean,0.295454545455,0.621831899747889,0.326377354292889,{}
542,0,arousal,dummy_mean,0.7125,0.621831899747889,0.09066810025211103,{}
544,0,arousal,dummy_mean,0.45,0.621831899747889,0.17183189974788898,{}
548,0,arousal,dummy_mean,0.45,0.621831899747889,0.17183189974788898,{}
550,0,arousal,dummy_mean,0.4375,0.621831899747889,0.184331899747889,{}
555,0,arousal,dummy_mean,0.7625,0.621831899747889,0.14066810025211096,{}
560,0,arousal,dummy_mean,0.6625,0.621831899747889,0.040668100252110984,{}
569,0,arousal,dummy_mean,0.7,0.621831899747889,0.07816810025211096,{}
571,0,arousal,dummy_mean,0.6625,0.621831899747889,0.040668100252110984,{}
578,0,arousal,dummy_mean,0.4625,0.621831899747889,0.15933189974788897,{}
599,0,arousal,dummy_mean,0.55,0.621831899747889,0.07183189974788895,{}
601,0,arousal,dummy_mean,0.6875,0.621831899747889,0.065668100252111,{}
629,0,arousal,dummy_mean,0.7125,0.621831899747889,0.09066810025211103,{}
632,0,arousal,dummy_mean,0.8625,0.621831899747889,0.24066810025211105,{}
638,0,arousal,dummy_mean,0.775,0.621831899747889,0.15316810025211103,{}
646,0,arousal,dummy_mean,0.8625,0.621831899747889,0.24066810025211105,{}
649,0,arousal,dummy_mean,0.4375,0.621831899747889,0.184331899747889,{}
662,0,arousal,dummy_mean,0.675,0.621831899747889,0.05316810025211105,{}
675,0,arousal,dummy_mean,0.3125,0.621831899747889,0.309331899747889,{}
684,0,arousal,dummy_mean,0.375,0.621831899747889,0.246831899747889,{}
685,0,arousal,dummy_mean,0.625,0.621831899747889,0.0031681002521110058,{}
686,0,arousal,dummy_mean,0.6,0.621831899747889,0.021831899747889016,{}
698,0,arousal,dummy_mean,0.3625,0.621831899747889,0.259331899747889,{}
699,0,arousal,dummy_mean,0.7125,0.621831899747889,0.09066810025211103,{}
707,0,arousal,dummy_mean,0.3125,0.621831899747889,0.309331899747889,{}
719,0,arousal,dummy_mean,0.525,0.621831899747889,0.09683189974788897,{}
720,0,arousal,dummy_mean,0.7375,0.621831899747889,0.11566810025211105,{}
729,0,arousal,dummy_mean,0.525,0.621831899747889,0.09683189974788897,{}
742,0,arousal,dummy_mean,0.725,0.621831899747889,0.10316810025211098,{}
743,0,arousal,dummy_mean,0.85,0.621831899747889,0.22816810025211098,{}
746,0,arousal,dummy_mean,0.6625,0.621831899747889,0.040668100252110984,{}
749,0,arousal,dummy_mean,0.525,0.621831899747889,0.09683189974788897,{}
769,0,arousal,dummy_mean,0.525,0.621831899747889,0.09683189974788897,{}
772,0,arousal,dummy_mean,0.8375,0.621831899747889,0.21566810025211103,{}
776,0,arousal,dummy_mean,0.6375,0.621831899747889,0.01566810025211096,{}
780,0,arousal,dummy_mean,0.5125,0.621831899747889,0.10933189974788904,{}
784,0,arousal,dummy_mean,0.45,0.621831899747889,0.17183189974788898,{}
788,0,arousal,dummy_mean,0.6125,0.621831899747889,0.00933189974788895,{}
789,0,arousal,dummy_mean,0.35,0.621831899747889,0.271831899747889,{}
791,0,arousal,dummy_mean,0.7875,0.621831899747889,0.16566810025211098,{}
809,0,arousal,dummy_mean,0.1875,0.621831899747889,0.434331899747889,{}
810,0,arousal,dummy_mean,0.4125,0.621831899747889,0.20933189974788902,{}
812,0,arousal,dummy_mean,0.8,0.621831899747889,0.17816810025211105,{}
820,0,arousal,dummy_mean,0.6625,0.621831899747889,0.040668100252110984,{}
821,0,arousal,dummy_mean,0.7875,0.621831899747889,0.16566810025211098,{}
835,0,arousal,dummy_mean,0.6625,0.621831899747889,0.040668100252110984,{}
842,0,arousal,dummy_mean,0.6,0.621831899747889,0.021831899747889016,{}
854,0,arousal,dummy_mean,0.8375,0.621831899747889,0.21566810025211103,{}
858,0,arousal,dummy_mean,0.625,0.621831899747889,0.0031681002521110058,{}
865,0,arousal,dummy_mean,0.8875,0.621831899747889,0.26566810025211096,{}
870,0,arousal,dummy_mean,0.65,0.621831899747889,0.028168100252111028,{}
876,0,arousal,dummy_mean,0.775,0.621831899747889,0.15316810025211103,{}
883,0,arousal,dummy_mean,0.8625,0.621831899747889,0.24066810025211105,{}
890,0,arousal,dummy_mean,0.7875,0.621831899747889,0.16566810025211098,{}
895,0,arousal,dummy_mean,0.6375,0.621831899747889,0.01566810025211096,{}
903,0,arousal,dummy_mean,0.7625,0.621831899747889,0.14066810025211096,{}
906,0,arousal,dummy_mean,0.325,0.621831899747889,0.296831899747889,{}
917,0,arousal,dummy_mean,0.7375,0.621831899747889,0.11566810025211105,{}
924,0,arousal,dummy_mean,0.6125,0.621831899747889,0.00933189974788895,{}
938,0,arousal,dummy_mean,0.725,0.621831899747889,0.10316810025211098,{}
939,0,arousal,dummy_mean,0.725,0.621831899747889,0.10316810025211098,{}
940,0,arousal,dummy_mean,0.625,0.621831899747889,0.0031681002521110058,{}
946,0,arousal,dummy_mean,0.425,0.621831899747889,0.196831899747889,{}
952,0,arousal,dummy_mean,0.525,0.621831899747889,0.09683189974788897,{}
965,0,arousal,dummy_mean,0.5,0.621831899747889,0.121831899747889,{}
978,0,arousal,dummy_mean,0.6875,0.621831899747889,0.065668100252111,{}
996,0,arousal,dummy_mean,0.875,0.621831899747889,0.253168100252111,{}
1000,0,arousal,dummy_mean,0.6625,0.621831899747889,0.040668100252110984,{}
1,1,arousal,dummy_mean,0.4,0.6179000444905856,0.21790004449058553,{}
4,1,arousal,dummy_mean,0.2625,0.6179000444905856,0.35540004449058554,{}
8,1,arousal,dummy_mean,0.3875,0.6179000444905856,0.23040004449058554,{}
28,1,arousal,dummy_mean,0.4875,0.6179000444905856,0.13040004449058556,{}
39,1,arousal,dummy_mean,0.875,0.6179000444905856,0.25709995550941445,{}
46,1,arousal,dummy_mean,0.8375,0.6179000444905856,0.21959995550941447,{}
52,1,arousal,dummy_mean,0.5875,0.6179000444905856,0.03040004449058553,{}
55,1,arousal,dummy_mean,0.625,0.6179000444905856,0.007099955509414446,{}
61,1,arousal,dummy_mean,0.375,0.6179000444905856,0.24290004449058555,{}
66,1,arousal,dummy_mean,0.8625,0.6179000444905856,0.2445999555094145,{}
67,1,arousal,dummy_mean,0.8,0.6179000444905856,0.1820999555094145,{}
72,1,arousal,dummy_mean,0.75,0.6179000444905856,0.13209995550941445,{}
73,1,arousal,dummy_mean,0.5375,0.6179000444905856,0.08040004449058558,{}
74,1,arousal,dummy_mean,0.8875,0.6179000444905856,0.2695999555094144,{}
88,1,arousal,dummy_mean,0.625,0.6179000444905856,0.007099955509414446,{}
94,1,arousal,dummy_mean,0.7625,0.6179000444905856,0.1445999555094144,{}
102,1,arousal,dummy_mean,0.7375,0.6179000444905856,0.11959995550941449,{}
104,1,arousal,dummy_mean,0.8375,0.6179000444905856,0.21959995550941447,{}
108,1,arousal,dummy_mean,0.8625,0.6179000444905856,0.2445999555094145,{}
139,1,arousal,dummy_mean,0.7125,0.6179000444905856,0.09459995550941447,{}
143,1,arousal,dummy_mean,0.5625,0.6179000444905856,0.055400044490585554,{}
146,1,arousal,dummy_mean,0.6625,0.6179000444905856,0.044599955509414424,{}
149,1,arousal,dummy_mean,0.3875,0.6179000444905856,0.23040004449058554,{}
152,1,arousal,dummy_mean,0.825,0.6179000444905856,0.2070999555094144,{}
156,1,arousal,dummy_mean,0.6625,0.6179000444905856,0.044599955509414424,{}
160,1,arousal,dummy_mean,0.825,0.6179000444905856,0.2070999555094144,{}
165,1,arousal,dummy_mean,0.7375,0.6179000444905856,0.11959995550941449,{}
177,1,arousal,dummy_mean,0.55,0.6179000444905856,0.06790004449058551,{}
180,1,arousal,dummy_mean,0.575,0.6179000444905856,0.0429000444905856,{}
189,1,arousal,dummy_mean,0.6875,0.6179000444905856,0.06959995550941445,{}
191,1,arousal,dummy_mean,0.7625,0.6179000444905856,0.1445999555094144,{}
192,1,arousal,dummy_mean,0.9375,0.6179000444905856,0.31959995550941445,{}
204,1,arousal,dummy_mean,0.7375,0.6179000444905856,0.11959995550941449,{}
207,1,arousal,dummy_mean,0.85,0.6179000444905856,0.23209995550941442,{}
220,1,arousal,dummy_mean,0.6875,0.6179000444905856,0.06959995550941445,{}
222,1,arousal,dummy_mean,0.6625,0.6179000444905856,0.044599955509414424,{}
233,1,arousal,dummy_mean,0.4,0.6179000444905856,0.21790004449058553,{}
257,1,arousal,dummy_mean,0.4125,0.6179000444905856,0.20540004449058558,{}
265,1,arousal,dummy_mean,0.5125,0.6179000444905856,0.1054000444905856,{}
279,1,arousal,dummy_mean,0.3625,0.6179000444905856,0.25540004449058556,{}
294,1,arousal,dummy_mean,0.7,0.6179000444905856,0.0820999555094144,{}
299,1,arousal,dummy_mean,0.25,0.6179000444905856,0.36790004449058555,{}
301,1,arousal,dummy_mean,0.825,0.6179000444905856,0.2070999555094144,{}
304,1,arousal,dummy_mean,0.9,0.6179000444905856,0.28209995550941447,{}
314,1,arousal,dummy_mean,0.5625,0.6179000444905856,0.055400044490585554,{}
317,1,arousal,dummy_mean,0.925,0.6179000444905856,0.3070999555094145,{}
324,1,arousal,dummy_mean,0.8875,0.6179000444905856,0.2695999555094144,{}
334,1,arousal,dummy_mean,0.625,0.6179000444905856,0.007099955509414446,{}
362,1,arousal,dummy_mean,0.4,0.6179000444905856,0.21790004449058553,{}
368,1,arousal,dummy_mean,0.6,0.6179000444905856,0.017900044490585576,{}
370,1,arousal,dummy_mean,0.4,0.6179000444905856,0.21790004449058553,{}
372,1,arousal,dummy_mean,0.825,0.6179000444905856,0.2070999555094144,{}
379,1,arousal,dummy_mean,0.9375,0.6179000444905856,0.31959995550941445,{}
391,1,arousal,dummy_mean,0.85,0.6179000444905856,0.23209995550941442,{}
403,1,arousal,dummy_mean,0.7625,0.6179000444905856,0.1445999555094144,{}
408,1,arousal,dummy_mean,0.9125,0.6179000444905856,0.2945999555094144,{}
425,1,arousal,dummy_mean,0.95,0.6179000444905856,0.3320999555094144,{}
426,1,arousal,dummy_mean,0.825,0.6179000444905856,0.2070999555094144,{}
435,1,arousal,dummy_mean,0.275,0.6179000444905856,0.34290004449058553,{}
436,1,arousal,dummy_mean,0.25,0.6179000444905856,0.36790004449058555,{}
441,1,arousal,dummy_mean,0.675,0.6179000444905856,0.05709995550941449,{}
442,1,arousal,dummy_mean,0.7125,0.6179000444905856,0.09459995550941447,{}
461,1,arousal,dummy_mean,0.375,0.6179000444905856,0.24290004449058555,{}
465,1,arousal,dummy_mean,0.3375,0.6179000444905856,0.28040004449058553,{}
469,1,arousal,dummy_mean,0.7125,0.6179000444905856,0.09459995550941447,{}
471,1,arousal,dummy_mean,0.875,0.6179000444905856,0.25709995550941445,{}
480,1,arousal,dummy_mean,0.7875,0.6179000444905856,0.16959995550941442,{}
487,1,arousal,dummy_mean,0.8,0.6179000444905856,0.1820999555094145,{}
496,1,arousal,dummy_mean,0.6625,0.6179000444905856,0.044599955509414424,{}
500,1,arousal,dummy_mean,0.7,0.6179000444905856,0.0820999555094144,{}
503,1,arousal,dummy_mean,0.613636363636,0.6179000444905856,0.004263680854585505,{}
507,1,arousal,dummy_mean,0.8,0.6179000444905856,0.1820999555094145,{}
512,1,arousal,dummy_mean,0.3125,0.6179000444905856,0.30540004449058555,{}
521,1,arousal,dummy_mean,0.5125,0.6179000444905856,0.1054000444905856,{}
525,1,arousal,dummy_mean,0.2375,0.6179000444905856,0.38040004449058556,{}
536,1,arousal,dummy_mean,0.7875,0.6179000444905856,0.16959995550941442,{}
546,1,arousal,dummy_mean,0.7875,0.6179000444905856,0.16959995550941442,{}
549,1,arousal,dummy_mean,0.4375,0.6179000444905856,0.18040004449058555,{}
562,1,arousal,dummy_mean,0.7375,0.6179000444905856,0.11959995550941449,{}
566,1,arousal,dummy_mean,0.775,0.6179000444905856,0.15709995550941447,{}
572,1,arousal,dummy_mean,0.7375,0.6179000444905856,0.11959995550941449,{}
574,1,arousal,dummy_mean,0.7875,0.6179000444905856,0.16959995550941442,{}
576,1,arousal,dummy_mean,0.7125,0.6179000444905856,0.09459995550941447,{}
588,1,arousal,dummy_mean,0.7,0.6179000444905856,0.0820999555094144,{}
591,1,arousal,dummy_mean,0.25,0.6179000444905856,0.36790004449058555,{}
598,1,arousal,dummy_mean,0.85,0.6179000444905856,0.23209995550941442,{}
614,1,arousal,dummy_mean,0.2875,0.6179000444905856,0.3304000444905856,{}
617,1,arousal,dummy_mean,0.8875,0.6179000444905856,0.2695999555094144,{}
623,1,arousal,dummy_mean,0.85,0.6179000444905856,0.23209995550941442,{}
634,1,arousal,dummy_mean,0.225,0.6179000444905856,0.3929000444905856,{}
635,1,arousal,dummy_mean,0.6375,0.6179000444905856,0.019599955509414402,{}
637,1,arousal,dummy_mean,0.775,0.6179000444905856,0.15709995550941447,{}
648,1,arousal,dummy_mean,0.6875,0.6179000444905856,0.06959995550941445,{}
651,1,arousal,dummy_mean,0.825,0.6179000444905856,0.2070999555094144,{}
652,1,arousal,dummy_mean,0.55,0.6179000444905856,0.06790004449058551,{}
661,1,arousal,dummy_mean,0.6375,0.6179000444905856,0.019599955509414402,{}
666,1,arousal,dummy_mean,0.675,0.6179000444905856,0.05709995550941449,{}
671,1,arousal,dummy_mean,0.675,0.6179000444905856,0.05709995550941449,{}
673,1,arousal,dummy_mean,0.5125,0.6179000444905856,0.1054000444905856,{}
678,1,arousal,dummy_mean,0.7875,0.6179000444905856,0.16959995550941442,{}
692,1,arousal,dummy_mean,0.5,0.6179000444905856,0.11790004449058555,{}
694,1,arousal,dummy_mean,0.3875,0.6179000444905856,0.23040004449058554,{}
708,1,arousal,dummy_mean,0.6625,0.6179000444905856,0.044599955509414424,{}
710,1,arousal,dummy_mean,0.7875,0.6179000444905856,0.16959995550941442,{}
718,1,arousal,dummy_mean,0.5125,0.6179000444905856,0.1054000444905856,{}
722,1,arousal,dummy_mean,0.575,0.6179000444905856,0.0429000444905856,{}
730,1,arousal,dummy_mean,0.55,0.6179000444905856,0.06790004449058551,{}
731,1,arousal,dummy_mean,0.6875,0.6179000444905856,0.06959995550941445,{}
738,1,arousal,dummy_mean,0.5875,0.6179000444905856,0.03040004449058553,{}
739,1,arousal,dummy_mean,0.6875,0.6179000444905856,0.06959995550941445,{}
750,1,arousal,dummy_mean,0.4,0.6179000444905856,0.21790004449058553,{}
751,1,arousal,dummy_mean,0.5875,0.6179000444905856,0.03040004449058553,{}
757,1,arousal,dummy_mean,0.6625,0.6179000444905856,0.044599955509414424,{}
758,1,arousal,dummy_mean,0.8375,0.6179000444905856,0.21959995550941447,{}
763,1,arousal,dummy_mean,0.3875,0.6179000444905856,0.23040004449058554,{}
773,1,arousal,dummy_mean,0.75,0.6179000444905856,0.13209995550941445,{}
796,1,arousal,dummy_mean,0.6,0.6179000444905856,0.017900044490585576,{}
797,1,arousal,dummy_mean,0.6375,0.6179000444905856,0.019599955509414402,{}
801,1,arousal,dummy_mean,0.3375,0.6179000444905856,0.28040004449058553,{}
813,1,arousal,dummy_mean,0.675,0.6179000444905856,0.05709995550941449,{}
818,1,arousal,dummy_mean,0.275,0.6179000444905856,0.34290004449058553,{}
825,1,arousal,dummy_mean,0.5375,0.6179000444905856,0.08040004449058558,{}
828,1,arousal,dummy_mean,0.65,0.6179000444905856,0.03209995550941447,{}
833,1,arousal,dummy_mean,0.8,0.6179000444905856,0.1820999555094145,{}
834,1,arousal,dummy_mean,0.8875,0.6179000444905856,0.2695999555094144,{}
836,1,arousal,dummy_mean,0.8875,0.6179000444905856,0.2695999555094144,{}
837,1,arousal,dummy_mean,0.7375,0.6179000444905856,0.11959995550941449,{}
847,1,arousal,dummy_mean,0.5125,0.6179000444905856,0.1054000444905856,{}
852,1,arousal,dummy_mean,0.4875,0.6179000444905856,0.13040004449058556,{}
853,1,arousal,dummy_mean,0.65,0.6179000444905856,0.03209995550941447,{}
859,1,arousal,dummy_mean,0.5875,0.6179000444905856,0.03040004449058553,{}
860,1,arousal,dummy_mean,0.675,0.6179000444905856,0.05709995550941449,{}
862,1,arousal,dummy_mean,0.8875,0.6179000444905856,0.2695999555094144,{}
869,1,arousal,dummy_mean,0.45,0.6179000444905856,0.16790004449058554,{}
879,1,arousal,dummy_mean,0.4875,0.6179000444905856,0.13040004449058556,{}
880,1,arousal,dummy_mean,0.675,0.6179000444905856,0.05709995550941449,{}
881,1,arousal,dummy_mean,0.5875,0.6179000444905856,0.03040004449058553,{}
885,1,arousal,dummy_mean,0.425,0.6179000444905856,0.19290004449058556,{}
892,1,arousal,dummy_mean,0.6625,0.6179000444905856,0.044599955509414424,{}
896,1,arousal,dummy_mean,0.761363636364,0.6179000444905856,0.1434635918734144,{}
908,1,arousal,dummy_mean,0.75,0.6179000444905856,0.13209995550941445,{}
909,1,arousal,dummy_mean,0.825,0.6179000444905856,0.2070999555094144,{}
918,1,arousal,dummy_mean,0.4,0.6179000444905856,0.21790004449058553,{}
921,1,arousal,dummy_mean,0.475,0.6179000444905856,0.14290004449058558,{}
925,1,arousal,dummy_mean,0.5875,0.6179000444905856,0.03040004449058553,{}
928,1,arousal,dummy_mean,0.8375,0.6179000444905856,0.21959995550941447,{}
929,1,arousal,dummy_mean,0.6,0.6179000444905856,0.017900044490585576,{}
935,1,arousal,dummy_mean,0.511363636364,0.6179000444905856,0.1065364081265856,{}
948,1,arousal,dummy_mean,0.4875,0.6179000444905856,0.13040004449058556,{}
957,1,arousal,dummy_mean,0.525,0.6179000444905856,0.09290004449058553,{}
966,1,arousal,dummy_mean,0.575,0.6179000444905856,0.0429000444905856,{}
981,1,arousal,dummy_mean,0.8,0.6179000444905856,0.1820999555094145,{}
984,1,arousal,dummy_mean,0.825,0.6179000444905856,0.2070999555094144,{}
989,1,arousal,dummy_mean,0.575,0.6179000444905856,0.0429000444905856,{}
6,2,arousal,dummy_mean,0.5125,0.6237044714243453,0.11120447142434531,{}
10,2,arousal,dummy_mean,0.4375,0.6237044714243453,0.18620447142434526,{}
15,2,arousal,dummy_mean,0.6125,0.6237044714243453,0.01120447142434522,{}
16,2,arousal,dummy_mean,0.5375,0.6237044714243453,0.08620447142434529,{}
19,2,arousal,dummy_mean,0.7625,0.6237044714243453,0.1387955285756547,{}
43,2,arousal,dummy_mean,0.8625,0.6237044714243453,0.23879552857565478,{}
44,2,arousal,dummy_mean,0.6875,0.6237044714243453,0.06379552857565474,{}
47,2,arousal,dummy_mean,0.4,0.6237044714243453,0.22370447142434524,{}
50,2,arousal,dummy_mean,0.8375,0.6237044714243453,0.21379552857565476,{}
51,2,arousal,dummy_mean,0.825,0.6237044714243453,0.2012955285756547,{}
56,2,arousal,dummy_mean,0.4125,0.6237044714243453,0.21120447142434529,{}
68,2,arousal,dummy_mean,0.65,0.6237044714243453,0.02629552857565476,{}
78,2,arousal,dummy_mean,0.5,0.6237044714243453,0.12370447142434526,{}
97,2,arousal,dummy_mean,0.85,0.6237044714243453,0.22629552857565471,{}
99,2,arousal,dummy_mean,0.6875,0.6237044714243453,0.06379552857565474,{}
106,2,arousal,dummy_mean,0.7,0.6237044714243453,0.07629552857565469,{}
109,2,arousal,dummy_mean,0.8,0.6237044714243453,0.17629552857565478,{}
117,2,arousal,dummy_mean,0.85,0.6237044714243453,0.22629552857565471,{}
123,2,arousal,dummy_mean,0.3125,0.6237044714243453,0.31120447142434526,{}
127,2,arousal,dummy_mean,0.8125,0.6237044714243453,0.18879552857565474,{}
133,2,arousal,dummy_mean,0.775,0.6237044714243453,0.15129552857565476,{}
134,2,arousal,dummy_mean,0.8,0.6237044714243453,0.17629552857565478,{}
137,2,arousal,dummy_mean,0.7625,0.6237044714243453,0.1387955285756547,{}
147,2,arousal,dummy_mean,0.55,0.6237044714243453,0.07370447142434522,{}
153,2,arousal,dummy_mean,0.675,0.6237044714243453,0.05129552857565478,{}
157,2,arousal,dummy_mean,0.534090909091,0.6237044714243453,0.08961356233334528,{}
161,2,arousal,dummy_mean,0.8625,0.6237044714243453,0.23879552857565478,{}
162,2,arousal,dummy_mean,0.875,0.6237044714243453,0.25129552857565474,{}
170,2,arousal,dummy_mean,0.3,0.6237044714243453,0.3237044714243453,{}
172,2,arousal,dummy_mean,0.6375,0.6237044714243453,0.013795528575654692,{}
179,2,arousal,dummy_mean,0.7375,0.6237044714243453,0.11379552857565478,{}
185,2,arousal,dummy_mean,0.6625,0.6237044714243453,0.038795528575654714,{}
186,2,arousal,dummy_mean,0.825,0.6237044714243453,0.2012955285756547,{}
196,2,arousal,dummy_mean,0.4375,0.6237044714243453,0.18620447142434526,{}
197,2,arousal,dummy_mean,0.3375,0.6237044714243453,0.28620447142434524,{}
198,2,arousal,dummy_mean,0.863636363636,0.6237044714243453,0.23993189221165478,{}
211,2,arousal,dummy_mean,0.65,0.6237044714243453,0.02629552857565476,{}
228,2,arousal,dummy_mean,0.55,0.6237044714243453,0.07370447142434522,{}
230,2,arousal,dummy_mean,0.3625,0.6237044714243453,0.2612044714243453,{}
236,2,arousal,dummy_mean,0.3125,0.6237044714243453,0.31120447142434526,{}
237,2,arousal,dummy_mean,0.525,0.6237044714243453,0.09870447142434524,{}
238,2,arousal,dummy_mean,0.6375,0.6237044714243453,0.013795528575654692,{}
244,2,arousal,dummy_mean,0.2875,0.6237044714243453,0.3362044714243453,{}
249,2,arousal,dummy_mean,0.5375,0.6237044714243453,0.08620447142434529,{}
252,2,arousal,dummy_mean,0.1375,0.6237044714243453,0.48620447142434525,{}
275,2,arousal,dummy_mean,0.3375,0.6237044714243453,0.28620447142434524,{}
277,2,arousal,dummy_mean,0.2,0.6237044714243453,0.42370447142434525,{}
283,2,arousal,dummy_mean,0.575,0.6237044714243453,0.04870447142434531,{}
295,2,arousal,dummy_mean,0.725,0.6237044714243453,0.10129552857565471,{}
298,2,arousal,dummy_mean,0.725,0.6237044714243453,0.10129552857565471,{}
308,2,arousal,dummy_mean,0.8125,0.6237044714243453,0.18879552857565474,{}
309,2,arousal,dummy_mean,0.35,0.6237044714243453,0.2737044714243453,{}
315,2,arousal,dummy_mean,0.85,0.6237044714243453,0.22629552857565471,{}
319,2,arousal,dummy_mean,0.7375,0.6237044714243453,0.11379552857565478,{}
327,2,arousal,dummy_mean,0.7625,0.6237044714243453,0.1387955285756547,{}
333,2,arousal,dummy_mean,0.7875,0.6237044714243453,0.16379552857565471,{}
342,2,arousal,dummy_mean,0.75,0.6237044714243453,0.12629552857565474,{}
343,2,arousal,dummy_mean,0.65,0.6237044714243453,0.02629552857565476,{}
349,2,arousal,dummy_mean,0.275,0.6237044714243453,0.34870447142434524,{}
356,2,arousal,dummy_mean,0.475,0.6237044714243453,0.14870447142434529,{}
361,2,arousal,dummy_mean,0.6125,0.6237044714243453,0.01120447142434522,{}
367,2,arousal,dummy_mean,0.6125,0.6237044714243453,0.01120447142434522,{}
373,2,arousal,dummy_mean,0.85,0.6237044714243453,0.22629552857565471,{}
381,2,arousal,dummy_mean,0.9375,0.6237044714243453,0.31379552857565474,{}
385,2,arousal,dummy_mean,0.825,0.6237044714243453,0.2012955285756547,{}
386,2,arousal,dummy_mean,0.5625,0.6237044714243453,0.061204471424345264,{}
397,2,arousal,dummy_mean,0.45,0.6237044714243453,0.17370447142434525,{}
405,2,arousal,dummy_mean,0.7375,0.6237044714243453,0.11379552857565478,{}
407,2,arousal,dummy_mean,0.7875,0.6237044714243453,0.16379552857565471,{}
412,2,arousal,dummy_mean,0.5,0.6237044714243453,0.12370447142434526,{}
414,2,arousal,dummy_mean,0.579545454545,0.6237044714243453,0.044159016879345314,{}
415,2,arousal,dummy_mean,0.477272727273,0.6237044714243453,0.14643174415134524,{}
427,2,arousal,dummy_mean,0.775,0.6237044714243453,0.15129552857565476,{}
443,2,arousal,dummy_mean,0.7,0.6237044714243453,0.07629552857565469,{}
449,2,arousal,dummy_mean,0.7,0.6237044714243453,0.07629552857565469,{}
452,2,arousal,dummy_mean,0.65,0.6237044714243453,0.02629552857565476,{}
454,2,arousal,dummy_mean,0.8375,0.6237044714243453,0.21379552857565476,{}
462,2,arousal,dummy_mean,0.4125,0.6237044714243453,0.21120447142434529,{}
463,2,arousal,dummy_mean,0.3,0.6237044714243453,0.3237044714243453,{}
472,2,arousal,dummy_mean,0.6125,0.6237044714243453,0.01120447142434522,{}
479,2,arousal,dummy_mean,0.225,0.6237044714243453,0.3987044714243453,{}
483,2,arousal,dummy_mean,0.575,0.6237044714243453,0.04870447142434531,{}
495,2,arousal,dummy_mean,0.8375,0.6237044714243453,0.21379552857565476,{}
501,2,arousal,dummy_mean,0.8375,0.6237044714243453,0.21379552857565476,{}
504,2,arousal,dummy_mean,0.675,0.6237044714243453,0.05129552857565478,{}
516,2,arousal,dummy_mean,0.4,0.6237044714243453,0.22370447142434524,{}
526,2,arousal,dummy_mean,0.4625,0.6237044714243453,0.16120447142434524,{}
531,2,arousal,dummy_mean,0.225,0.6237044714243453,0.3987044714243453,{}
535,2,arousal,dummy_mean,0.7625,0.6237044714243453,0.1387955285756547,{}
551,2,arousal,dummy_mean,0.2875,0.6237044714243453,0.3362044714243453,{}
552,2,arousal,dummy_mean,0.85,0.6237044714243453,0.22629552857565471,{}
554,2,arousal,dummy_mean,0.6625,0.6237044714243453,0.038795528575654714,{}
558,2,arousal,dummy_mean,0.55,0.6237044714243453,0.07370447142434522,{}
570,2,arousal,dummy_mean,0.7375,0.6237044714243453,0.11379552857565478,{}
577,2,arousal,dummy_mean,0.6375,0.6237044714243453,0.013795528575654692,{}
580,2,arousal,dummy_mean,0.85,0.6237044714243453,0.22629552857565471,{}
582,2,arousal,dummy_mean,0.4125,0.6237044714243453,0.21120447142434529,{}
589,2,arousal,dummy_mean,0.55,0.6237044714243453,0.07370447142434522,{}
592,2,arousal,dummy_mean,0.4125,0.6237044714243453,0.21120447142434529,{}
606,2,arousal,dummy_mean,0.875,0.6237044714243453,0.25129552857565474,{}
608,2,arousal,dummy_mean,0.6375,0.6237044714243453,0.013795528575654692,{}
621,2,arousal,dummy_mean,0.3625,0.6237044714243453,0.2612044714243453,{}
622,2,arousal,dummy_mean,0.8125,0.6237044714243453,0.18879552857565474,{}
625,2,arousal,dummy_mean,0.75,0.6237044714243453,0.12629552857565474,{}
628,2,arousal,dummy_mean,0.6125,0.6237044714243453,0.01120447142434522,{}
630,2,arousal,dummy_mean,0.65,0.6237044714243453,0.02629552857565476,{}
643,2,arousal,dummy_mean,0.55,0.6237044714243453,0.07370447142434522,{}
645,2,arousal,dummy_mean,0.6,0.6237044714243453,0.023704471424345286,{}
647,2,arousal,dummy_mean,0.5625,0.6237044714243453,0.061204471424345264,{}
656,2,arousal,dummy_mean,0.4875,0.6237044714243453,0.13620447142434527,{}
665,2,arousal,dummy_mean,0.75,0.6237044714243453,0.12629552857565474,{}
676,2,arousal,dummy_mean,0.55,0.6237044714243453,0.07370447142434522,{}
681,2,arousal,dummy_mean,0.8,0.6237044714243453,0.17629552857565478,{}
682,2,arousal,dummy_mean,0.775,0.6237044714243453,0.15129552857565476,{}
697,2,arousal,dummy_mean,0.7,0.6237044714243453,0.07629552857565469,{}
705,2,arousal,dummy_mean,0.1875,0.6237044714243453,0.43620447142434526,{}
711,2,arousal,dummy_mean,0.525,0.6237044714243453,0.09870447142434524,{}
717,2,arousal,dummy_mean,0.5375,0.6237044714243453,0.08620447142434529,{}
728,2,arousal,dummy_mean,0.4375,0.6237044714243453,0.18620447142434526,{}
748,2,arousal,dummy_mean,0.3625,0.6237044714243453,0.2612044714243453,{}
755,2,arousal,dummy_mean,0.5125,0.6237044714243453,0.11120447142434531,{}
759,2,arousal,dummy_mean,0.7375,0.6237044714243453,0.11379552857565478,{}
761,2,arousal,dummy_mean,0.775,0.6237044714243453,0.15129552857565476,{}
765,2,arousal,dummy_mean,0.8,0.6237044714243453,0.17629552857565478,{}
767,2,arousal,dummy_mean,0.475,0.6237044714243453,0.14870447142434529,{}
777,2,arousal,dummy_mean,0.525,0.6237044714243453,0.09870447142434524,{}
804,2,arousal,dummy_mean,0.675,0.6237044714243453,0.05129552857565478,{}
814,2,arousal,dummy_mean,0.7125,0.6237044714243453,0.08879552857565476,{}
823,2,arousal,dummy_mean,0.675,0.6237044714243453,0.05129552857565478,{}
844,2,arousal,dummy_mean,0.7875,0.6237044714243453,0.16379552857565471,{}
846,2,arousal,dummy_mean,0.925,0.6237044714243453,0.3012955285756548,{}
855,2,arousal,dummy_mean,0.875,0.6237044714243453,0.25129552857565474,{}
882,2,arousal,dummy_mean,0.85,0.6237044714243453,0.22629552857565471,{}
884,2,arousal,dummy_mean,0.7125,0.6237044714243453,0.08879552857565476,{}
889,2,arousal,dummy_mean,0.8375,0.6237044714243453,0.21379552857565476,{}
894,2,arousal,dummy_mean,0.375,0.6237044714243453,0.24870447142434526,{}
900,2,arousal,dummy_mean,0.65,0.6237044714243453,0.02629552857565476,{}
907,2,arousal,dummy_mean,0.5,0.6237044714243453,0.12370447142434526,{}
915,2,arousal,dummy_mean,0.6875,0.6237044714243453,0.06379552857565474,{}
916,2,arousal,dummy_mean,0.2125,0.6237044714243453,0.41120447142434524,{}
922,2,arousal,dummy_mean,0.7625,0.6237044714243453,0.1387955285756547,{}
931,2,arousal,dummy_mean,0.4375,0.6237044714243453,0.18620447142434526,{}
934,2,arousal,dummy_mean,0.4875,0.6237044714243453,0.13620447142434527,{}
936,2,arousal,dummy_mean,0.4125,0.6237044714243453,0.21120447142434529,{}
951,2,arousal,dummy_mean,0.625,0.6237044714243453,0.0012955285756547363,{}
967,2,arousal,dummy_mean,0.675,0.6237044714243453,0.05129552857565478,{}
973,2,arousal,dummy_mean,0.575,0.6237044714243453,0.04870447142434531,{}
979,2,arousal,dummy_mean,0.3625,0.6237044714243453,0.2612044714243453,{}
985,2,arousal,dummy_mean,0.75,0.6237044714243453,0.12629552857565474,{}
992,2,arousal,dummy_mean,0.4625,0.6237044714243453,0.16120447142434524,{}
993,2,arousal,dummy_mean,0.8625,0.6237044714243453,0.23879552857565478,{}
997,2,arousal,dummy_mean,0.7125,0.6237044714243453,0.08879552857565476,{}
999,2,arousal,dummy_mean,0.875,0.6237044714243453,0.25129552857565474,{}
7,3,arousal,dummy_mean,0.7,0.6270191738229234,0.07298082617707657,{}
13,3,arousal,dummy_mean,0.825,0.6270191738229234,0.19798082617707657,{}
14,3,arousal,dummy_mean,0.5625,0.6270191738229234,0.06451917382292338,{}
17,3,arousal,dummy_mean,0.825,0.6270191738229234,0.19798082617707657,{}
31,3,arousal,dummy_mean,0.625,0.6270191738229234,0.0020191738229233813,{}
57,3,arousal,dummy_mean,0.525,0.6270191738229234,0.10201917382292336,{}
76,3,arousal,dummy_mean,0.6375,0.6270191738229234,0.010480826177076574,{}
79,3,arousal,dummy_mean,0.925,0.6270191738229234,0.29798082617707666,{}
83,3,arousal,dummy_mean,0.775,0.6270191738229234,0.14798082617707664,{}
98,3,arousal,dummy_mean,0.7375,0.6270191738229234,0.11048082617707666,{}
105,3,arousal,dummy_mean,0.275,0.6270191738229234,0.35201917382292336,{}
114,3,arousal,dummy_mean,0.7375,0.6270191738229234,0.11048082617707666,{}
115,3,arousal,dummy_mean,0.8,0.6270191738229234,0.17298082617707666,{}
132,3,arousal,dummy_mean,0.85,0.6270191738229234,0.2229808261770766,{}
135,3,arousal,dummy_mean,0.7375,0.6270191738229234,0.11048082617707666,{}
138,3,arousal,dummy_mean,0.6625,0.6270191738229234,0.035480826177076596,{}
148,3,arousal,dummy_mean,0.4,0.6270191738229234,0.22701917382292336,{}
150,3,arousal,dummy_mean,0.7375,0.6270191738229234,0.11048082617707666,{}
151,3,arousal,dummy_mean,0.325,0.6270191738229234,0.30201917382292337,{}
158,3,arousal,dummy_mean,0.725,0.6270191738229234,0.0979808261770766,{}
168,3,arousal,dummy_mean,0.7125,0.6270191738229234,0.08548082617707664,{}
169,3,arousal,dummy_mean,0.675,0.6270191738229234,0.04798082617707666,{}
175,3,arousal,dummy_mean,0.475,0.6270191738229234,0.1520191738229234,{}
203,3,arousal,dummy_mean,0.775,0.6270191738229234,0.14798082617707664,{}
209,3,arousal,dummy_mean,0.6875,0.6270191738229234,0.06048082617707662,{}
212,3,arousal,dummy_mean,0.6625,0.6270191738229234,0.035480826177076596,{}
213,3,arousal,dummy_mean,0.5625,0.6270191738229234,0.06451917382292338,{}
216,3,arousal,dummy_mean,0.65,0.6270191738229234,0.02298082617707664,{}
221,3,arousal,dummy_mean,0.8125,0.6270191738229234,0.18548082617707662,{}
224,3,arousal,dummy_mean,0.5875,0.6270191738229234,0.03951917382292336,{}
225,3,arousal,dummy_mean,0.4125,0.6270191738229234,0.2145191738229234,{}
227,3,arousal,dummy_mean,0.475,0.6270191738229234,0.1520191738229234,{}
232,3,arousal,dummy_mean,0.4125,0.6270191738229234,0.2145191738229234,{}
241,3,arousal,dummy_mean,0.525,0.6270191738229234,0.10201917382292336,{}
282,3,arousal,dummy_mean,0.5375,0.6270191738229234,0.0895191738229234,{}
287,3,arousal,dummy_mean,0.5,0.6270191738229234,0.12701917382292338,{}
293,3,arousal,dummy_mean,0.6375,0.6270191738229234,0.010480826177076574,{}
297,3,arousal,dummy_mean,0.675,0.6270191738229234,0.04798082617707666,{}
302,3,arousal,dummy_mean,0.5,0.6270191738229234,0.12701917382292338,{}
305,3,arousal,dummy_mean,0.9375,0.6270191738229234,0.3104808261770766,{}
313,3,arousal,dummy_mean,0.5375,0.6270191738229234,0.0895191738229234,{}
325,3,arousal,dummy_mean,0.4875,0.6270191738229234,0.1395191738229234,{}
336,3,arousal,dummy_mean,0.75,0.6270191738229234,0.12298082617707662,{}
351,3,arousal,dummy_mean,0.275,0.6270191738229234,0.35201917382292336,{}
360,3,arousal,dummy_mean,0.5875,0.6270191738229234,0.03951917382292336,{}
364,3,arousal,dummy_mean,0.375,0.6270191738229234,0.2520191738229234,{}
366,3,arousal,dummy_mean,0.2625,0.6270191738229234,0.36451917382292337,{}
382,3,arousal,dummy_mean,0.886363636364,0.6270191738229234,0.25934446254107657,{}
394,3,arousal,dummy_mean,0.75,0.6270191738229234,0.12298082617707662,{}
398,3,arousal,dummy_mean,0.4375,0.6270191738229234,0.18951917382292338,{}
401,3,arousal,dummy_mean,0.35,0.6270191738229234,0.2770191738229234,{}
402,3,arousal,dummy_mean,0.85,0.6270191738229234,0.2229808261770766,{}
410,3,arousal,dummy_mean,0.7,0.6270191738229234,0.07298082617707657,{}
417,3,arousal,dummy_mean,0.8625,0.6270191738229234,0.23548082617707666,{}
421,3,arousal,dummy_mean,0.85,0.6270191738229234,0.2229808261770766,{}
424,3,arousal,dummy_mean,0.55,0.6270191738229234,0.07701917382292334,{}
429,3,arousal,dummy_mean,0.225,0.6270191738229234,0.4020191738229234,{}
431,3,arousal,dummy_mean,0.525,0.6270191738229234,0.10201917382292336,{}
437,3,arousal,dummy_mean,0.1875,0.6270191738229234,0.4395191738229234,{}
440,3,arousal,dummy_mean,0.3,0.6270191738229234,0.3270191738229234,{}
445,3,arousal,dummy_mean,0.5875,0.6270191738229234,0.03951917382292336,{}
446,3,arousal,dummy_mean,0.425,0.6270191738229234,0.2020191738229234,{}
447,3,arousal,dummy_mean,0.5875,0.6270191738229234,0.03951917382292336,{}
448,3,arousal,dummy_mean,0.775,0.6270191738229234,0.14798082617707664,{}
450,3,arousal,dummy_mean,0.75,0.6270191738229234,0.12298082617707662,{}
451,3,arousal,dummy_mean,0.9,0.6270191738229234,0.27298082617707664,{}
456,3,arousal,dummy_mean,0.7,0.6270191738229234,0.07298082617707657,{}
482,3,arousal,dummy_mean,0.556818181818,0.6270191738229234,0.07020099200492336,{}
485,3,arousal,dummy_mean,0.7125,0.6270191738229234,0.08548082617707664,{}
488,3,arousal,dummy_mean,0.6625,0.6270191738229234,0.035480826177076596,{}
494,3,arousal,dummy_mean,0.8,0.6270191738229234,0.17298082617707666,{}
510,3,arousal,dummy_mean,0.7125,0.6270191738229234,0.08548082617707664,{}
511,3,arousal,dummy_mean,0.6875,0.6270191738229234,0.06048082617707662,{}
520,3,arousal,dummy_mean,0.6625,0.6270191738229234,0.035480826177076596,{}
523,3,arousal,dummy_mean,0.3375,0.6270191738229234,0.28951917382292336,{}
565,3,arousal,dummy_mean,0.725,0.6270191738229234,0.0979808261770766,{}
568,3,arousal,dummy_mean,0.975,0.6270191738229234,0.3479808261770766,{}
579,3,arousal,dummy_mean,0.2625,0.6270191738229234,0.36451917382292337,{}
583,3,arousal,dummy_mean,0.5125,0.6270191738229234,0.11451917382292343,{}
585,3,arousal,dummy_mean,0.525,0.6270191738229234,0.10201917382292336,{}
587,3,arousal,dummy_mean,0.3875,0.6270191738229234,0.23951917382292337,{}
590,3,arousal,dummy_mean,0.4625,0.6270191738229234,0.16451917382292336,{}
597,3,arousal,dummy_mean,0.8,0.6270191738229234,0.17298082617707666,{}
605,3,arousal,dummy_mean,0.9375,0.6270191738229234,0.3104808261770766,{}
609,3,arousal,dummy_mean,0.4375,0.6270191738229234,0.18951917382292338,{}
612,3,arousal,dummy_mean,0.4625,0.6270191738229234,0.16451917382292336,{}
624,3,arousal,dummy_mean,0.575,0.6270191738229234,0.052019173822923426,{}
626,3,arousal,dummy_mean,0.9375,0.6270191738229234,0.3104808261770766,{}
627,3,arousal,dummy_mean,0.6125,0.6270191738229234,0.014519173822923337,{}
631,3,arousal,dummy_mean,0.55,0.6270191738229234,0.07701917382292334,{}
636,3,arousal,dummy_mean,0.7625,0.6270191738229234,0.13548082617707657,{}
653,3,arousal,dummy_mean,0.575,0.6270191738229234,0.052019173822923426,{}
654,3,arousal,dummy_mean,0.8875,0.6270191738229234,0.2604808261770766,{}
660,3,arousal,dummy_mean,0.8375,0.6270191738229234,0.21048082617707664,{}
668,3,arousal,dummy_mean,0.725,0.6270191738229234,0.0979808261770766,{}
670,3,arousal,dummy_mean,0.35,0.6270191738229234,0.2770191738229234,{}
672,3,arousal,dummy_mean,0.55,0.6270191738229234,0.07701917382292334,{}
677,3,arousal,dummy_mean,0.5625,0.6270191738229234,0.06451917382292338,{}
679,3,arousal,dummy_mean,0.7,0.6270191738229234,0.07298082617707657,{}
688,3,arousal,dummy_mean,0.4625,0.6270191738229234,0.16451917382292336,{}
689,3,arousal,dummy_mean,0.425,0.6270191738229234,0.2020191738229234,{}
700,3,arousal,dummy_mean,0.35,0.6270191738229234,0.2770191738229234,{}
704,3,arousal,dummy_mean,0.625,0.6270191738229234,0.0020191738229233813,{}
706,3,arousal,dummy_mean,0.4,0.6270191738229234,0.22701917382292336,{}
713,3,arousal,dummy_mean,0.6875,0.6270191738229234,0.06048082617707662,{}
715,3,arousal,dummy_mean,0.325,0.6270191738229234,0.30201917382292337,{}
727,3,arousal,dummy_mean,0.55,0.6270191738229234,0.07701917382292334,{}
732,3,arousal,dummy_mean,0.6375,0.6270191738229234,0.010480826177076574,{}
733,3,arousal,dummy_mean,0.5,0.6270191738229234,0.12701917382292338,{}
736,3,arousal,dummy_mean,0.4875,0.6270191738229234,0.1395191738229234,{}
741,3,arousal,dummy_mean,0.475,0.6270191738229234,0.1520191738229234,{}
745,3,arousal,dummy_mean,0.75,0.6270191738229234,0.12298082617707662,{}
747,3,arousal,dummy_mean,0.8,0.6270191738229234,0.17298082617707666,{}
752,3,arousal,dummy_mean,0.8375,0.6270191738229234,0.21048082617707664,{}
753,3,arousal,dummy_mean,0.7625,0.6270191738229234,0.13548082617707657,{}
754,3,arousal,dummy_mean,0.65,0.6270191738229234,0.02298082617707664,{}
770,3,arousal,dummy_mean,0.5625,0.6270191738229234,0.06451917382292338,{}
779,3,arousal,dummy_mean,0.75,0.6270191738229234,0.12298082617707662,{}
783,3,arousal,dummy_mean,0.475,0.6270191738229234,0.1520191738229234,{}
790,3,arousal,dummy_mean,0.6875,0.6270191738229234,0.06048082617707662,{}
792,3,arousal,dummy_mean,0.85,0.6270191738229234,0.2229808261770766,{}
793,3,arousal,dummy_mean,0.7125,0.6270191738229234,0.08548082617707664,{}
803,3,arousal,dummy_mean,0.6875,0.6270191738229234,0.06048082617707662,{}
807,3,arousal,dummy_mean,0.3375,0.6270191738229234,0.28951917382292336,{}
808,3,arousal,dummy_mean,0.325,0.6270191738229234,0.30201917382292337,{}
816,3,arousal,dummy_mean,0.3,0.6270191738229234,0.3270191738229234,{}
829,3,arousal,dummy_mean,0.8,0.6270191738229234,0.17298082617707666,{}
831,3,arousal,dummy_mean,0.8375,0.6270191738229234,0.21048082617707664,{}
839,3,arousal,dummy_mean,0.75,0.6270191738229234,0.12298082617707662,{}
850,3,arousal,dummy_mean,0.775,0.6270191738229234,0.14798082617707664,{}
851,3,arousal,dummy_mean,0.4625,0.6270191738229234,0.16451917382292336,{}
857,3,arousal,dummy_mean,0.675,0.6270191738229234,0.04798082617707666,{}
863,3,arousal,dummy_mean,0.575,0.6270191738229234,0.052019173822923426,{}
864,3,arousal,dummy_mean,0.488636363636,0.6270191738229234,0.1383828101869234,{}
871,3,arousal,dummy_mean,0.75,0.6270191738229234,0.12298082617707662,{}
886,3,arousal,dummy_mean,0.525,0.6270191738229234,0.10201917382292336,{}
888,3,arousal,dummy_mean,0.675,0.6270191738229234,0.04798082617707666,{}
897,3,arousal,dummy_mean,0.3875,0.6270191738229234,0.23951917382292337,{}
904,3,arousal,dummy_mean,0.7,0.6270191738229234,0.07298082617707657,{}
905,3,arousal,dummy_mean,0.475,0.6270191738229234,0.1520191738229234,{}
911,3,arousal,dummy_mean,0.525,0.6270191738229234,0.10201917382292336,{}
919,3,arousal,dummy_mean,0.6,0.6270191738229234,0.027019173822923404,{}
926,3,arousal,dummy_mean,0.25,0.6270191738229234,0.3770191738229234,{}
937,3,arousal,dummy_mean,0.6,0.6270191738229234,0.027019173822923404,{}
941,3,arousal,dummy_mean,0.125,0.6270191738229234,0.5020191738229234,{}
943,3,arousal,dummy_mean,0.625,0.6270191738229234,0.0020191738229233813,{}
945,3,arousal,dummy_mean,0.675,0.6270191738229234,0.04798082617707666,{}
953,3,arousal,dummy_mean,0.3375,0.6270191738229234,0.28951917382292336,{}
964,3,arousal,dummy_mean,0.5375,0.6270191738229234,0.0895191738229234,{}
968,3,arousal,dummy_mean,0.4875,0.6270191738229234,0.1395191738229234,{}
971,3,arousal,dummy_mean,0.5875,0.6270191738229234,0.03951917382292336,{}
974,3,arousal,dummy_mean,0.625,0.6270191738229234,0.0020191738229233813,{}
983,3,arousal,dummy_mean,0.775,0.6270191738229234,0.14798082617707664,{}
21,4,arousal,dummy_mean,0.8625,0.6213132958246972,0.24118670417530286,{}
25,4,arousal,dummy_mean,0.761363636364,0.6213132958246972,0.14005034053930276,{}
26,4,arousal,dummy_mean,0.825,0.6213132958246972,0.20368670417530277,{}
29,4,arousal,dummy_mean,0.7,0.6213132958246972,0.07868670417530277,{}
32,4,arousal,dummy_mean,0.575,0.6213132958246972,0.04631329582469723,{}
34,4,arousal,dummy_mean,0.6875,0.6213132958246972,0.06618670417530281,{}
35,4,arousal,dummy_mean,0.3375,0.6213132958246972,0.28381329582469716,{}
40,4,arousal,dummy_mean,0.375,0.6213132958246972,0.2463132958246972,{}
42,4,arousal,dummy_mean,0.7625,0.6213132958246972,0.14118670417530277,{}
48,4,arousal,dummy_mean,0.725,0.6213132958246972,0.10368670417530279,{}
54,4,arousal,dummy_mean,0.875,0.6213132958246972,0.2536867041753028,{}
58,4,arousal,dummy_mean,0.2625,0.6213132958246972,0.3588132958246972,{}
59,4,arousal,dummy_mean,0.6,0.6213132958246972,0.02131329582469721,{}
60,4,arousal,dummy_mean,0.420454545455,0.6213132958246972,0.2008587503696972,{}
71,4,arousal,dummy_mean,0.7625,0.6213132958246972,0.14118670417530277,{}
80,4,arousal,dummy_mean,0.725,0.6213132958246972,0.10368670417530279,{}
81,4,arousal,dummy_mean,0.6125,0.6213132958246972,0.008813295824697143,{}
84,4,arousal,dummy_mean,0.5,0.6213132958246972,0.12131329582469719,{}
86,4,arousal,dummy_mean,0.7,0.6213132958246972,0.07868670417530277,{}
89,4,arousal,dummy_mean,0.6875,0.6213132958246972,0.06618670417530281,{}
91,4,arousal,dummy_mean,0.8625,0.6213132958246972,0.24118670417530286,{}
93,4,arousal,dummy_mean,0.6125,0.6213132958246972,0.008813295824697143,{}
96,4,arousal,dummy_mean,0.875,0.6213132958246972,0.2536867041753028,{}
103,4,arousal,dummy_mean,0.5875,0.6213132958246972,0.033813295824697165,{}
107,4,arousal,dummy_mean,0.6,0.6213132958246972,0.02131329582469721,{}
116,4,arousal,dummy_mean,0.9,0.6213132958246972,0.27868670417530284,{}
119,4,arousal,dummy_mean,0.4875,0.6213132958246972,0.1338132958246972,{}
120,4,arousal,dummy_mean,0.7625,0.6213132958246972,0.14118670417530277,{}
140,4,arousal,dummy_mean,0.5625,0.6213132958246972,0.05881329582469719,{}
144,4,arousal,dummy_mean,0.8625,0.6213132958246972,0.24118670417530286,{}
145,4,arousal,dummy_mean,0.7625,0.6213132958246972,0.14118670417530277,{}
159,4,arousal,dummy_mean,0.875,0.6213132958246972,0.2536867041753028,{}
167,4,arousal,dummy_mean,0.8875,0.6213132958246972,0.26618670417530277,{}
171,4,arousal,dummy_mean,0.85,0.6213132958246972,0.2286867041753028,{}
188,4,arousal,dummy_mean,0.3125,0.6213132958246972,0.3088132958246972,{}
201,4,arousal,dummy_mean,0.625,0.6213132958246972,0.003686704175302813,{}
215,4,arousal,dummy_mean,0.525,0.6213132958246972,0.09631329582469716,{}
229,4,arousal,dummy_mean,0.45,0.6213132958246972,0.17131329582469718,{}
235,4,arousal,dummy_mean,0.45,0.6213132958246972,0.17131329582469718,{}
258,4,arousal,dummy_mean,0.675,0.6213132958246972,0.05368670417530286,{}
260,4,arousal,dummy_mean,0.4625,0.6213132958246972,0.15881329582469716,{}
276,4,arousal,dummy_mean,0.65,0.6213132958246972,0.028686704175302835,{}
284,4,arousal,dummy_mean,0.4625,0.6213132958246972,0.15881329582469716,{}
285,4,arousal,dummy_mean,0.5125,0.6213132958246972,0.10881329582469723,{}
300,4,arousal,dummy_mean,0.55,0.6213132958246972,0.07131329582469714,{}
303,4,arousal,dummy_mean,0.7375,0.6213132958246972,0.11618670417530286,{}
316,4,arousal,dummy_mean,0.8875,0.6213132958246972,0.26618670417530277,{}
321,4,arousal,dummy_mean,0.6875,0.6213132958246972,0.06618670417530281,{}
326,4,arousal,dummy_mean,0.6875,0.6213132958246972,0.06618670417530281,{}
331,4,arousal,dummy_mean,0.85,0.6213132958246972,0.2286867041753028,{}
337,4,arousal,dummy_mean,0.675,0.6213132958246972,0.05368670417530286,{}
339,4,arousal,dummy_mean,0.725,0.6213132958246972,0.10368670417530279,{}
348,4,arousal,dummy_mean,0.4625,0.6213132958246972,0.15881329582469716,{}
350,4,arousal,dummy_mean,0.2625,0.6213132958246972,0.3588132958246972,{}
354,4,arousal,dummy_mean,0.35,0.6213132958246972,0.2713132958246972,{}
355,4,arousal,dummy_mean,0.45,0.6213132958246972,0.17131329582469718,{}
358,4,arousal,dummy_mean,0.3875,0.6213132958246972,0.23381329582469718,{}
383,4,arousal,dummy_mean,0.5,0.6213132958246972,0.12131329582469719,{}
388,4,arousal,dummy_mean,0.575,0.6213132958246972,0.04631329582469723,{}
389,4,arousal,dummy_mean,0.225,0.6213132958246972,0.3963132958246972,{}
393,4,arousal,dummy_mean,0.5375,0.6213132958246972,0.08381329582469721,{}
395,4,arousal,dummy_mean,0.7125,0.6213132958246972,0.09118670417530284,{}
396,4,arousal,dummy_mean,0.65,0.6213132958246972,0.028686704175302835,{}
409,4,arousal,dummy_mean,0.9125,0.6213132958246972,0.2911867041753028,{}
413,4,arousal,dummy_mean,0.575,0.6213132958246972,0.04631329582469723,{}
419,4,arousal,dummy_mean,0.0875,0.6213132958246972,0.5338132958246972,{}
423,4,arousal,dummy_mean,0.8875,0.6213132958246972,0.26618670417530277,{}
428,4,arousal,dummy_mean,0.4875,0.6213132958246972,0.1338132958246972,{}
433,4,arousal,dummy_mean,0.3625,0.6213132958246972,0.2588132958246972,{}
438,4,arousal,dummy_mean,0.3375,0.6213132958246972,0.28381329582469716,{}
439,4,arousal,dummy_mean,0.225,0.6213132958246972,0.3963132958246972,{}
444,4,arousal,dummy_mean,0.7375,0.6213132958246972,0.11618670417530286,{}
457,4,arousal,dummy_mean,0.6625,0.6213132958246972,0.04118670417530279,{}
458,4,arousal,dummy_mean,0.75,0.6213132958246972,0.1286867041753028,{}
460,4,arousal,dummy_mean,0.8,0.6213132958246972,0.17868670417530286,{}
468,4,arousal,dummy_mean,0.7625,0.6213132958246972,0.14118670417530277,{}
470,4,arousal,dummy_mean,0.7625,0.6213132958246972,0.14118670417530277,{}
476,4,arousal,dummy_mean,0.7,0.6213132958246972,0.07868670417530277,{}
477,4,arousal,dummy_mean,0.575,0.6213132958246972,0.04631329582469723,{}
481,4,arousal,dummy_mean,0.6875,0.6213132958246972,0.06618670417530281,{}
490,4,arousal,dummy_mean,0.825,0.6213132958246972,0.20368670417530277,{}
505,4,arousal,dummy_mean,0.65,0.6213132958246972,0.028686704175302835,{}
506,4,arousal,dummy_mean,0.275,0.6213132958246972,0.34631329582469716,{}
508,4,arousal,dummy_mean,0.3625,0.6213132958246972,0.2588132958246972,{}
514,4,arousal,dummy_mean,0.85,0.6213132958246972,0.2286867041753028,{}
518,4,arousal,dummy_mean,0.425,0.6213132958246972,0.1963132958246972,{}
524,4,arousal,dummy_mean,0.5125,0.6213132958246972,0.10881329582469723,{}
532,4,arousal,dummy_mean,0.5375,0.6213132958246972,0.08381329582469721,{}
534,4,arousal,dummy_mean,0.1625,0.6213132958246972,0.4588132958246972,{}
537,4,arousal,dummy_mean,0.7625,0.6213132958246972,0.14118670417530277,{}
539,4,arousal,dummy_mean,0.6125,0.6213132958246972,0.008813295824697143,{}
540,4,arousal,dummy_mean,0.5125,0.6213132958246972,0.10881329582469723,{}
541,4,arousal,dummy_mean,0.275,0.6213132958246972,0.34631329582469716,{}
561,4,arousal,dummy_mean,0.825,0.6213132958246972,0.20368670417530277,{}
563,4,arousal,dummy_mean,0.7375,0.6213132958246972,0.11618670417530286,{}
564,4,arousal,dummy_mean,0.9,0.6213132958246972,0.27868670417530284,{}
567,4,arousal,dummy_mean,0.875,0.6213132958246972,0.2536867041753028,{}
573,4,arousal,dummy_mean,0.7625,0.6213132958246972,0.14118670417530277,{}
575,4,arousal,dummy_mean,0.825,0.6213132958246972,0.20368670417530277,{}
584,4,arousal,dummy_mean,0.375,0.6213132958246972,0.2463132958246972,{}
594,4,arousal,dummy_mean,0.5125,0.6213132958246972,0.10881329582469723,{}
595,4,arousal,dummy_mean,0.3875,0.6213132958246972,0.23381329582469718,{}
600,4,arousal,dummy_mean,0.4125,0.6213132958246972,0.2088132958246972,{}
602,4,arousal,dummy_mean,0.6125,0.6213132958246972,0.008813295824697143,{}
603,4,arousal,dummy_mean,0.8125,0.6213132958246972,0.1911867041753028,{}
607,4,arousal,dummy_mean,0.7125,0.6213132958246972,0.09118670417530284,{}
611,4,arousal,dummy_mean,0.675,0.6213132958246972,0.05368670417530286,{}
613,4,arousal,dummy_mean,0.5875,0.6213132958246972,0.033813295824697165,{}
615,4,arousal,dummy_mean,0.7375,0.6213132958246972,0.11618670417530286,{}
616,4,arousal,dummy_mean,0.8625,0.6213132958246972,0.24118670417530286,{}
639,4,arousal,dummy_mean,0.775,0.6213132958246972,0.15368670417530284,{}
644,4,arousal,dummy_mean,0.7375,0.6213132958246972,0.11618670417530286,{}
650,4,arousal,dummy_mean,0.6375,0.6213132958246972,0.01618670417530277,{}
657,4,arousal,dummy_mean,0.6,0.6213132958246972,0.02131329582469721,{}
659,4,arousal,dummy_mean,0.3875,0.6213132958246972,0.23381329582469718,{}
674,4,arousal,dummy_mean,0.3875,0.6213132958246972,0.23381329582469718,{}
683,4,arousal,dummy_mean,0.2375,0.6213132958246972,0.3838132958246972,{}
693,4,arousal,dummy_mean,0.6,0.6213132958246972,0.02131329582469721,{}
703,4,arousal,dummy_mean,0.545454545455,0.6213132958246972,0.07585875036969714,{}
716,4,arousal,dummy_mean,0.5,0.6213132958246972,0.12131329582469719,{}
726,4,arousal,dummy_mean,0.7375,0.6213132958246972,0.11618670417530286,{}
734,4,arousal,dummy_mean,0.8375,0.6213132958246972,0.21618670417530284,{}
740,4,arousal,dummy_mean,0.7954545454549999,0.6213132958246972,0.17414124963030275,{}
744,4,arousal,dummy_mean,0.8125,0.6213132958246972,0.1911867041753028,{}
760,4,arousal,dummy_mean,0.7875,0.6213132958246972,0.1661867041753028,{}
771,4,arousal,dummy_mean,0.425,0.6213132958246972,0.1963132958246972,{}
774,4,arousal,dummy_mean,0.6375,0.6213132958246972,0.01618670417530277,{}
775,4,arousal,dummy_mean,0.3375,0.6213132958246972,0.28381329582469716,{}
778,4,arousal,dummy_mean,0.9125,0.6213132958246972,0.2911867041753028,{}
786,4,arousal,dummy_mean,0.725,0.6213132958246972,0.10368670417530279,{}
794,4,arousal,dummy_mean,0.575,0.6213132958246972,0.04631329582469723,{}
798,4,arousal,dummy_mean,0.7375,0.6213132958246972,0.11618670417530286,{}
799,4,arousal,dummy_mean,0.7625,0.6213132958246972,0.14118670417530277,{}
806,4,arousal,dummy_mean,0.6125,0.6213132958246972,0.008813295824697143,{}
815,4,arousal,dummy_mean,0.2875,0.6213132958246972,0.3338132958246972,{}
824,4,arousal,dummy_mean,0.8625,0.6213132958246972,0.24118670417530286,{}
827,4,arousal,dummy_mean,0.6,0.6213132958246972,0.02131329582469721,{}
830,4,arousal,dummy_mean,0.775,0.6213132958246972,0.15368670417530284,{}
832,4,arousal,dummy_mean,0.85,0.6213132958246972,0.2286867041753028,{}
848,4,arousal,dummy_mean,0.7125,0.6213132958246972,0.09118670417530284,{}
861,4,arousal,dummy_mean,0.7625,0.6213132958246972,0.14118670417530277,{}
868,4,arousal,dummy_mean,0.7,0.6213132958246972,0.07868670417530277,{}
913,4,arousal,dummy_mean,0.35,0.6213132958246972,0.2713132958246972,{}
927,4,arousal,dummy_mean,0.5625,0.6213132958246972,0.05881329582469719,{}
932,4,arousal,dummy_mean,0.7,0.6213132958246972,0.07868670417530277,{}
933,4,arousal,dummy_mean,0.8125,0.6213132958246972,0.1911867041753028,{}
950,4,arousal,dummy_mean,0.7,0.6213132958246972,0.07868670417530277,{}
958,4,arousal,dummy_mean,0.825,0.6213132958246972,0.20368670417530277,{}
959,4,arousal,dummy_mean,0.8,0.6213132958246972,0.17868670417530286,{}
962,4,arousal,dummy_mean,0.6375,0.6213132958246972,0.01618670417530277,{}
969,4,arousal,dummy_mean,0.5125,0.6213132958246972,0.10881329582469723,{}
970,4,arousal,dummy_mean,0.7,0.6213132958246972,0.07868670417530277,{}
980,4,arousal,dummy_mean,0.6375,0.6213132958246972,0.01618670417530277,{}
5,0,arousal,elastic_net,0.15,0.29940780747408124,0.14940780747408125,"{""model__alpha"": 0.01, ""model__l1_ratio"": 0.1}"
9,0,arousal,elastic_net,0.45,0.6547313958585309,0.2047313958585309,"{""model__alpha"": 0.01, ""model__l1_ratio"": 0.1}"
12,0,arousal,elastic_net,0.6875,0.5983688220555652,0.08913117794443481,"{""model__alpha"": 0.01, ""model__l1_ratio"": 0.1}"
18,0,arousal,elastic_net,0.8,0.6755921330110009,0.1244078669889992,"{""model__alpha"": 0.01, ""model__l1_ratio"": 0.1}"
20,0,arousal,elastic_net,0.55,0.4195214099010166,0.13047859009898344,"{""model__alpha"": 0.01, ""model__l1_ratio"": 0.1}"
23,0,arousal,elastic_net,0.625,0.7123522529091362,0.08735225290913617,"{""model__alpha"": 0.01, ""model__l1_ratio"": 0.1}"
30,0,arousal,elastic_net,0.6125,0.7169724367117917,0.10447243671179163,"{""model__alpha"": 0.01, ""model__l1_ratio"": 0.1}"
33,0,arousal,elastic_net,0.6375,0.5781679601392429,0.05933203986075708,"{""model__alpha"": 0.01, ""model__l1_ratio"": 0.1}"
37,0,arousal,elastic_net,0.8,0.73281009927482,0.06718990072518005,"{""model__alpha"": 0.01, ""model__l1_ratio"": 0.1}"
38,0,arousal,elastic_net,0.8875,0.8613104693956642,0.02618953060433571,"{""model__alpha"": 0.01, ""model__l1_ratio"": 0.1}"
49,0,arousal,elastic_net,0.7875,0.7602751766082744,0.027224823391725606,"{""model__alpha"": 0.01, ""model__l1_ratio"": 0.1}"
63,0,arousal,elastic_net,0.375,0.46301696569087697,0.08801696569087697,"{""model__alpha"": 0.01, ""model__l1_ratio"": 0.1}"
65,0,arousal,elastic_net,0.5875,0.5046653480913523,0.0828346519086477,"{""model__alpha"": 0.01, ""model__l1_ratio"": 0.1}"
69,0,arousal,elastic_net,0.7125,0.7176053069615863,0.005105306961586287,"{""model__alpha"": 0.01, ""model__l1_ratio"": 0.1}"
70,0,arousal,elastic_net,0.575,0.6002221967184461,0.025222196718446166,"{""model__alpha"": 0.01, ""model__l1_ratio"": 0.1}"
75,0,arousal,elastic_net,0.9625,0.8839015076872941,0.07859849231270588,"{""model__alpha"": 0.01, ""model__l1_ratio"": 0.1}"
87,0,arousal,elastic_net,0.6625,0.6744807390494363,0.011980739049436306,"{""model__alpha"": 0.01, ""model__l1_ratio"": 0.1}"
90,0,arousal,elastic_net,0.65,0.6766452699646842,0.026645269964684193,"{""model__alpha"": 0.01, ""model__l1_ratio"": 0.1}"
92,0,arousal,elastic_net,0.65,0.6766452699646842,0.026645269964684193,"{""model__alpha"": 0.01, ""model__l1_ratio"": 0.1}"
100,0,arousal,elastic_net,0.175,0.3136546348318213,0.13865463483182133,"{""model__alpha"": 0.01, ""model__l1_ratio"": 0.1}"
113,0,arousal,elastic_net,0.75,0.7049913925370509,0.0450086074629491,"{""model__alpha"": 0.01, ""model__l1_ratio"": 0.1}"
124,0,arousal,elastic_net,0.9,0.8731372788951174,0.026862721104882636,"{""model__alpha"": 0.01, ""model__l1_ratio"": 0.1}"
126,0,arousal,elastic_net,0.7,0.5975319421167448,0.10246805788325519,"{""model__alpha"": 0.01, ""model__l1_ratio"": 0.1}"
128,0,arousal,elastic_net,0.5125,0.41752167692520537,0.09497832307479459,"{""model__alpha"": 0.01, ""model__l1_ratio"": 0.1}"
136,0,arousal,elastic_net,0.625,0.5446903887944742,0.08030961120552582,"{""model__alpha"": 0.01, ""model__l1_ratio"": 0.1}"
141,0,arousal,elastic_net,0.5375,0.5268471838470491,0.010652816152950884,"{""model__alpha"": 0.01, ""model__l1_ratio"": 0.1}"
142,0,arousal,elastic_net,0.6,0.5772342279560664,0.022765772043933596,"{""model__alpha"": 0.01, ""model__l1_ratio"": 0.1}"
166,0,arousal,elastic_net,0.625,0.6460360326992582,0.021036032699258245,"{""model__alpha"": 0.01, ""model__l1_ratio"": 0.1}"
174,0,arousal,elastic_net,0.477272727273,0.5149491948540106,0.037676467581010564,"{""model__alpha"": 0.01, ""model__l1_ratio"": 0.1}"
176,0,arousal,elastic_net,0.7125,0.6728537331163531,0.03964626688364692,"{""model__alpha"": 0.01, ""model__l1_ratio"": 0.1}"
181,0,arousal,elastic_net,0.4875,0.43349963627697147,0.05400036372302852,"{""model__alpha"": 0.01, ""model__l1_ratio"": 0.1}"
184,0,arousal,elastic_net,0.825,0.8242449110624032,0.0007550889375967929,"{""model__alpha"": 0.01, ""model__l1_ratio"": 0.1}"
187,0,arousal,elastic_net,0.7,0.5940104226855485,0.10598957731445147,"{""model__alpha"": 0.01, ""model__l1_ratio"": 0.1}"
199,0,arousal,elastic_net,0.7875,0.7736915220662666,0.01380847793373341,"{""model__alpha"": 0.01, ""model__l1_ratio"": 0.1}"
200,0,arousal,elastic_net,0.7,0.5255385525865808,0.17446144741341918,"{""model__alpha"": 0.01, ""model__l1_ratio"": 0.1}"
202,0,arousal,elastic_net,0.85,0.7286735909210074,0.12132640907899261,"{""model__alpha"": 0.01, ""model__l1_ratio"": 0.1}"
210,0,arousal,elastic_net,0.8125,0.862192002726311,0.049692002726311024,"{""model__alpha"": 0.01, ""model__l1_ratio"": 0.1}"
217,0,arousal,elastic_net,0.6125,0.7138253849496603,0.10132538494966026,"{""model__alpha"": 0.01, ""model__l1_ratio"": 0.1}"
219,0,arousal,elastic_net,0.8375,0.6975431924072445,0.13995680759275553,"{""model__alpha"": 0.01, ""model__l1_ratio"": 0.1}"
231,0,arousal,elastic_net,0.5375,0.5066050794495255,0.03089492055047449,"{""model__alpha"": 0.01, ""model__l1_ratio"": 0.1}"
234,0,arousal,elastic_net,0.3875,0.47241935526392176,0.08491935526392175,"{""model__alpha"": 0.01, ""model__l1_ratio"": 0.1}"
239,0,arousal,elastic_net,0.625,0.5758890094088349,0.04911099059116508,"{""model__alpha"": 0.01, ""model__l1_ratio"": 0.1}"
242,0,arousal,elastic_net,0.625,0.5186801549258826,0.1063198450741174,"{""model__alpha"": 0.01, ""model__l1_ratio"": 0.1}"
251,0,arousal,elastic_net,0.431818181818,0.5966612032021572,0.16484302138415718,"{""model__alpha"": 0.01, ""model__l1_ratio"": 0.1}"
253,0,arousal,elastic_net,0.6125,0.4424819899883211,0.17001801001167893,"{""model__alpha"": 0.01, ""model__l1_ratio"": 0.1}"
263,0,arousal,elastic_net,0.4125,0.31907102057428094,0.09342897942571904,"{""model__alpha"": 0.01, ""model__l1_ratio"": 0.1}"
267,0,arousal,elastic_net,0.275,0.3295311349488661,0.05453113494886608,"{""model__alpha"": 0.01, ""model__l1_ratio"": 0.1}"
269,0,arousal,elastic_net,0.5875,0.42907826447684416,0.15842173552315586,"{""model__alpha"": 0.01, ""model__l1_ratio"": 0.1}"
273,0,arousal,elastic_net,0.3375,0.28279752942202,0.05470247057798,"{""model__alpha"": 0.01, ""model__l1_ratio"": 0.1}"
280,0,arousal,elastic_net,0.325,0.3300664699868191,0.005066469986819089,"{""model__alpha"": 0.01, ""model__l1_ratio"": 0.1}"
292,0,arousal,elastic_net,0.95,0.8201827028255961,0.12981729717440382,"{""model__alpha"": 0.01, ""model__l1_ratio"": 0.1}"
296,0,arousal,elastic_net,0.8125,0.761072460928393,0.05142753907160702,"{""model__alpha"": 0.01, ""model__l1_ratio"": 0.1}"
306,0,arousal,elastic_net,0.775,0.8042170942988138,0.029217094298813806,"{""model__alpha"": 0.01, ""model__l1_ratio"": 0.1}"
307,0,arousal,elastic_net,0.9,0.7152054580085598,0.1847945419914402,"{""model__alpha"": 0.01, ""model__l1_ratio"": 0.1}"
310,0,arousal,elastic_net,0.4,0.32859082791241256,0.07140917208758746,"{""model__alpha"": 0.01, ""model__l1_ratio"": 0.1}"
312,0,arousal,elastic_net,0.8375,0.8850741114518166,0.04757411145181656,"{""model__alpha"": 0.01, ""model__l1_ratio"": 0.1}"
318,0,arousal,elastic_net,0.725,0.8062065253037185,0.08120652530371852,"{""model__alpha"": 0.01, ""model__l1_ratio"": 0.1}"
323,0,arousal,elastic_net,0.8625,0.759752162163399,0.10274783783660102,"{""model__alpha"": 0.01, ""model__l1_ratio"": 0.1}"
329,0,arousal,elastic_net,0.9375,0.921128005356116,0.016371994643883947,"{""model__alpha"": 0.01, ""model__l1_ratio"": 0.1}"
332,0,arousal,elastic_net,0.7625,0.6812596527125466,0.08124034728745333,"{""model__alpha"": 0.01, ""model__l1_ratio"": 0.1}"
338,0,arousal,elastic_net,0.825,0.8368215244990629,0.01182152449906293,"{""model__alpha"": 0.01, ""model__l1_ratio"": 0.1}"
341,0,arousal,elastic_net,0.85,0.7129434470515494,0.13705655294845054,"{""model__alpha"": 0.01, ""model__l1_ratio"": 0.1}"
347,0,arousal,elastic_net,0.1875,0.3937629848097346,0.2062629848097346,"{""model__alpha"": 0.01, ""model__l1_ratio"": 0.1}"
353,0,arousal,elastic_net,0.525,0.4953314973592966,0.02966850264070342,"{""model__alpha"": 0.01, ""model__l1_ratio"": 0.1}"
375,0,arousal,elastic_net,0.7375,0.7152427174400839,0.022257282559916103,"{""model__alpha"": 0.01, ""model__l1_ratio"": 0.1}"
376,0,arousal,elastic_net,0.6,0.49352073406069386,0.10647926593930612,"{""model__alpha"": 0.01, ""model__l1_ratio"": 0.1}"
399,0,arousal,elastic_net,0.6125,0.5188629969081814,0.09363700309181866,"{""model__alpha"": 0.01, ""model__l1_ratio"": 0.1}"
411,0,arousal,elastic_net,0.175,0.3194445375534449,0.14444453755344488,"{""model__alpha"": 0.01, ""model__l1_ratio"": 0.1}"
418,0,arousal,elastic_net,0.425,0.3785987185541114,0.046401281445888565,"{""model__alpha"": 0.01, ""model__l1_ratio"": 0.1}"
420,0,arousal,elastic_net,0.775,0.7007463491381758,0.07425365086182423,"{""model__alpha"": 0.01, ""model__l1_ratio"": 0.1}"
432,0,arousal,elastic_net,0.375,0.1899376180565585,0.1850623819434415,"{""model__alpha"": 0.01, ""model__l1_ratio"": 0.1}"
434,0,arousal,elastic_net,0.5125,0.5483353490789284,0.03583534907892849,"{""model__alpha"": 0.01, ""model__l1_ratio"": 0.1}"
455,0,arousal,elastic_net,0.875,0.7191858335982136,0.15581416640178636,"{""model__alpha"": 0.01, ""model__l1_ratio"": 0.1}"
466,0,arousal,elastic_net,0.65,0.655508501993759,0.005508501993758963,"{""model__alpha"": 0.01, ""model__l1_ratio"": 0.1}"
478,0,arousal,elastic_net,0.65,0.6399706308551585,0.010029369144841538,"{""model__alpha"": 0.01, ""model__l1_ratio"": 0.1}"
484,0,arousal,elastic_net,0.675,0.5699607261270787,0.10503927387292133,"{""model__alpha"": 0.01, ""model__l1_ratio"": 0.1}"
486,0,arousal,elastic_net,0.375,0.4425657765552755,0.06756577655527551,"{""model__alpha"": 0.01, ""model__l1_ratio"": 0.1}"
489,0,arousal,elastic_net,0.909090909091,0.8343675016440015,0.07472340744699846,"{""model__alpha"": 0.01, ""model__l1_ratio"": 0.1}"
491,0,arousal,elastic_net,0.575,0.5549223612904788,0.020077638709521173,"{""model__alpha"": 0.01, ""model__l1_ratio"": 0.1}"
492,0,arousal,elastic_net,0.9,0.7476130030695366,0.15238699693046343,"{""model__alpha"": 0.01, ""model__l1_ratio"": 0.1}"
493,0,arousal,elastic_net,0.7375,0.7463107760442438,0.00881077604424374,"{""model__alpha"": 0.01, ""model__l1_ratio"": 0.1}"
499,0,arousal,elastic_net,0.8625,0.775502816398097,0.086997183601903,"{""model__alpha"": 0.01, ""model__l1_ratio"": 0.1}"
515,0,arousal,elastic_net,0.6125,0.649440480533879,0.036940480533878994,"{""model__alpha"": 0.01, ""model__l1_ratio"": 0.1}"
517,0,arousal,elastic_net,0.2625,0.42334214332582304,0.16084214332582303,"{""model__alpha"": 0.01, ""model__l1_ratio"": 0.1}"
519,0,arousal,elastic_net,0.35,0.3565717922019518,0.006571792201951809,"{""model__alpha"": 0.01, ""model__l1_ratio"": 0.1}"
522,0,arousal,elastic_net,0.5375,0.5313648435212593,0.006135156478740633,"{""model__alpha"": 0.01, ""model__l1_ratio"": 0.1}"
530,0,arousal,elastic_net,0.295454545455,0.4467689825434212,0.15131443708842118,"{""model__alpha"": 0.01, ""model__l1_ratio"": 0.1}"
542,0,arousal,elastic_net,0.7125,0.5562102298904247,0.15628977010957534,"{""model__alpha"": 0.01, ""model__l1_ratio"": 0.1}"
544,0,arousal,elastic_net,0.45,0.4772492038057006,0.02724920380570056,"{""model__alpha"": 0.01, ""model__l1_ratio"": 0.1}"
548,0,arousal,elastic_net,0.45,0.48366640026835556,0.033666400268355545,"{""model__alpha"": 0.01, ""model__l1_ratio"": 0.1}"
550,0,arousal,elastic_net,0.4375,0.5211243519778541,0.08362435197785412,"{""model__alpha"": 0.01, ""model__l1_ratio"": 0.1}"
555,0,arousal,elastic_net,0.7625,0.6784432440555275,0.08405675594447248,"{""model__alpha"": 0.01, ""model__l1_ratio"": 0.1}"
560,0,arousal,elastic_net,0.6625,0.6999151130190207,0.037415113019020674,"{""model__alpha"": 0.01, ""model__l1_ratio"": 0.1}"
569,0,arousal,elastic_net,0.7,0.7760241232503085,0.0760241232503085,"{""model__alpha"": 0.01, ""model__l1_ratio"": 0.1}"
571,0,arousal,elastic_net,0.6625,0.6420210048384976,0.020478995161502422,"{""model__alpha"": 0.01, ""model__l1_ratio"": 0.1}"
578,0,arousal,elastic_net,0.4625,0.46302830705606435,0.0005283070560643255,"{""model__alpha"": 0.01, ""model__l1_ratio"": 0.1}"
599,0,arousal,elastic_net,0.55,0.6580250550995335,0.10802505509953342,"{""model__alpha"": 0.01, ""model__l1_ratio"": 0.1}"
601,0,arousal,elastic_net,0.6875,0.5343217451268493,0.15317825487315073,"{""model__alpha"": 0.01, ""model__l1_ratio"": 0.1}"
629,0,arousal,elastic_net,0.7125,0.5879635525317737,0.12453644746822634,"{""model__alpha"": 0.01, ""model__l1_ratio"": 0.1}"
632,0,arousal,elastic_net,0.8625,0.7235933075598588,0.1389066924401412,"{""model__alpha"": 0.01, ""model__l1_ratio"": 0.1}"
638,0,arousal,elastic_net,0.775,0.822620336314317,0.04762033631431695,"{""model__alpha"": 0.01, ""model__l1_ratio"": 0.1}"
646,0,arousal,elastic_net,0.8625,0.8028655377471601,0.05963446225283997,"{""model__alpha"": 0.01, ""model__l1_ratio"": 0.1}"
649,0,arousal,elastic_net,0.4375,0.6841033808672493,0.2466033808672493,"{""model__alpha"": 0.01, ""model__l1_ratio"": 0.1}"
662,0,arousal,elastic_net,0.675,0.5650205273709944,0.10997947262900565,"{""model__alpha"": 0.01, ""model__l1_ratio"": 0.1}"
675,0,arousal,elastic_net,0.3125,0.3760558841490382,0.06355588414903818,"{""model__alpha"": 0.01, ""model__l1_ratio"": 0.1}"
684,0,arousal,elastic_net,0.375,0.6291910013963123,0.25419100139631234,"{""model__alpha"": 0.01, ""model__l1_ratio"": 0.1}"
685,0,arousal,elastic_net,0.625,0.7057722738327656,0.08077227383276564,"{""model__alpha"": 0.01, ""model__l1_ratio"": 0.1}"
686,0,arousal,elastic_net,0.6,0.5853024470104498,0.014697552989550222,"{""model__alpha"": 0.01, ""model__l1_ratio"": 0.1}"
698,0,arousal,elastic_net,0.3625,0.49277940232281525,0.13027940232281526,"{""model__alpha"": 0.01, ""model__l1_ratio"": 0.1}"
699,0,arousal,elastic_net,0.7125,0.6820991954279672,0.03040080457203287,"{""model__alpha"": 0.01, ""model__l1_ratio"": 0.1}"
707,0,arousal,elastic_net,0.3125,0.5234789967888985,0.21097899678889853,"{""model__alpha"": 0.01, ""model__l1_ratio"": 0.1}"
719,0,arousal,elastic_net,0.525,0.658856468288356,0.13385646828835596,"{""model__alpha"": 0.01, ""model__l1_ratio"": 0.1}"
720,0,arousal,elastic_net,0.7375,0.697489421336497,0.040010578663502994,"{""model__alpha"": 0.01, ""model__l1_ratio"": 0.1}"
729,0,arousal,elastic_net,0.525,0.48398026306196745,0.04101973693803257,"{""model__alpha"": 0.01, ""model__l1_ratio"": 0.1}"
742,0,arousal,elastic_net,0.725,0.6022024038327607,0.12279759616723929,"{""model__alpha"": 0.01, ""model__l1_ratio"": 0.1}"
743,0,arousal,elastic_net,0.85,0.7220100317042066,0.12798996829579334,"{""model__alpha"": 0.01, ""model__l1_ratio"": 0.1}"
746,0,arousal,elastic_net,0.6625,0.6333921211200937,0.02910787887990629,"{""model__alpha"": 0.01, ""model__l1_ratio"": 0.1}"
749,0,arousal,elastic_net,0.525,0.6009858423191241,0.07598584231912409,"{""model__alpha"": 0.01, ""model__l1_ratio"": 0.1}"
769,0,arousal,elastic_net,0.525,0.4476890245205899,0.07731097547941013,"{""model__alpha"": 0.01, ""model__l1_ratio"": 0.1}"
772,0,arousal,elastic_net,0.8375,0.7771729636454986,0.06032703635450143,"{""model__alpha"": 0.01, ""model__l1_ratio"": 0.1}"
776,0,arousal,elastic_net,0.6375,0.7498697456892416,0.11236974568924163,"{""model__alpha"": 0.01, ""model__l1_ratio"": 0.1}"
780,0,arousal,elastic_net,0.5125,0.5385601630767852,0.02606016307678527,"{""model__alpha"": 0.01, ""model__l1_ratio"": 0.1}"
784,0,arousal,elastic_net,0.45,0.4247912056702175,0.025208794329782513,"{""model__alpha"": 0.01, ""model__l1_ratio"": 0.1}"
788,0,arousal,elastic_net,0.6125,0.680087772934261,0.06758777293426099,"{""model__alpha"": 0.01, ""model__l1_ratio"": 0.1}"
789,0,arousal,elastic_net,0.35,0.01262309396997785,0.33737690603002213,"{""model__alpha"": 0.01, ""model__l1_ratio"": 0.1}"
791,0,arousal,elastic_net,0.7875,0.8278502097013628,0.04035020970136283,"{""model__alpha"": 0.01, ""model__l1_ratio"": 0.1}"
809,0,arousal,elastic_net,0.1875,0.16071230158172806,0.026787698418271944,"{""model__alpha"": 0.01, ""model__l1_ratio"": 0.1}"
810,0,arousal,elastic_net,0.4125,0.31973187152788896,0.09276812847211102,"{""model__alpha"": 0.01, ""model__l1_ratio"": 0.1}"
812,0,arousal,elastic_net,0.8,0.7524064283916143,0.04759357160838573,"{""model__alpha"": 0.01, ""model__l1_ratio"": 0.1}"
820,0,arousal,elastic_net,0.6625,0.6368779478038336,0.025622052196166423,"{""model__alpha"": 0.01, ""model__l1_ratio"": 0.1}"
821,0,arousal,elastic_net,0.7875,0.7815206873233084,0.005979312676691606,"{""model__alpha"": 0.01, ""model__l1_ratio"": 0.1}"
835,0,arousal,elastic_net,0.6625,0.7821697456243615,0.1196697456243615,"{""model__alpha"": 0.01, ""model__l1_ratio"": 0.1}"
842,0,arousal,elastic_net,0.6,0.570421834802612,0.029578165197387984,"{""model__alpha"": 0.01, ""model__l1_ratio"": 0.1}"
854,0,arousal,elastic_net,0.8375,0.7520000691863804,0.08549993081361962,"{""model__alpha"": 0.01, ""model__l1_ratio"": 0.1}"
858,0,arousal,elastic_net,0.625,0.7044702557711121,0.07947025577111211,"{""model__alpha"": 0.01, ""model__l1_ratio"": 0.1}"
865,0,arousal,elastic_net,0.8875,0.8055047206761654,0.08199527932383455,"{""model__alpha"": 0.01, ""model__l1_ratio"": 0.1}"
870,0,arousal,elastic_net,0.65,0.6456068915393246,0.004393108460675421,"{""model__alpha"": 0.01, ""model__l1_ratio"": 0.1}"
876,0,arousal,elastic_net,0.775,0.7188287789809815,0.0561712210190185,"{""model__alpha"": 0.01, ""model__l1_ratio"": 0.1}"
883,0,arousal,elastic_net,0.8625,0.8439576592914613,0.018542340708538774,"{""model__alpha"": 0.01, ""model__l1_ratio"": 0.1}"
890,0,arousal,elastic_net,0.7875,0.7370326966252075,0.05046730337479244,"{""model__alpha"": 0.01, ""model__l1_ratio"": 0.1}"
895,0,arousal,elastic_net,0.6375,0.6311218087934918,0.006378191206508177,"{""model__alpha"": 0.01, ""model__l1_ratio"": 0.1}"
903,0,arousal,elastic_net,0.7625,0.7647748000691871,0.0022748000691871217,"{""model__alpha"": 0.01, ""model__l1_ratio"": 0.1}"
906,0,arousal,elastic_net,0.325,0.41469228078357745,0.08969228078357744,"{""model__alpha"": 0.01, ""model__l1_ratio"": 0.1}"
917,0,arousal,elastic_net,0.7375,0.7520861057902226,0.01458610579022257,"{""model__alpha"": 0.01, ""model__l1_ratio"": 0.1}"
924,0,arousal,elastic_net,0.6125,0.5473403804386887,0.06515961956131133,"{""model__alpha"": 0.01, ""model__l1_ratio"": 0.1}"
938,0,arousal,elastic_net,0.725,0.8042676105043527,0.07926761050435271,"{""model__alpha"": 0.01, ""model__l1_ratio"": 0.1}"
939,0,arousal,elastic_net,0.725,0.7615272250782474,0.03652722507824746,"{""model__alpha"": 0.01, ""model__l1_ratio"": 0.1}"
940,0,arousal,elastic_net,0.625,0.44787004374781203,0.17712995625218797,"{""model__alpha"": 0.01, ""model__l1_ratio"": 0.1}"
946,0,arousal,elastic_net,0.425,0.5949114444026398,0.16991144440263978,"{""model__alpha"": 0.01, ""model__l1_ratio"": 0.1}"
952,0,arousal,elastic_net,0.525,0.6540633832029868,0.12906338320298683,"{""model__alpha"": 0.01, ""model__l1_ratio"": 0.1}"
965,0,arousal,elastic_net,0.5,0.537774029433179,0.03777402943317898,"{""model__alpha"": 0.01, ""model__l1_ratio"": 0.1}"
978,0,arousal,elastic_net,0.6875,0.6893838352343767,0.0018838352343767406,"{""model__alpha"": 0.01, ""model__l1_ratio"": 0.1}"
996,0,arousal,elastic_net,0.875,0.8156105238906998,0.05938947610930023,"{""model__alpha"": 0.01, ""model__l1_ratio"": 0.1}"
1000,0,arousal,elastic_net,0.6625,0.875133294620474,0.21263329462047398,"{""model__alpha"": 0.01, ""model__l1_ratio"": 0.1}"
1,1,arousal,elastic_net,0.4,0.5165087716304819,0.1165087716304819,"{""model__alpha"": 0.01, ""model__l1_ratio"": 0.1}"
4,1,arousal,elastic_net,0.2625,0.3880324370877527,0.1255324370877527,"{""model__alpha"": 0.01, ""model__l1_ratio"": 0.1}"
8,1,arousal,elastic_net,0.3875,0.5654165483874855,0.17791654838748544,"{""model__alpha"": 0.01, ""model__l1_ratio"": 0.1}"
28,1,arousal,elastic_net,0.4875,0.612170808860163,0.12467080886016296,"{""model__alpha"": 0.01, ""model__l1_ratio"": 0.1}"
39,1,arousal,elastic_net,0.875,0.8273386639677169,0.047661336032283064,"{""model__alpha"": 0.01, ""model__l1_ratio"": 0.1}"
46,1,arousal,elastic_net,0.8375,0.7938809396313264,0.04361906036867358,"{""model__alpha"": 0.01, ""model__l1_ratio"": 0.1}"
52,1,arousal,elastic_net,0.5875,0.610067945109605,0.022567945109605025,"{""model__alpha"": 0.01, ""model__l1_ratio"": 0.1}"
55,1,arousal,elastic_net,0.625,0.5108487064877915,0.11415129351220854,"{""model__alpha"": 0.01, ""model__l1_ratio"": 0.1}"
61,1,arousal,elastic_net,0.375,0.40875541711531005,0.03375541711531005,"{""model__alpha"": 0.01, ""model__l1_ratio"": 0.1}"
66,1,arousal,elastic_net,0.8625,0.8170912251796958,0.045408774820304254,"{""model__alpha"": 0.01, ""model__l1_ratio"": 0.1}"
67,1,arousal,elastic_net,0.8,0.776580445297221,0.02341955470277901,"{""model__alpha"": 0.01, ""model__l1_ratio"": 0.1}"
72,1,arousal,elastic_net,0.75,0.7123591265048317,0.037640873495168314,"{""model__alpha"": 0.01, ""model__l1_ratio"": 0.1}"
73,1,arousal,elastic_net,0.5375,0.6660879053749588,0.1285879053749588,"{""model__alpha"": 0.01, ""model__l1_ratio"": 0.1}"
74,1,arousal,elastic_net,0.8875,0.8032330882586153,0.08426691174138468,"{""model__alpha"": 0.01, ""model__l1_ratio"": 0.1}"
88,1,arousal,elastic_net,0.625,0.5479819631035776,0.07701803689642239,"{""model__alpha"": 0.01, ""model__l1_ratio"": 0.1}"
94,1,arousal,elastic_net,0.7625,0.6130269898441367,0.14947301015586323,"{""model__alpha"": 0.01, ""model__l1_ratio"": 0.1}"
102,1,arousal,elastic_net,0.7375,0.6122235735972843,0.12527642640271575,"{""model__alpha"": 0.01, ""model__l1_ratio"": 0.1}"
104,1,arousal,elastic_net,0.8375,0.7043224172356914,0.13317758276430858,"{""model__alpha"": 0.01, ""model__l1_ratio"": 0.1}"
108,1,arousal,elastic_net,0.8625,0.8141678169028314,0.04833218309716869,"{""model__alpha"": 0.01, ""model__l1_ratio"": 0.1}"
139,1,arousal,elastic_net,0.7125,0.6032453559182391,0.10925464408176089,"{""model__alpha"": 0.01, ""model__l1_ratio"": 0.1}"
143,1,arousal,elastic_net,0.5625,0.6126963709736403,0.05019637097364027,"{""model__alpha"": 0.01, ""model__l1_ratio"": 0.1}"
146,1,arousal,elastic_net,0.6625,0.7126640908657514,0.050164090865751465,"{""model__alpha"": 0.01, ""model__l1_ratio"": 0.1}"
149,1,arousal,elastic_net,0.3875,0.41812938867279986,0.03062938867279985,"{""model__alpha"": 0.01, ""model__l1_ratio"": 0.1}"
152,1,arousal,elastic_net,0.825,0.7875879075048784,0.03741209249512156,"{""model__alpha"": 0.01, ""model__l1_ratio"": 0.1}"
156,1,arousal,elastic_net,0.6625,0.5737403300187653,0.08875966998123463,"{""model__alpha"": 0.01, ""model__l1_ratio"": 0.1}"
160,1,arousal,elastic_net,0.825,0.8627877733538787,0.03778777335387873,"{""model__alpha"": 0.01, ""model__l1_ratio"": 0.1}"
165,1,arousal,elastic_net,0.7375,0.7950732673250205,0.05757326732502044,"{""model__alpha"": 0.01, ""model__l1_ratio"": 0.1}"
177,1,arousal,elastic_net,0.55,0.4719050948052358,0.07809490519476425,"{""model__alpha"": 0.01, ""model__l1_ratio"": 0.1}"
180,1,arousal,elastic_net,0.575,0.5098837178055738,0.06511628219442611,"{""model__alpha"": 0.01, ""model__l1_ratio"": 0.1}"
189,1,arousal,elastic_net,0.6875,0.4554026629652292,0.2320973370347708,"{""model__alpha"": 0.01, ""model__l1_ratio"": 0.1}"
191,1,arousal,elastic_net,0.7625,0.57474717518077,0.18775282481922995,"{""model__alpha"": 0.01, ""model__l1_ratio"": 0.1}"
192,1,arousal,elastic_net,0.9375,0.7439665830926186,0.19353341690738135,"{""model__alpha"": 0.01, ""model__l1_ratio"": 0.1}"
204,1,arousal,elastic_net,0.7375,0.5068037192109206,0.23069628078907944,"{""model__alpha"": 0.01, ""model__l1_ratio"": 0.1}"
207,1,arousal,elastic_net,0.85,0.9495946515688654,0.09959465156886538,"{""model__alpha"": 0.01, ""model__l1_ratio"": 0.1}"
220,1,arousal,elastic_net,0.6875,0.7047400187542473,0.0172400187542473,"{""model__alpha"": 0.01, ""model__l1_ratio"": 0.1}"
222,1,arousal,elastic_net,0.6625,0.6597211105129821,0.002778889487017877,"{""model__alpha"": 0.01, ""model__l1_ratio"": 0.1}"
233,1,arousal,elastic_net,0.4,0.4626253125516757,0.0626253125516757,"{""model__alpha"": 0.01, ""model__l1_ratio"": 0.1}"
257,1,arousal,elastic_net,0.4125,0.456067544411756,0.04356754441175603,"{""model__alpha"": 0.01, ""model__l1_ratio"": 0.1}"
265,1,arousal,elastic_net,0.5125,0.5329465301370162,0.02044653013701625,"{""model__alpha"": 0.01, ""model__l1_ratio"": 0.1}"
279,1,arousal,elastic_net,0.3625,0.6249722899989572,0.26247228999895716,"{""model__alpha"": 0.01, ""model__l1_ratio"": 0.1}"
294,1,arousal,elastic_net,0.7,0.7755928331581755,0.07559283315817555,"{""model__alpha"": 0.01, ""model__l1_ratio"": 0.1}"
299,1,arousal,elastic_net,0.25,0.5170971357741485,0.2670971357741485,"{""model__alpha"": 0.01, ""model__l1_ratio"": 0.1}"
301,1,arousal,elastic_net,0.825,0.7274881819078132,0.09751181809218679,"{""model__alpha"": 0.01, ""model__l1_ratio"": 0.1}"
304,1,arousal,elastic_net,0.9,0.8850085376063571,0.014991462393642907,"{""model__alpha"": 0.01, ""model__l1_ratio"": 0.1}"
314,1,arousal,elastic_net,0.5625,0.6340937720677288,0.07159377206772877,"{""model__alpha"": 0.01, ""model__l1_ratio"": 0.1}"
317,1,arousal,elastic_net,0.925,0.7026702592223822,0.2223297407776178,"{""model__alpha"": 0.01, ""model__l1_ratio"": 0.1}"
324,1,arousal,elastic_net,0.8875,0.7856756642660102,0.10182433573398975,"{""model__alpha"": 0.01, ""model__l1_ratio"": 0.1}"
334,1,arousal,elastic_net,0.625,0.37512436592917126,0.24987563407082874,"{""model__alpha"": 0.01, ""model__l1_ratio"": 0.1}"
362,1,arousal,elastic_net,0.4,0.3568427711420571,0.04315722885794293,"{""model__alpha"": 0.01, ""model__l1_ratio"": 0.1}"
368,1,arousal,elastic_net,0.6,0.5014378325627328,0.0985621674372672,"{""model__alpha"": 0.01, ""model__l1_ratio"": 0.1}"
370,1,arousal,elastic_net,0.4,0.38878560522463457,0.011214394775365455,"{""model__alpha"": 0.01, ""model__l1_ratio"": 0.1}"
372,1,arousal,elastic_net,0.825,0.6404036459440187,0.1845963540559813,"{""model__alpha"": 0.01, ""model__l1_ratio"": 0.1}"
379,1,arousal,elastic_net,0.9375,0.9653653842760159,0.027865384276015925,"{""model__alpha"": 0.01, ""model__l1_ratio"": 0.1}"
391,1,arousal,elastic_net,0.85,0.7331126579691145,0.11688734203088547,"{""model__alpha"": 0.01, ""model__l1_ratio"": 0.1}"
403,1,arousal,elastic_net,0.7625,0.7697799552612601,0.007279955261260129,"{""model__alpha"": 0.01, ""model__l1_ratio"": 0.1}"
408,1,arousal,elastic_net,0.9125,0.8475071432872929,0.06499285671270705,"{""model__alpha"": 0.01, ""model__l1_ratio"": 0.1}"
425,1,arousal,elastic_net,0.95,0.8094604076990226,0.14053959230097735,"{""model__alpha"": 0.01, ""model__l1_ratio"": 0.1}"
426,1,arousal,elastic_net,0.825,0.7304750079263712,0.09452499207362874,"{""model__alpha"": 0.01, ""model__l1_ratio"": 0.1}"
435,1,arousal,elastic_net,0.275,0.25371834965223716,0.02128165034776286,"{""model__alpha"": 0.01, ""model__l1_ratio"": 0.1}"
436,1,arousal,elastic_net,0.25,0.27175067142517256,0.021750671425172563,"{""model__alpha"": 0.01, ""model__l1_ratio"": 0.1}"
441,1,arousal,elastic_net,0.675,0.7208692435605429,0.045869243560542894,"{""model__alpha"": 0.01, ""model__l1_ratio"": 0.1}"
442,1,arousal,elastic_net,0.7125,0.5641156767342107,0.14838432326578932,"{""model__alpha"": 0.01, ""model__l1_ratio"": 0.1}"
461,1,arousal,elastic_net,0.375,0.4203983917445213,0.045398391744521316,"{""model__alpha"": 0.01, ""model__l1_ratio"": 0.1}"
465,1,arousal,elastic_net,0.3375,0.4879649264975199,0.15046492649751986,"{""model__alpha"": 0.01, ""model__l1_ratio"": 0.1}"
469,1,arousal,elastic_net,0.7125,0.7130186538888533,0.0005186538888533043,"{""model__alpha"": 0.01, ""model__l1_ratio"": 0.1}"
471,1,arousal,elastic_net,0.875,0.8020005564451569,0.07299944355484311,"{""model__alpha"": 0.01, ""model__l1_ratio"": 0.1}"
480,1,arousal,elastic_net,0.7875,0.6951257215190272,0.0923742784809728,"{""model__alpha"": 0.01, ""model__l1_ratio"": 0.1}"
487,1,arousal,elastic_net,0.8,0.8568915096546932,0.05689150965469314,"{""model__alpha"": 0.01, ""model__l1_ratio"": 0.1}"
496,1,arousal,elastic_net,0.6625,0.5875685616224473,0.07493143837755267,"{""model__alpha"": 0.01, ""model__l1_ratio"": 0.1}"
500,1,arousal,elastic_net,0.7,0.7276540577661936,0.027654057766193674,"{""model__alpha"": 0.01, ""model__l1_ratio"": 0.1}"
503,1,arousal,elastic_net,0.613636363636,0.6906646637506533,0.07702830011465323,"{""model__alpha"": 0.01, ""model__l1_ratio"": 0.1}"
507,1,arousal,elastic_net,0.8,0.8332921608873316,0.03329216088733156,"{""model__alpha"": 0.01, ""model__l1_ratio"": 0.1}"
512,1,arousal,elastic_net,0.3125,0.3254339739707543,0.012933973970754298,"{""model__alpha"": 0.01, ""model__l1_ratio"": 0.1}"
521,1,arousal,elastic_net,0.5125,0.5390269558302798,0.026526955830279864,"{""model__alpha"": 0.01, ""model__l1_ratio"": 0.1}"
525,1,arousal,elastic_net,0.2375,0.33636665951927736,0.09886665951927737,"{""model__alpha"": 0.01, ""model__l1_ratio"": 0.1}"
536,1,arousal,elastic_net,0.7875,0.7661498406541991,0.021350159345800868,"{""model__alpha"": 0.01, ""model__l1_ratio"": 0.1}"
546,1,arousal,elastic_net,0.7875,0.6571642510510625,0.1303357489489375,"{""model__alpha"": 0.01, ""model__l1_ratio"": 0.1}"
549,1,arousal,elastic_net,0.4375,0.5753056277443048,0.13780562774430483,"{""model__alpha"": 0.01, ""model__l1_ratio"": 0.1}"
562,1,arousal,elastic_net,0.7375,0.7446714714514067,0.007171471451406619,"{""model__alpha"": 0.01, ""model__l1_ratio"": 0.1}"
566,1,arousal,elastic_net,0.775,0.7551679166444053,0.01983208335559472,"{""model__alpha"": 0.01, ""model__l1_ratio"": 0.1}"
572,1,arousal,elastic_net,0.7375,0.815627718222204,0.07812771822220399,"{""model__alpha"": 0.01, ""model__l1_ratio"": 0.1}"
574,1,arousal,elastic_net,0.7875,0.7350427479518297,0.05245725204817031,"{""model__alpha"": 0.01, ""model__l1_ratio"": 0.1}"
576,1,arousal,elastic_net,0.7125,0.7636656478837559,0.05116564788375588,"{""model__alpha"": 0.01, ""model__l1_ratio"": 0.1}"
588,1,arousal,elastic_net,0.7,0.5519934699960676,0.14800653000393238,"{""model__alpha"": 0.01, ""model__l1_ratio"": 0.1}"
591,1,arousal,elastic_net,0.25,0.3870473866216825,0.13704738662168248,"{""model__alpha"": 0.01, ""model__l1_ratio"": 0.1}"
598,1,arousal,elastic_net,0.85,0.7132499055131071,0.1367500944868929,"{""model__alpha"": 0.01, ""model__l1_ratio"": 0.1}"
614,1,arousal,elastic_net,0.2875,0.47098152965696083,0.18348152965696085,"{""model__alpha"": 0.01, ""model__l1_ratio"": 0.1}"
617,1,arousal,elastic_net,0.8875,0.8320208363961223,0.05547916360387761,"{""model__alpha"": 0.01, ""model__l1_ratio"": 0.1}"
623,1,arousal,elastic_net,0.85,0.8412798508496746,0.008720149150325374,"{""model__alpha"": 0.01, ""model__l1_ratio"": 0.1}"
634,1,arousal,elastic_net,0.225,0.33313566141677087,0.10813566141677086,"{""model__alpha"": 0.01, ""model__l1_ratio"": 0.1}"
635,1,arousal,elastic_net,0.6375,0.6741397559717092,0.03663975597170921,"{""model__alpha"": 0.01, ""model__l1_ratio"": 0.1}"
637,1,arousal,elastic_net,0.775,0.7902419814865864,0.015241981486586398,"{""model__alpha"": 0.01, ""model__l1_ratio"": 0.1}"
648,1,arousal,elastic_net,0.6875,0.6893265871651486,0.0018265871651486076,"{""model__alpha"": 0.01, ""model__l1_ratio"": 0.1}"
651,1,arousal,elastic_net,0.825,0.7095049747714569,0.11549502522854305,"{""model__alpha"": 0.01, ""model__l1_ratio"": 0.1}"
652,1,arousal,elastic_net,0.55,0.4324155344055792,0.11758446559442082,"{""model__alpha"": 0.01, ""model__l1_ratio"": 0.1}"
661,1,arousal,elastic_net,0.6375,0.6466507002945197,0.009150700294519698,"{""model__alpha"": 0.01, ""model__l1_ratio"": 0.1}"
666,1,arousal,elastic_net,0.675,0.7431610721725851,0.06816107217258505,"{""model__alpha"": 0.01, ""model__l1_ratio"": 0.1}"
671,1,arousal,elastic_net,0.675,0.6532452143470531,0.021754785652946973,"{""model__alpha"": 0.01, ""model__l1_ratio"": 0.1}"
673,1,arousal,elastic_net,0.5125,0.6079713528106556,0.09547135281065566,"{""model__alpha"": 0.01, ""model__l1_ratio"": 0.1}"
678,1,arousal,elastic_net,0.7875,0.7947388000706975,0.007238800070697549,"{""model__alpha"": 0.01, ""model__l1_ratio"": 0.1}"
692,1,arousal,elastic_net,0.5,0.6492942769767158,0.14929427697671582,"{""model__alpha"": 0.01, ""model__l1_ratio"": 0.1}"
694,1,arousal,elastic_net,0.3875,0.6772631378072554,0.28976313780725543,"{""model__alpha"": 0.01, ""model__l1_ratio"": 0.1}"
708,1,arousal,elastic_net,0.6625,0.5720608232172655,0.0904391767827345,"{""model__alpha"": 0.01, ""model__l1_ratio"": 0.1}"
710,1,arousal,elastic_net,0.7875,0.8367322648447126,0.04923226484471266,"{""model__alpha"": 0.01, ""model__l1_ratio"": 0.1}"
718,1,arousal,elastic_net,0.5125,0.41885309120142067,0.09364690879857929,"{""model__alpha"": 0.01, ""model__l1_ratio"": 0.1}"
722,1,arousal,elastic_net,0.575,0.6464369995769,0.07143699957690008,"{""model__alpha"": 0.01, ""model__l1_ratio"": 0.1}"
730,1,arousal,elastic_net,0.55,0.36616098446938083,0.1838390155306192,"{""model__alpha"": 0.01, ""model__l1_ratio"": 0.1}"
731,1,arousal,elastic_net,0.6875,0.6760696449691931,0.011430355030806916,"{""model__alpha"": 0.01, ""model__l1_ratio"": 0.1}"
738,1,arousal,elastic_net,0.5875,0.6857565216650998,0.0982565216650998,"{""model__alpha"": 0.01, ""model__l1_ratio"": 0.1}"
739,1,arousal,elastic_net,0.6875,0.7155051018624032,0.028005101862403237,"{""model__alpha"": 0.01, ""model__l1_ratio"": 0.1}"
750,1,arousal,elastic_net,0.4,0.4772528055995124,0.07725280559951236,"{""model__alpha"": 0.01, ""model__l1_ratio"": 0.1}"
751,1,arousal,elastic_net,0.5875,0.38297578177861324,0.20452421822138678,"{""model__alpha"": 0.01, ""model__l1_ratio"": 0.1}"
757,1,arousal,elastic_net,0.6625,0.5827154736056245,0.0797845263943755,"{""model__alpha"": 0.01, ""model__l1_ratio"": 0.1}"
758,1,arousal,elastic_net,0.8375,0.6258933361067355,0.21160666389326455,"{""model__alpha"": 0.01, ""model__l1_ratio"": 0.1}"
763,1,arousal,elastic_net,0.3875,0.36513071436709504,0.022369285632904967,"{""model__alpha"": 0.01, ""model__l1_ratio"": 0.1}"
773,1,arousal,elastic_net,0.75,0.7731855180554241,0.023185518055424126,"{""model__alpha"": 0.01, ""model__l1_ratio"": 0.1}"
796,1,arousal,elastic_net,0.6,0.6750088211519737,0.07500882115197371,"{""model__alpha"": 0.01, ""model__l1_ratio"": 0.1}"
797,1,arousal,elastic_net,0.6375,0.690025701602426,0.05252570160242609,"{""model__alpha"": 0.01, ""model__l1_ratio"": 0.1}"
801,1,arousal,elastic_net,0.3375,0.35194919166550565,0.014449191665505623,"{""model__alpha"": 0.01, ""model__l1_ratio"": 0.1}"
813,1,arousal,elastic_net,0.675,0.6137179750909901,0.06128202490900991,"{""model__alpha"": 0.01, ""model__l1_ratio"": 0.1}"
818,1,arousal,elastic_net,0.275,0.24249589561137186,0.03250410438862816,"{""model__alpha"": 0.01, ""model__l1_ratio"": 0.1}"
825,1,arousal,elastic_net,0.5375,0.540584515322828,0.003084515322828052,"{""model__alpha"": 0.01, ""model__l1_ratio"": 0.1}"
828,1,arousal,elastic_net,0.65,0.7318757869254836,0.08187578692548358,"{""model__alpha"": 0.01, ""model__l1_ratio"": 0.1}"
833,1,arousal,elastic_net,0.8,0.7522755533489639,0.047724446651036145,"{""model__alpha"": 0.01, ""model__l1_ratio"": 0.1}"
834,1,arousal,elastic_net,0.8875,0.7846416725883414,0.10285832741165857,"{""model__alpha"": 0.01, ""model__l1_ratio"": 0.1}"
836,1,arousal,elastic_net,0.8875,0.865111470972855,0.022388529027144943,"{""model__alpha"": 0.01, ""model__l1_ratio"": 0.1}"
837,1,arousal,elastic_net,0.7375,0.7639023093274754,0.026402309327475337,"{""model__alpha"": 0.01, ""model__l1_ratio"": 0.1}"
847,1,arousal,elastic_net,0.5125,0.6157712979282465,0.10327129792824652,"{""model__alpha"": 0.01, ""model__l1_ratio"": 0.1}"
852,1,arousal,elastic_net,0.4875,0.597672885537442,0.11017288553744203,"{""model__alpha"": 0.01, ""model__l1_ratio"": 0.1}"
853,1,arousal,elastic_net,0.65,0.6434810276566275,0.006518972343372509,"{""model__alpha"": 0.01, ""model__l1_ratio"": 0.1}"
859,1,arousal,elastic_net,0.5875,0.5960208110697434,0.00852081106974334,"{""model__alpha"": 0.01, ""model__l1_ratio"": 0.1}"
860,1,arousal,elastic_net,0.675,0.6532135633333433,0.021786436666656694,"{""model__alpha"": 0.01, ""model__l1_ratio"": 0.1}"
862,1,arousal,elastic_net,0.8875,0.7993280612764919,0.08817193872350804,"{""model__alpha"": 0.01, ""model__l1_ratio"": 0.1}"
869,1,arousal,elastic_net,0.45,0.6316959563985938,0.18169595639859376,"{""model__alpha"": 0.01, ""model__l1_ratio"": 0.1}"
879,1,arousal,elastic_net,0.4875,0.4644943048511141,0.023005695148885896,"{""model__alpha"": 0.01, ""model__l1_ratio"": 0.1}"
880,1,arousal,elastic_net,0.675,0.6576221972804859,0.017377802719514168,"{""model__alpha"": 0.01, ""model__l1_ratio"": 0.1}"
881,1,arousal,elastic_net,0.5875,0.6235190594693959,0.036019059469395875,"{""model__alpha"": 0.01, ""model__l1_ratio"": 0.1}"
885,1,arousal,elastic_net,0.425,0.393337155113304,0.03166284488669596,"{""model__alpha"": 0.01, ""model__l1_ratio"": 0.1}"
892,1,arousal,elastic_net,0.6625,0.707296128852504,0.04479612885250406,"{""model__alpha"": 0.01, ""model__l1_ratio"": 0.1}"
896,1,arousal,elastic_net,0.761363636364,0.7241251520487245,0.03723848431527543,"{""model__alpha"": 0.01, ""model__l1_ratio"": 0.1}"
908,1,arousal,elastic_net,0.75,0.7607696048040202,0.010769604804020227,"{""model__alpha"": 0.01, ""model__l1_ratio"": 0.1}"
909,1,arousal,elastic_net,0.825,0.7493792216487879,0.07562077835121206,"{""model__alpha"": 0.01, ""model__l1_ratio"": 0.1}"
918,1,arousal,elastic_net,0.4,0.49445945794598223,0.0944594579459822,"{""model__alpha"": 0.01, ""model__l1_ratio"": 0.1}"
921,1,arousal,elastic_net,0.475,0.740551269667911,0.265551269667911,"{""model__alpha"": 0.01, ""model__l1_ratio"": 0.1}"
925,1,arousal,elastic_net,0.5875,0.5949051537674369,0.0074051537674368895,"{""model__alpha"": 0.01, ""model__l1_ratio"": 0.1}"
928,1,arousal,elastic_net,0.8375,0.7548390066842898,0.0826609933157102,"{""model__alpha"": 0.01, ""model__l1_ratio"": 0.1}"
929,1,arousal,elastic_net,0.6,0.4632505914537079,0.13674940854629208,"{""model__alpha"": 0.01, ""model__l1_ratio"": 0.1}"
935,1,arousal,elastic_net,0.511363636364,0.47022659355487456,0.04113704280912539,"{""model__alpha"": 0.01, ""model__l1_ratio"": 0.1}"
948,1,arousal,elastic_net,0.4875,0.47700670861503,0.010493291384970016,"{""model__alpha"": 0.01, ""model__l1_ratio"": 0.1}"
957,1,arousal,elastic_net,0.525,0.5531536789402385,0.028153678940238458,"{""model__alpha"": 0.01, ""model__l1_ratio"": 0.1}"
966,1,arousal,elastic_net,0.575,0.6423378705344389,0.06733787053443896,"{""model__alpha"": 0.01, ""model__l1_ratio"": 0.1}"
981,1,arousal,elastic_net,0.8,0.767089848371864,0.03291015162813604,"{""model__alpha"": 0.01, ""model__l1_ratio"": 0.1}"
984,1,arousal,elastic_net,0.825,0.8103760733481602,0.014623926651839758,"{""model__alpha"": 0.01, ""model__l1_ratio"": 0.1}"
989,1,arousal,elastic_net,0.575,0.651747134265228,0.07674713426522806,"{""model__alpha"": 0.01, ""model__l1_ratio"": 0.1}"
6,2,arousal,elastic_net,0.5125,0.4513436614650732,0.061156338534926746,"{""model__alpha"": 0.01, ""model__l1_ratio"": 0.1}"
10,2,arousal,elastic_net,0.4375,0.6172392476389964,0.1797392476389964,"{""model__alpha"": 0.01, ""model__l1_ratio"": 0.1}"
15,2,arousal,elastic_net,0.6125,0.5986462292908982,0.013853770709101876,"{""model__alpha"": 0.01, ""model__l1_ratio"": 0.1}"
16,2,arousal,elastic_net,0.5375,0.6393378826322308,0.10183788263223081,"{""model__alpha"": 0.01, ""model__l1_ratio"": 0.1}"
19,2,arousal,elastic_net,0.7625,0.6853484508181261,0.07715154918187384,"{""model__alpha"": 0.01, ""model__l1_ratio"": 0.1}"
43,2,arousal,elastic_net,0.8625,0.8052742347856681,0.05722576521433198,"{""model__alpha"": 0.01, ""model__l1_ratio"": 0.1}"
44,2,arousal,elastic_net,0.6875,0.6512537172182985,0.0362462827817015,"{""model__alpha"": 0.01, ""model__l1_ratio"": 0.1}"
47,2,arousal,elastic_net,0.4,0.5029127059137164,0.10291270591371637,"{""model__alpha"": 0.01, ""model__l1_ratio"": 0.1}"
50,2,arousal,elastic_net,0.8375,0.75066965990157,0.08683034009843005,"{""model__alpha"": 0.01, ""model__l1_ratio"": 0.1}"
51,2,arousal,elastic_net,0.825,0.8550897365653537,0.030089736565353742,"{""model__alpha"": 0.01, ""model__l1_ratio"": 0.1}"
56,2,arousal,elastic_net,0.4125,0.4417513527715369,0.029251352771536898,"{""model__alpha"": 0.01, ""model__l1_ratio"": 0.1}"
68,2,arousal,elastic_net,0.65,0.6052615193105934,0.04473848068940667,"{""model__alpha"": 0.01, ""model__l1_ratio"": 0.1}"
78,2,arousal,elastic_net,0.5,0.5041437535674242,0.0041437535674242465,"{""model__alpha"": 0.01, ""model__l1_ratio"": 0.1}"
97,2,arousal,elastic_net,0.85,0.7360867095949368,0.11391329040506315,"{""model__alpha"": 0.01, ""model__l1_ratio"": 0.1}"
99,2,arousal,elastic_net,0.6875,0.6571415334184949,0.030358466581505095,"{""model__alpha"": 0.01, ""model__l1_ratio"": 0.1}"
106,2,arousal,elastic_net,0.7,0.7105775045598942,0.010577504559894257,"{""model__alpha"": 0.01, ""model__l1_ratio"": 0.1}"
109,2,arousal,elastic_net,0.8,0.6895511306048113,0.11044886939518872,"{""model__alpha"": 0.01, ""model__l1_ratio"": 0.1}"
117,2,arousal,elastic_net,0.85,0.8999547661092049,0.04995476610920491,"{""model__alpha"": 0.01, ""model__l1_ratio"": 0.1}"
123,2,arousal,elastic_net,0.3125,0.5362060157712712,0.22370601577127125,"{""model__alpha"": 0.01, ""model__l1_ratio"": 0.1}"
127,2,arousal,elastic_net,0.8125,0.8006223228367759,0.011877677163224076,"{""model__alpha"": 0.01, ""model__l1_ratio"": 0.1}"
133,2,arousal,elastic_net,0.775,0.6426905550922635,0.13230944490773655,"{""model__alpha"": 0.01, ""model__l1_ratio"": 0.1}"
134,2,arousal,elastic_net,0.8,0.8311785261179832,0.031178526117983107,"{""model__alpha"": 0.01, ""model__l1_ratio"": 0.1}"
137,2,arousal,elastic_net,0.7625,0.7562056355798592,0.006294364420140752,"{""model__alpha"": 0.01, ""model__l1_ratio"": 0.1}"
147,2,arousal,elastic_net,0.55,0.5497573976145699,0.00024260238543016843,"{""model__alpha"": 0.01, ""model__l1_ratio"": 0.1}"
153,2,arousal,elastic_net,0.675,0.6986813890355837,0.0236813890355837,"{""model__alpha"": 0.01, ""model__l1_ratio"": 0.1}"
157,2,arousal,elastic_net,0.534090909091,0.6097287592011682,0.07563785011016821,"{""model__alpha"": 0.01, ""model__l1_ratio"": 0.1}"
161,2,arousal,elastic_net,0.8625,0.8390333400266887,0.02346665997331132,"{""model__alpha"": 0.01, ""model__l1_ratio"": 0.1}"
162,2,arousal,elastic_net,0.875,0.8547214464299375,0.020278553570062474,"{""model__alpha"": 0.01, ""model__l1_ratio"": 0.1}"
170,2,arousal,elastic_net,0.3,0.27450789314351753,0.025492106856482455,"{""model__alpha"": 0.01, ""model__l1_ratio"": 0.1}"
172,2,arousal,elastic_net,0.6375,0.6400657695700677,0.0025657695700677108,"{""model__alpha"": 0.01, ""model__l1_ratio"": 0.1}"
179,2,arousal,elastic_net,0.7375,0.7857854369068266,0.04828543690682652,"{""model__alpha"": 0.01, ""model__l1_ratio"": 0.1}"
185,2,arousal,elastic_net,0.6625,0.7857854369068266,0.12328543690682658,"{""model__alpha"": 0.01, ""model__l1_ratio"": 0.1}"
186,2,arousal,elastic_net,0.825,0.6294833746406954,0.19551662535930459,"{""model__alpha"": 0.01, ""model__l1_ratio"": 0.1}"
196,2,arousal,elastic_net,0.4375,0.25048793995731744,0.18701206004268256,"{""model__alpha"": 0.01, ""model__l1_ratio"": 0.1}"
197,2,arousal,elastic_net,0.3375,0.4864441601529632,0.1489441601529632,"{""model__alpha"": 0.01, ""model__l1_ratio"": 0.1}"
198,2,arousal,elastic_net,0.863636363636,0.7768908313020956,0.08674553233390447,"{""model__alpha"": 0.01, ""model__l1_ratio"": 0.1}"
211,2,arousal,elastic_net,0.65,0.7498165535818092,0.09981655358180919,"{""model__alpha"": 0.01, ""model__l1_ratio"": 0.1}"
228,2,arousal,elastic_net,0.55,0.5472084615102037,0.002791538489796297,"{""model__alpha"": 0.01, ""model__l1_ratio"": 0.1}"
230,2,arousal,elastic_net,0.3625,0.52485465037835,0.16235465037835,"{""model__alpha"": 0.01, ""model__l1_ratio"": 0.1}"
236,2,arousal,elastic_net,0.3125,0.2780737430231181,0.0344262569768819,"{""model__alpha"": 0.01, ""model__l1_ratio"": 0.1}"
237,2,arousal,elastic_net,0.525,0.4559048793130741,0.06909512068692591,"{""model__alpha"": 0.01, ""model__l1_ratio"": 0.1}"
238,2,arousal,elastic_net,0.6375,0.5647801389083068,0.07271986109169315,"{""model__alpha"": 0.01, ""model__l1_ratio"": 0.1}"
244,2,arousal,elastic_net,0.2875,0.4033678389143502,0.11586783891435021,"{""model__alpha"": 0.01, ""model__l1_ratio"": 0.1}"
249,2,arousal,elastic_net,0.5375,0.4459446202506192,0.09155537974938077,"{""model__alpha"": 0.01, ""model__l1_ratio"": 0.1}"
252,2,arousal,elastic_net,0.1375,0.15689275838070738,0.019392758380707364,"{""model__alpha"": 0.01, ""model__l1_ratio"": 0.1}"
275,2,arousal,elastic_net,0.3375,0.25503438546433677,0.08246561453566326,"{""model__alpha"": 0.01, ""model__l1_ratio"": 0.1}"
277,2,arousal,elastic_net,0.2,0.5530438465620239,0.35304384656202387,"{""model__alpha"": 0.01, ""model__l1_ratio"": 0.1}"
283,2,arousal,elastic_net,0.575,0.5897988106958926,0.014798810695892617,"{""model__alpha"": 0.01, ""model__l1_ratio"": 0.1}"
295,2,arousal,elastic_net,0.725,0.6700386164072076,0.054961383592792346,"{""model__alpha"": 0.01, ""model__l1_ratio"": 0.1}"
298,2,arousal,elastic_net,0.725,0.753892898047019,0.028892898047019,"{""model__alpha"": 0.01, ""model__l1_ratio"": 0.1}"
308,2,arousal,elastic_net,0.8125,0.7248721724582277,0.08762782754177234,"{""model__alpha"": 0.01, ""model__l1_ratio"": 0.1}"
309,2,arousal,elastic_net,0.35,0.49165169266015807,0.1416516926601581,"{""model__alpha"": 0.01, ""model__l1_ratio"": 0.1}"
315,2,arousal,elastic_net,0.85,0.7675870891444198,0.08241291085558022,"{""model__alpha"": 0.01, ""model__l1_ratio"": 0.1}"
319,2,arousal,elastic_net,0.7375,0.7387643727658,0.001264372765799937,"{""model__alpha"": 0.01, ""model__l1_ratio"": 0.1}"
327,2,arousal,elastic_net,0.7625,0.7505409736493217,0.011959026350678248,"{""model__alpha"": 0.01, ""model__l1_ratio"": 0.1}"
333,2,arousal,elastic_net,0.7875,0.762691116367842,0.02480888363215794,"{""model__alpha"": 0.01, ""model__l1_ratio"": 0.1}"
342,2,arousal,elastic_net,0.75,0.6720477432409911,0.07795225675900885,"{""model__alpha"": 0.01, ""model__l1_ratio"": 0.1}"
343,2,arousal,elastic_net,0.65,0.721614656052128,0.07161465605212802,"{""model__alpha"": 0.01, ""model__l1_ratio"": 0.1}"
349,2,arousal,elastic_net,0.275,0.28538331526799154,0.010383315267991522,"{""model__alpha"": 0.01, ""model__l1_ratio"": 0.1}"
356,2,arousal,elastic_net,0.475,0.6249800592607813,0.14998005926078128,"{""model__alpha"": 0.01, ""model__l1_ratio"": 0.1}"
361,2,arousal,elastic_net,0.6125,0.4533931425618452,0.15910685743815484,"{""model__alpha"": 0.01, ""model__l1_ratio"": 0.1}"
367,2,arousal,elastic_net,0.6125,0.6529916778946977,0.04049167789469765,"{""model__alpha"": 0.01, ""model__l1_ratio"": 0.1}"
373,2,arousal,elastic_net,0.85,0.745420938002355,0.104579061997645,"{""model__alpha"": 0.01, ""model__l1_ratio"": 0.1}"
381,2,arousal,elastic_net,0.9375,0.9697712135687503,0.03227121356875029,"{""model__alpha"": 0.01, ""model__l1_ratio"": 0.1}"
385,2,arousal,elastic_net,0.825,0.7867163981994567,0.03828360180054324,"{""model__alpha"": 0.01, ""model__l1_ratio"": 0.1}"
386,2,arousal,elastic_net,0.5625,0.5266854043815572,0.0358145956184428,"{""model__alpha"": 0.01, ""model__l1_ratio"": 0.1}"
397,2,arousal,elastic_net,0.45,0.4495709170404324,0.0004290829595676171,"{""model__alpha"": 0.01, ""model__l1_ratio"": 0.1}"
405,2,arousal,elastic_net,0.7375,0.6574392698163555,0.08006073018364457,"{""model__alpha"": 0.01, ""model__l1_ratio"": 0.1}"
407,2,arousal,elastic_net,0.7875,0.6985311498539925,0.08896885014600753,"{""model__alpha"": 0.01, ""model__l1_ratio"": 0.1}"
412,2,arousal,elastic_net,0.5,0.7172501379734887,0.2172501379734887,"{""model__alpha"": 0.01, ""model__l1_ratio"": 0.1}"
414,2,arousal,elastic_net,0.579545454545,0.4234521811314452,0.15609327341355472,"{""model__alpha"": 0.01, ""model__l1_ratio"": 0.1}"
415,2,arousal,elastic_net,0.477272727273,0.47803688321901644,0.0007641559460164205,"{""model__alpha"": 0.01, ""model__l1_ratio"": 0.1}"
427,2,arousal,elastic_net,0.775,0.7362568601185286,0.03874313988147138,"{""model__alpha"": 0.01, ""model__l1_ratio"": 0.1}"
443,2,arousal,elastic_net,0.7,0.7557851456247778,0.055785145624777877,"{""model__alpha"": 0.01, ""model__l1_ratio"": 0.1}"
449,2,arousal,elastic_net,0.7,0.7578108790864905,0.05781087908649052,"{""model__alpha"": 0.01, ""model__l1_ratio"": 0.1}"
452,2,arousal,elastic_net,0.65,0.6014260218848879,0.048573978115112104,"{""model__alpha"": 0.01, ""model__l1_ratio"": 0.1}"
454,2,arousal,elastic_net,0.8375,0.8664084989727832,0.028908498972783137,"{""model__alpha"": 0.01, ""model__l1_ratio"": 0.1}"
462,2,arousal,elastic_net,0.4125,0.39381392754622396,0.018686072453776015,"{""model__alpha"": 0.01, ""model__l1_ratio"": 0.1}"
463,2,arousal,elastic_net,0.3,0.5509146522412218,0.25091465224122184,"{""model__alpha"": 0.01, ""model__l1_ratio"": 0.1}"
472,2,arousal,elastic_net,0.6125,0.7200805592687746,0.10758055926877452,"{""model__alpha"": 0.01, ""model__l1_ratio"": 0.1}"
479,2,arousal,elastic_net,0.225,0.38474450555262674,0.15974450555262673,"{""model__alpha"": 0.01, ""model__l1_ratio"": 0.1}"
483,2,arousal,elastic_net,0.575,0.5771289116213031,0.002128911621303131,"{""model__alpha"": 0.01, ""model__l1_ratio"": 0.1}"
495,2,arousal,elastic_net,0.8375,0.7097308752930575,0.12776912470694257,"{""model__alpha"": 0.01, ""model__l1_ratio"": 0.1}"
501,2,arousal,elastic_net,0.8375,0.7153000179344313,0.1221999820655687,"{""model__alpha"": 0.01, ""model__l1_ratio"": 0.1}"
504,2,arousal,elastic_net,0.675,0.687120405137589,0.012120405137588941,"{""model__alpha"": 0.01, ""model__l1_ratio"": 0.1}"
516,2,arousal,elastic_net,0.4,0.5067331620755282,0.10673316207552819,"{""model__alpha"": 0.01, ""model__l1_ratio"": 0.1}"
526,2,arousal,elastic_net,0.4625,0.42518770802218225,0.03731229197781777,"{""model__alpha"": 0.01, ""model__l1_ratio"": 0.1}"
531,2,arousal,elastic_net,0.225,0.4771402921849621,0.25214029218496214,"{""model__alpha"": 0.01, ""model__l1_ratio"": 0.1}"
535,2,arousal,elastic_net,0.7625,0.7070318093823519,0.05546819061764807,"{""model__alpha"": 0.01, ""model__l1_ratio"": 0.1}"
551,2,arousal,elastic_net,0.2875,0.35749901526875355,0.06999901526875357,"{""model__alpha"": 0.01, ""model__l1_ratio"": 0.1}"
552,2,arousal,elastic_net,0.85,0.8101487403987254,0.03985125960127456,"{""model__alpha"": 0.01, ""model__l1_ratio"": 0.1}"
554,2,arousal,elastic_net,0.6625,0.6860331681079865,0.023533168107986557,"{""model__alpha"": 0.01, ""model__l1_ratio"": 0.1}"
558,2,arousal,elastic_net,0.55,0.6171364683134857,0.06713646831348563,"{""model__alpha"": 0.01, ""model__l1_ratio"": 0.1}"
570,2,arousal,elastic_net,0.7375,0.6329145591195661,0.10458544088043398,"{""model__alpha"": 0.01, ""model__l1_ratio"": 0.1}"
577,2,arousal,elastic_net,0.6375,0.7177944943342143,0.08029449433421432,"{""model__alpha"": 0.01, ""model__l1_ratio"": 0.1}"
580,2,arousal,elastic_net,0.85,0.8546009152900269,0.00460091529002693,"{""model__alpha"": 0.01, ""model__l1_ratio"": 0.1}"
582,2,arousal,elastic_net,0.4125,0.5066553292544911,0.0941553292544911,"{""model__alpha"": 0.01, ""model__l1_ratio"": 0.1}"
589,2,arousal,elastic_net,0.55,0.5056210400303643,0.0443789599696357,"{""model__alpha"": 0.01, ""model__l1_ratio"": 0.1}"
592,2,arousal,elastic_net,0.4125,0.5315483667570885,0.11904836675708852,"{""model__alpha"": 0.01, ""model__l1_ratio"": 0.1}"
606,2,arousal,elastic_net,0.875,0.8992815755291185,0.02428157552911847,"{""model__alpha"": 0.01, ""model__l1_ratio"": 0.1}"
608,2,arousal,elastic_net,0.6375,0.6645272651245453,0.02702726512454534,"{""model__alpha"": 0.01, ""model__l1_ratio"": 0.1}"
621,2,arousal,elastic_net,0.3625,0.3197482198850877,0.04275178011491226,"{""model__alpha"": 0.01, ""model__l1_ratio"": 0.1}"
622,2,arousal,elastic_net,0.8125,0.7514718497316378,0.06102815026836217,"{""model__alpha"": 0.01, ""model__l1_ratio"": 0.1}"
625,2,arousal,elastic_net,0.75,0.7850713605732391,0.03507136057323912,"{""model__alpha"": 0.01, ""model__l1_ratio"": 0.1}"
628,2,arousal,elastic_net,0.6125,0.7007831765898662,0.08828317658986617,"{""model__alpha"": 0.01, ""model__l1_ratio"": 0.1}"
630,2,arousal,elastic_net,0.65,0.5689147371996103,0.08108526280038975,"{""model__alpha"": 0.01, ""model__l1_ratio"": 0.1}"
643,2,arousal,elastic_net,0.55,0.4877293317267243,0.062270668273275764,"{""model__alpha"": 0.01, ""model__l1_ratio"": 0.1}"
645,2,arousal,elastic_net,0.6,0.6232089075011538,0.023208907501153786,"{""model__alpha"": 0.01, ""model__l1_ratio"": 0.1}"
647,2,arousal,elastic_net,0.5625,0.5759406203206456,0.013440620320645635,"{""model__alpha"": 0.01, ""model__l1_ratio"": 0.1}"
656,2,arousal,elastic_net,0.4875,0.5204332608271942,0.03293326082719422,"{""model__alpha"": 0.01, ""model__l1_ratio"": 0.1}"
665,2,arousal,elastic_net,0.75,0.8040412766025321,0.05404127660253211,"{""model__alpha"": 0.01, ""model__l1_ratio"": 0.1}"
676,2,arousal,elastic_net,0.55,0.7323965539227154,0.18239655392271537,"{""model__alpha"": 0.01, ""model__l1_ratio"": 0.1}"
681,2,arousal,elastic_net,0.8,0.9008101198889251,0.10081011988892508,"{""model__alpha"": 0.01, ""model__l1_ratio"": 0.1}"
682,2,arousal,elastic_net,0.775,0.7251141971637539,0.04988580283624611,"{""model__alpha"": 0.01, ""model__l1_ratio"": 0.1}"
697,2,arousal,elastic_net,0.7,0.5060847876418885,0.1939152123581115,"{""model__alpha"": 0.01, ""model__l1_ratio"": 0.1}"
705,2,arousal,elastic_net,0.1875,0.31186250339657096,0.12436250339657096,"{""model__alpha"": 0.01, ""model__l1_ratio"": 0.1}"
711,2,arousal,elastic_net,0.525,0.609486929519307,0.08448692951930703,"{""model__alpha"": 0.01, ""model__l1_ratio"": 0.1}"
717,2,arousal,elastic_net,0.5375,0.6493503450465097,0.1118503450465097,"{""model__alpha"": 0.01, ""model__l1_ratio"": 0.1}"
728,2,arousal,elastic_net,0.4375,0.4690089878761664,0.031508987876166406,"{""model__alpha"": 0.01, ""model__l1_ratio"": 0.1}"
748,2,arousal,elastic_net,0.3625,0.30652025945402706,0.055979740545972934,"{""model__alpha"": 0.01, ""model__l1_ratio"": 0.1}"
755,2,arousal,elastic_net,0.5125,0.6253874372843815,0.11288743728438155,"{""model__alpha"": 0.01, ""model__l1_ratio"": 0.1}"
759,2,arousal,elastic_net,0.7375,0.6795143037603827,0.05798569623961736,"{""model__alpha"": 0.01, ""model__l1_ratio"": 0.1}"
761,2,arousal,elastic_net,0.775,0.5781175842954497,0.19688241570455034,"{""model__alpha"": 0.01, ""model__l1_ratio"": 0.1}"
765,2,arousal,elastic_net,0.8,0.7518727456583834,0.04812725434161669,"{""model__alpha"": 0.01, ""model__l1_ratio"": 0.1}"
767,2,arousal,elastic_net,0.475,0.6089471829148163,0.13394718291481633,"{""model__alpha"": 0.01, ""model__l1_ratio"": 0.1}"
777,2,arousal,elastic_net,0.525,0.5699548483768947,0.044954848376894674,"{""model__alpha"": 0.01, ""model__l1_ratio"": 0.1}"
804,2,arousal,elastic_net,0.675,0.7449976990822823,0.06999769908228226,"{""model__alpha"": 0.01, ""model__l1_ratio"": 0.1}"
814,2,arousal,elastic_net,0.7125,0.5136969728563061,0.1988030271436939,"{""model__alpha"": 0.01, ""model__l1_ratio"": 0.1}"
823,2,arousal,elastic_net,0.675,0.672642381769268,0.002357618230731995,"{""model__alpha"": 0.01, ""model__l1_ratio"": 0.1}"
844,2,arousal,elastic_net,0.7875,0.7489507118735618,0.03854928812643821,"{""model__alpha"": 0.01, ""model__l1_ratio"": 0.1}"
846,2,arousal,elastic_net,0.925,0.8345451952014789,0.0904548047985212,"{""model__alpha"": 0.01, ""model__l1_ratio"": 0.1}"
855,2,arousal,elastic_net,0.875,0.8343677314924387,0.0406322685075613,"{""model__alpha"": 0.01, ""model__l1_ratio"": 0.1}"
882,2,arousal,elastic_net,0.85,0.8614063814120868,0.01140638141208683,"{""model__alpha"": 0.01, ""model__l1_ratio"": 0.1}"
884,2,arousal,elastic_net,0.7125,0.5987084202450285,0.11379157975497156,"{""model__alpha"": 0.01, ""model__l1_ratio"": 0.1}"
889,2,arousal,elastic_net,0.8375,0.7957747111148358,0.04172528888516425,"{""model__alpha"": 0.01, ""model__l1_ratio"": 0.1}"
894,2,arousal,elastic_net,0.375,0.36159147671578745,0.013408523284212548,"{""model__alpha"": 0.01, ""model__l1_ratio"": 0.1}"
900,2,arousal,elastic_net,0.65,0.6513463939726937,0.0013463939726936491,"{""model__alpha"": 0.01, ""model__l1_ratio"": 0.1}"
907,2,arousal,elastic_net,0.5,0.47591990741505,0.024080092584949975,"{""model__alpha"": 0.01, ""model__l1_ratio"": 0.1}"
915,2,arousal,elastic_net,0.6875,0.706282864889312,0.018782864889312023,"{""model__alpha"": 0.01, ""model__l1_ratio"": 0.1}"
916,2,arousal,elastic_net,0.2125,0.47250022670221775,0.2600002267022178,"{""model__alpha"": 0.01, ""model__l1_ratio"": 0.1}"
922,2,arousal,elastic_net,0.7625,0.7098483543410933,0.052651645658906676,"{""model__alpha"": 0.01, ""model__l1_ratio"": 0.1}"
931,2,arousal,elastic_net,0.4375,0.5713704927071281,0.13387049270712814,"{""model__alpha"": 0.01, ""model__l1_ratio"": 0.1}"
934,2,arousal,elastic_net,0.4875,0.618036677009586,0.130536677009586,"{""model__alpha"": 0.01, ""model__l1_ratio"": 0.1}"
936,2,arousal,elastic_net,0.4125,0.35264169838790677,0.05985830161209321,"{""model__alpha"": 0.01, ""model__l1_ratio"": 0.1}"
951,2,arousal,elastic_net,0.625,0.5454271521989091,0.07957284780109086,"{""model__alpha"": 0.01, ""model__l1_ratio"": 0.1}"
967,2,arousal,elastic_net,0.675,0.626515029106298,0.04848497089370207,"{""model__alpha"": 0.01, ""model__l1_ratio"": 0.1}"
973,2,arousal,elastic_net,0.575,0.6759469651752615,0.10094696517526158,"{""model__alpha"": 0.01, ""model__l1_ratio"": 0.1}"
979,2,arousal,elastic_net,0.3625,0.33214516379806047,0.030354836201939517,"{""model__alpha"": 0.01, ""model__l1_ratio"": 0.1}"
985,2,arousal,elastic_net,0.75,0.704688169039749,0.04531183096025104,"{""model__alpha"": 0.01, ""model__l1_ratio"": 0.1}"
992,2,arousal,elastic_net,0.4625,0.6281084178106767,0.1656084178106767,"{""model__alpha"": 0.01, ""model__l1_ratio"": 0.1}"
993,2,arousal,elastic_net,0.8625,0.7642734277006825,0.09822657229931753,"{""model__alpha"": 0.01, ""model__l1_ratio"": 0.1}"
997,2,arousal,elastic_net,0.7125,0.8276594833073262,0.11515948330732617,"{""model__alpha"": 0.01, ""model__l1_ratio"": 0.1}"
999,2,arousal,elastic_net,0.875,0.9000044128387933,0.02500441283879329,"{""model__alpha"": 0.01, ""model__l1_ratio"": 0.1}"
7,3,arousal,elastic_net,0.7,0.6704956619847063,0.02950433801529362,"{""model__alpha"": 0.01, ""model__l1_ratio"": 0.1}"
13,3,arousal,elastic_net,0.825,0.8202840719095441,0.004715928090455845,"{""model__alpha"": 0.01, ""model__l1_ratio"": 0.1}"
14,3,arousal,elastic_net,0.5625,0.532629765448309,0.02987023455169102,"{""model__alpha"": 0.01, ""model__l1_ratio"": 0.1}"
17,3,arousal,elastic_net,0.825,0.7030559776895805,0.12194402231041945,"{""model__alpha"": 0.01, ""model__l1_ratio"": 0.1}"
31,3,arousal,elastic_net,0.625,0.5370500351126679,0.08794996488733209,"{""model__alpha"": 0.01, ""model__l1_ratio"": 0.1}"
57,3,arousal,elastic_net,0.525,0.5121059561875729,0.012894043812427092,"{""model__alpha"": 0.01, ""model__l1_ratio"": 0.1}"
76,3,arousal,elastic_net,0.6375,0.5439971999241324,0.09350280007586753,"{""model__alpha"": 0.01, ""model__l1_ratio"": 0.1}"
79,3,arousal,elastic_net,0.925,0.8226552857837539,0.10234471421624614,"{""model__alpha"": 0.01, ""model__l1_ratio"": 0.1}"
83,3,arousal,elastic_net,0.775,0.734501512807831,0.040498487192168975,"{""model__alpha"": 0.01, ""model__l1_ratio"": 0.1}"
98,3,arousal,elastic_net,0.7375,0.7231598307503869,0.014340169249613122,"{""model__alpha"": 0.01, ""model__l1_ratio"": 0.1}"
105,3,arousal,elastic_net,0.275,0.5018574642584419,0.2268574642584419,"{""model__alpha"": 0.01, ""model__l1_ratio"": 0.1}"
114,3,arousal,elastic_net,0.7375,0.5858078629799814,0.1516921370200186,"{""model__alpha"": 0.01, ""model__l1_ratio"": 0.1}"
115,3,arousal,elastic_net,0.8,0.8185325635560318,0.018532563556031723,"{""model__alpha"": 0.01, ""model__l1_ratio"": 0.1}"
132,3,arousal,elastic_net,0.85,0.7482149682582262,0.10178503174177378,"{""model__alpha"": 0.01, ""model__l1_ratio"": 0.1}"
135,3,arousal,elastic_net,0.7375,0.6673039145095557,0.07019608549044432,"{""model__alpha"": 0.01, ""model__l1_ratio"": 0.1}"
138,3,arousal,elastic_net,0.6625,0.6519141343240425,0.010585865675957429,"{""model__alpha"": 0.01, ""model__l1_ratio"": 0.1}"
148,3,arousal,elastic_net,0.4,0.372662751516348,0.027337248483652044,"{""model__alpha"": 0.01, ""model__l1_ratio"": 0.1}"
150,3,arousal,elastic_net,0.7375,0.6081678672444962,0.12933213275550381,"{""model__alpha"": 0.01, ""model__l1_ratio"": 0.1}"
151,3,arousal,elastic_net,0.325,0.42442746183583424,0.09942746183583423,"{""model__alpha"": 0.01, ""model__l1_ratio"": 0.1}"
158,3,arousal,elastic_net,0.725,0.6636766350175506,0.06132336498244939,"{""model__alpha"": 0.01, ""model__l1_ratio"": 0.1}"
168,3,arousal,elastic_net,0.7125,0.6389799370651088,0.07352006293489122,"{""model__alpha"": 0.01, ""model__l1_ratio"": 0.1}"
169,3,arousal,elastic_net,0.675,0.6942805199555426,0.019280519955542585,"{""model__alpha"": 0.01, ""model__l1_ratio"": 0.1}"
175,3,arousal,elastic_net,0.475,0.5060400874791944,0.0310400874791944,"{""model__alpha"": 0.01, ""model__l1_ratio"": 0.1}"
203,3,arousal,elastic_net,0.775,0.7230590911222337,0.05194090887776637,"{""model__alpha"": 0.01, ""model__l1_ratio"": 0.1}"
209,3,arousal,elastic_net,0.6875,0.7608504363911641,0.07335043639116412,"{""model__alpha"": 0.01, ""model__l1_ratio"": 0.1}"
212,3,arousal,elastic_net,0.6625,0.7683448490462568,0.1058448490462568,"{""model__alpha"": 0.01, ""model__l1_ratio"": 0.1}"
213,3,arousal,elastic_net,0.5625,0.5408956947803358,0.021604305219664166,"{""model__alpha"": 0.01, ""model__l1_ratio"": 0.1}"
216,3,arousal,elastic_net,0.65,0.6122944048819837,0.0377055951180163,"{""model__alpha"": 0.01, ""model__l1_ratio"": 0.1}"
221,3,arousal,elastic_net,0.8125,0.8354370691616586,0.022937069161658608,"{""model__alpha"": 0.01, ""model__l1_ratio"": 0.1}"
224,3,arousal,elastic_net,0.5875,0.370141996937799,0.21735800306220104,"{""model__alpha"": 0.01, ""model__l1_ratio"": 0.1}"
225,3,arousal,elastic_net,0.4125,0.4509427877710417,0.03844278777104171,"{""model__alpha"": 0.01, ""model__l1_ratio"": 0.1}"
227,3,arousal,elastic_net,0.475,0.38673628557187756,0.08826371442812242,"{""model__alpha"": 0.01, ""model__l1_ratio"": 0.1}"
232,3,arousal,elastic_net,0.4125,0.4235203883052999,0.011020388305299944,"{""model__alpha"": 0.01, ""model__l1_ratio"": 0.1}"
241,3,arousal,elastic_net,0.525,0.5023703760072344,0.02262962399276558,"{""model__alpha"": 0.01, ""model__l1_ratio"": 0.1}"
282,3,arousal,elastic_net,0.5375,0.5985111616633938,0.06101116166339382,"{""model__alpha"": 0.01, ""model__l1_ratio"": 0.1}"
287,3,arousal,elastic_net,0.5,0.49883500135847225,0.001164998641527748,"{""model__alpha"": 0.01, ""model__l1_ratio"": 0.1}"
293,3,arousal,elastic_net,0.6375,0.6550637710340149,0.017563771034014963,"{""model__alpha"": 0.01, ""model__l1_ratio"": 0.1}"
297,3,arousal,elastic_net,0.675,0.5991136645486339,0.07588633545136614,"{""model__alpha"": 0.01, ""model__l1_ratio"": 0.1}"
302,3,arousal,elastic_net,0.5,0.5451164811203909,0.045116481120390906,"{""model__alpha"": 0.01, ""model__l1_ratio"": 0.1}"
305,3,arousal,elastic_net,0.9375,0.7758230466887132,0.16167695331128684,"{""model__alpha"": 0.01, ""model__l1_ratio"": 0.1}"
313,3,arousal,elastic_net,0.5375,0.7160487806347218,0.1785487806347218,"{""model__alpha"": 0.01, ""model__l1_ratio"": 0.1}"
325,3,arousal,elastic_net,0.4875,0.550155182242412,0.06265518224241201,"{""model__alpha"": 0.01, ""model__l1_ratio"": 0.1}"
336,3,arousal,elastic_net,0.75,0.7388404892210634,0.011159510778936621,"{""model__alpha"": 0.01, ""model__l1_ratio"": 0.1}"
351,3,arousal,elastic_net,0.275,0.5432409894924785,0.26824098949247843,"{""model__alpha"": 0.01, ""model__l1_ratio"": 0.1}"
360,3,arousal,elastic_net,0.5875,0.5550538627026856,0.03244613729731438,"{""model__alpha"": 0.01, ""model__l1_ratio"": 0.1}"
364,3,arousal,elastic_net,0.375,0.5177726993960587,0.14277269939605874,"{""model__alpha"": 0.01, ""model__l1_ratio"": 0.1}"
366,3,arousal,elastic_net,0.2625,0.39475350174945284,0.13225350174945283,"{""model__alpha"": 0.01, ""model__l1_ratio"": 0.1}"
382,3,arousal,elastic_net,0.886363636364,0.737076070809463,0.14928756555453693,"{""model__alpha"": 0.01, ""model__l1_ratio"": 0.1}"
394,3,arousal,elastic_net,0.75,0.6349457112428407,0.11505428875715928,"{""model__alpha"": 0.01, ""model__l1_ratio"": 0.1}"
398,3,arousal,elastic_net,0.4375,0.2083405491723258,0.2291594508276742,"{""model__alpha"": 0.01, ""model__l1_ratio"": 0.1}"
401,3,arousal,elastic_net,0.35,0.22418127139403948,0.1258187286059605,"{""model__alpha"": 0.01, ""model__l1_ratio"": 0.1}"
402,3,arousal,elastic_net,0.85,0.8063156906995969,0.043684309300403124,"{""model__alpha"": 0.01, ""model__l1_ratio"": 0.1}"
410,3,arousal,elastic_net,0.7,0.6669559047232032,0.03304409527679675,"{""model__alpha"": 0.01, ""model__l1_ratio"": 0.1}"
417,3,arousal,elastic_net,0.8625,0.908623220366372,0.04612322036637195,"{""model__alpha"": 0.01, ""model__l1_ratio"": 0.1}"
421,3,arousal,elastic_net,0.85,0.719239321468891,0.13076067853110895,"{""model__alpha"": 0.01, ""model__l1_ratio"": 0.1}"
424,3,arousal,elastic_net,0.55,0.5401280069658311,0.009871993034168969,"{""model__alpha"": 0.01, ""model__l1_ratio"": 0.1}"
429,3,arousal,elastic_net,0.225,0.34372724348195893,0.11872724348195893,"{""model__alpha"": 0.01, ""model__l1_ratio"": 0.1}"
431,3,arousal,elastic_net,0.525,0.4223626600035739,0.1026373399964261,"{""model__alpha"": 0.01, ""model__l1_ratio"": 0.1}"
437,3,arousal,elastic_net,0.1875,0.31664707421132365,0.12914707421132365,"{""model__alpha"": 0.01, ""model__l1_ratio"": 0.1}"
440,3,arousal,elastic_net,0.3,0.4132228829879026,0.11322288298790262,"{""model__alpha"": 0.01, ""model__l1_ratio"": 0.1}"
445,3,arousal,elastic_net,0.5875,0.5889573220854083,0.0014573220854082747,"{""model__alpha"": 0.01, ""model__l1_ratio"": 0.1}"
446,3,arousal,elastic_net,0.425,0.5066907681643105,0.08169076816431048,"{""model__alpha"": 0.01, ""model__l1_ratio"": 0.1}"
447,3,arousal,elastic_net,0.5875,0.5487294835573024,0.03877051644269758,"{""model__alpha"": 0.01, ""model__l1_ratio"": 0.1}"
448,3,arousal,elastic_net,0.775,0.7486865249618673,0.02631347503813275,"{""model__alpha"": 0.01, ""model__l1_ratio"": 0.1}"
450,3,arousal,elastic_net,0.75,0.765680095913114,0.015680095913114034,"{""model__alpha"": 0.01, ""model__l1_ratio"": 0.1}"
451,3,arousal,elastic_net,0.9,0.8382165055039725,0.06178349449602749,"{""model__alpha"": 0.01, ""model__l1_ratio"": 0.1}"
456,3,arousal,elastic_net,0.7,0.7036546959018201,0.003654695901820104,"{""model__alpha"": 0.01, ""model__l1_ratio"": 0.1}"
482,3,arousal,elastic_net,0.556818181818,0.6819615192846898,0.12514333746668982,"{""model__alpha"": 0.01, ""model__l1_ratio"": 0.1}"
485,3,arousal,elastic_net,0.7125,0.7483409339289909,0.0358409339289909,"{""model__alpha"": 0.01, ""model__l1_ratio"": 0.1}"
488,3,arousal,elastic_net,0.6625,0.6236479927733237,0.038852007226676255,"{""model__alpha"": 0.01, ""model__l1_ratio"": 0.1}"
494,3,arousal,elastic_net,0.8,0.7224154443606351,0.07758455563936495,"{""model__alpha"": 0.01, ""model__l1_ratio"": 0.1}"
510,3,arousal,elastic_net,0.7125,0.7781251458033389,0.06562514580333889,"{""model__alpha"": 0.01, ""model__l1_ratio"": 0.1}"
511,3,arousal,elastic_net,0.6875,0.8128777635468418,0.12537776354684183,"{""model__alpha"": 0.01, ""model__l1_ratio"": 0.1}"
520,3,arousal,elastic_net,0.6625,0.6021036432678092,0.06039635673219079,"{""model__alpha"": 0.01, ""model__l1_ratio"": 0.1}"
523,3,arousal,elastic_net,0.3375,0.37856665585409766,0.04106665585409763,"{""model__alpha"": 0.01, ""model__l1_ratio"": 0.1}"
565,3,arousal,elastic_net,0.725,0.8216800307567805,0.09668003075678056,"{""model__alpha"": 0.01, ""model__l1_ratio"": 0.1}"
568,3,arousal,elastic_net,0.975,0.8966195537798687,0.0783804462201313,"{""model__alpha"": 0.01, ""model__l1_ratio"": 0.1}"
579,3,arousal,elastic_net,0.2625,0.5733993563717336,0.31089935637173355,"{""model__alpha"": 0.01, ""model__l1_ratio"": 0.1}"
583,3,arousal,elastic_net,0.5125,0.48353369836380355,0.0289663016361964,"{""model__alpha"": 0.01, ""model__l1_ratio"": 0.1}"
585,3,arousal,elastic_net,0.525,0.4758661745085371,0.049133825491462946,"{""model__alpha"": 0.01, ""model__l1_ratio"": 0.1}"
587,3,arousal,elastic_net,0.3875,0.5093924008979368,0.12189240089793679,"{""model__alpha"": 0.01, ""model__l1_ratio"": 0.1}"
590,3,arousal,elastic_net,0.4625,0.5544572408940445,0.09195724089404445,"{""model__alpha"": 0.01, ""model__l1_ratio"": 0.1}"
597,3,arousal,elastic_net,0.8,0.7643263256266626,0.03567367437333746,"{""model__alpha"": 0.01, ""model__l1_ratio"": 0.1}"
605,3,arousal,elastic_net,0.9375,0.8953268349931081,0.042173165006891944,"{""model__alpha"": 0.01, ""model__l1_ratio"": 0.1}"
609,3,arousal,elastic_net,0.4375,0.5461741713659352,0.10867417136593516,"{""model__alpha"": 0.01, ""model__l1_ratio"": 0.1}"
612,3,arousal,elastic_net,0.4625,0.516908004598693,0.054408004598692994,"{""model__alpha"": 0.01, ""model__l1_ratio"": 0.1}"
624,3,arousal,elastic_net,0.575,0.6308242797837643,0.05582427978376436,"{""model__alpha"": 0.01, ""model__l1_ratio"": 0.1}"
626,3,arousal,elastic_net,0.9375,0.8638790016889459,0.07362099831105406,"{""model__alpha"": 0.01, ""model__l1_ratio"": 0.1}"
627,3,arousal,elastic_net,0.6125,0.7243434790660613,0.11184347906606129,"{""model__alpha"": 0.01, ""model__l1_ratio"": 0.1}"
631,3,arousal,elastic_net,0.55,0.6723023240544912,0.12230232405449115,"{""model__alpha"": 0.01, ""model__l1_ratio"": 0.1}"
636,3,arousal,elastic_net,0.7625,0.7988629980155936,0.03636299801559362,"{""model__alpha"": 0.01, ""model__l1_ratio"": 0.1}"
653,3,arousal,elastic_net,0.575,0.7388055296195811,0.16380552961958117,"{""model__alpha"": 0.01, ""model__l1_ratio"": 0.1}"
654,3,arousal,elastic_net,0.8875,0.8609818531605489,0.026518146839451084,"{""model__alpha"": 0.01, ""model__l1_ratio"": 0.1}"
660,3,arousal,elastic_net,0.8375,0.5857776514429293,0.25172234855707076,"{""model__alpha"": 0.01, ""model__l1_ratio"": 0.1}"
668,3,arousal,elastic_net,0.725,0.6551942631658955,0.06980573683410451,"{""model__alpha"": 0.01, ""model__l1_ratio"": 0.1}"
670,3,arousal,elastic_net,0.35,0.3559634805652031,0.0059634805652031275,"{""model__alpha"": 0.01, ""model__l1_ratio"": 0.1}"
672,3,arousal,elastic_net,0.55,0.5947450757523145,0.044745075752314456,"{""model__alpha"": 0.01, ""model__l1_ratio"": 0.1}"
677,3,arousal,elastic_net,0.5625,0.7236497215602347,0.16114972156023466,"{""model__alpha"": 0.01, ""model__l1_ratio"": 0.1}"
679,3,arousal,elastic_net,0.7,0.6058087541634055,0.09419124583659444,"{""model__alpha"": 0.01, ""model__l1_ratio"": 0.1}"
688,3,arousal,elastic_net,0.4625,0.5371114092841791,0.07461140928417909,"{""model__alpha"": 0.01, ""model__l1_ratio"": 0.1}"
689,3,arousal,elastic_net,0.425,0.6430676350165696,0.21806763501656962,"{""model__alpha"": 0.01, ""model__l1_ratio"": 0.1}"
700,3,arousal,elastic_net,0.35,0.3504558305950716,0.000455830595071649,"{""model__alpha"": 0.01, ""model__l1_ratio"": 0.1}"
704,3,arousal,elastic_net,0.625,0.5465940991733652,0.07840590082663479,"{""model__alpha"": 0.01, ""model__l1_ratio"": 0.1}"
706,3,arousal,elastic_net,0.4,0.5356258219992274,0.13562582199922735,"{""model__alpha"": 0.01, ""model__l1_ratio"": 0.1}"
713,3,arousal,elastic_net,0.6875,0.7766883158709598,0.08918831587095977,"{""model__alpha"": 0.01, ""model__l1_ratio"": 0.1}"
715,3,arousal,elastic_net,0.325,0.5106338890682588,0.18563388906825878,"{""model__alpha"": 0.01, ""model__l1_ratio"": 0.1}"
727,3,arousal,elastic_net,0.55,0.5232353958387562,0.02676460416124382,"{""model__alpha"": 0.01, ""model__l1_ratio"": 0.1}"
732,3,arousal,elastic_net,0.6375,0.5195937721922541,0.11790622780774584,"{""model__alpha"": 0.01, ""model__l1_ratio"": 0.1}"
733,3,arousal,elastic_net,0.5,0.45286537880239575,0.047134621197604254,"{""model__alpha"": 0.01, ""model__l1_ratio"": 0.1}"
736,3,arousal,elastic_net,0.4875,0.695617318792866,0.20811731879286605,"{""model__alpha"": 0.01, ""model__l1_ratio"": 0.1}"
741,3,arousal,elastic_net,0.475,0.5339715262970945,0.05897152629709457,"{""model__alpha"": 0.01, ""model__l1_ratio"": 0.1}"
745,3,arousal,elastic_net,0.75,0.5583122402206441,0.19168775977935593,"{""model__alpha"": 0.01, ""model__l1_ratio"": 0.1}"
747,3,arousal,elastic_net,0.8,0.7827805295651531,0.01721947043484695,"{""model__alpha"": 0.01, ""model__l1_ratio"": 0.1}"
752,3,arousal,elastic_net,0.8375,0.6224797760148605,0.21502022398513954,"{""model__alpha"": 0.01, ""model__l1_ratio"": 0.1}"
753,3,arousal,elastic_net,0.7625,0.7234603546145022,0.03903964538549776,"{""model__alpha"": 0.01, ""model__l1_ratio"": 0.1}"
754,3,arousal,elastic_net,0.65,0.696357779215406,0.04635777921540596,"{""model__alpha"": 0.01, ""model__l1_ratio"": 0.1}"
770,3,arousal,elastic_net,0.5625,0.7358368064777996,0.1733368064777996,"{""model__alpha"": 0.01, ""model__l1_ratio"": 0.1}"
779,3,arousal,elastic_net,0.75,0.7267040532415874,0.023295946758412622,"{""model__alpha"": 0.01, ""model__l1_ratio"": 0.1}"
783,3,arousal,elastic_net,0.475,0.5640974599148291,0.08909745991482909,"{""model__alpha"": 0.01, ""model__l1_ratio"": 0.1}"
790,3,arousal,elastic_net,0.6875,0.7045170628357346,0.017017062835734564,"{""model__alpha"": 0.01, ""model__l1_ratio"": 0.1}"
792,3,arousal,elastic_net,0.85,0.723592724276165,0.12640727572383503,"{""model__alpha"": 0.01, ""model__l1_ratio"": 0.1}"
793,3,arousal,elastic_net,0.7125,0.6439021012305889,0.06859789876941114,"{""model__alpha"": 0.01, ""model__l1_ratio"": 0.1}"
803,3,arousal,elastic_net,0.6875,0.656943348012109,0.030556651987891037,"{""model__alpha"": 0.01, ""model__l1_ratio"": 0.1}"
807,3,arousal,elastic_net,0.3375,0.14620988073413022,0.1912901192658698,"{""model__alpha"": 0.01, ""model__l1_ratio"": 0.1}"
808,3,arousal,elastic_net,0.325,0.16161675263902764,0.16338324736097237,"{""model__alpha"": 0.01, ""model__l1_ratio"": 0.1}"
816,3,arousal,elastic_net,0.3,0.26327658136254195,0.03672341863745804,"{""model__alpha"": 0.01, ""model__l1_ratio"": 0.1}"
829,3,arousal,elastic_net,0.8,0.7897860053332535,0.010213994666746551,"{""model__alpha"": 0.01, ""model__l1_ratio"": 0.1}"
831,3,arousal,elastic_net,0.8375,0.7787396702976441,0.058760329702355896,"{""model__alpha"": 0.01, ""model__l1_ratio"": 0.1}"
839,3,arousal,elastic_net,0.75,0.7111918625420377,0.0388081374579623,"{""model__alpha"": 0.01, ""model__l1_ratio"": 0.1}"
850,3,arousal,elastic_net,0.775,0.7812032552458896,0.006203255245889605,"{""model__alpha"": 0.01, ""model__l1_ratio"": 0.1}"
851,3,arousal,elastic_net,0.4625,0.6332516813261614,0.17075168132616136,"{""model__alpha"": 0.01, ""model__l1_ratio"": 0.1}"
857,3,arousal,elastic_net,0.675,0.673595381638618,0.0014046183613820595,"{""model__alpha"": 0.01, ""model__l1_ratio"": 0.1}"
863,3,arousal,elastic_net,0.575,0.593345304595285,0.01834530459528505,"{""model__alpha"": 0.01, ""model__l1_ratio"": 0.1}"
864,3,arousal,elastic_net,0.488636363636,0.6192946681213141,0.13065830448531407,"{""model__alpha"": 0.01, ""model__l1_ratio"": 0.1}"
871,3,arousal,elastic_net,0.75,0.7214838075476729,0.02851619245232706,"{""model__alpha"": 0.01, ""model__l1_ratio"": 0.1}"
886,3,arousal,elastic_net,0.525,0.5303274081270434,0.005327408127043354,"{""model__alpha"": 0.01, ""model__l1_ratio"": 0.1}"
888,3,arousal,elastic_net,0.675,0.5286089099406384,0.14639109005936168,"{""model__alpha"": 0.01, ""model__l1_ratio"": 0.1}"
897,3,arousal,elastic_net,0.3875,0.49271299733065366,0.10521299733065365,"{""model__alpha"": 0.01, ""model__l1_ratio"": 0.1}"
904,3,arousal,elastic_net,0.7,0.5995904658448655,0.10040953415513443,"{""model__alpha"": 0.01, ""model__l1_ratio"": 0.1}"
905,3,arousal,elastic_net,0.475,0.5464501760586988,0.07145017605869886,"{""model__alpha"": 0.01, ""model__l1_ratio"": 0.1}"
911,3,arousal,elastic_net,0.525,0.38928355819920174,0.13571644180079828,"{""model__alpha"": 0.01, ""model__l1_ratio"": 0.1}"
919,3,arousal,elastic_net,0.6,0.6156252957140682,0.015625295714068232,"{""model__alpha"": 0.01, ""model__l1_ratio"": 0.1}"
926,3,arousal,elastic_net,0.25,0.2972904557625618,0.0472904557625618,"{""model__alpha"": 0.01, ""model__l1_ratio"": 0.1}"
937,3,arousal,elastic_net,0.6,0.6875595867656012,0.08755958676560127,"{""model__alpha"": 0.01, ""model__l1_ratio"": 0.1}"
941,3,arousal,elastic_net,0.125,0.16484629014667007,0.03984629014667007,"{""model__alpha"": 0.01, ""model__l1_ratio"": 0.1}"
943,3,arousal,elastic_net,0.625,0.43600977887396425,0.18899022112603575,"{""model__alpha"": 0.01, ""model__l1_ratio"": 0.1}"
945,3,arousal,elastic_net,0.675,0.6178813518786379,0.05711864812136214,"{""model__alpha"": 0.01, ""model__l1_ratio"": 0.1}"
953,3,arousal,elastic_net,0.3375,0.4232032886915969,0.08570328869159688,"{""model__alpha"": 0.01, ""model__l1_ratio"": 0.1}"
964,3,arousal,elastic_net,0.5375,0.5655154534660326,0.028015453466032625,"{""model__alpha"": 0.01, ""model__l1_ratio"": 0.1}"
968,3,arousal,elastic_net,0.4875,0.6751517538141849,0.18765175381418492,"{""model__alpha"": 0.01, ""model__l1_ratio"": 0.1}"
971,3,arousal,elastic_net,0.5875,0.5966013117909971,0.009101311790997046,"{""model__alpha"": 0.01, ""model__l1_ratio"": 0.1}"
974,3,arousal,elastic_net,0.625,0.6290060031563415,0.0040060031563414755,"{""model__alpha"": 0.01, ""model__l1_ratio"": 0.1}"
983,3,arousal,elastic_net,0.775,0.9066600646404561,0.1316600646404561,"{""model__alpha"": 0.01, ""model__l1_ratio"": 0.1}"
21,4,arousal,elastic_net,0.8625,0.8326401555242533,0.029859844475746744,"{""model__alpha"": 0.01, ""model__l1_ratio"": 0.1}"
25,4,arousal,elastic_net,0.761363636364,0.727105967188264,0.034257669175735916,"{""model__alpha"": 0.01, ""model__l1_ratio"": 0.1}"
26,4,arousal,elastic_net,0.825,0.8924577675848246,0.06745776758482469,"{""model__alpha"": 0.01, ""model__l1_ratio"": 0.1}"
29,4,arousal,elastic_net,0.7,0.6873778709249561,0.012622129075043897,"{""model__alpha"": 0.01, ""model__l1_ratio"": 0.1}"
32,4,arousal,elastic_net,0.575,0.5748022327093671,0.00019776729063281095,"{""model__alpha"": 0.01, ""model__l1_ratio"": 0.1}"
34,4,arousal,elastic_net,0.6875,0.6724480732634248,0.015051926736575183,"{""model__alpha"": 0.01, ""model__l1_ratio"": 0.1}"
35,4,arousal,elastic_net,0.3375,0.41047618285815196,0.07297618285815194,"{""model__alpha"": 0.01, ""model__l1_ratio"": 0.1}"
40,4,arousal,elastic_net,0.375,0.5301648265671105,0.1551648265671105,"{""model__alpha"": 0.01, ""model__l1_ratio"": 0.1}"
42,4,arousal,elastic_net,0.7625,0.7169171752386612,0.04558282476133879,"{""model__alpha"": 0.01, ""model__l1_ratio"": 0.1}"
48,4,arousal,elastic_net,0.725,0.7288736199434138,0.003873619943413842,"{""model__alpha"": 0.01, ""model__l1_ratio"": 0.1}"
54,4,arousal,elastic_net,0.875,0.7918589192001749,0.08314108079982507,"{""model__alpha"": 0.01, ""model__l1_ratio"": 0.1}"
58,4,arousal,elastic_net,0.2625,0.4475379054990669,0.1850379054990669,"{""model__alpha"": 0.01, ""model__l1_ratio"": 0.1}"
59,4,arousal,elastic_net,0.6,0.47413721415163057,0.1258627858483694,"{""model__alpha"": 0.01, ""model__l1_ratio"": 0.1}"
60,4,arousal,elastic_net,0.420454545455,0.4588979873936778,0.038443441938677825,"{""model__alpha"": 0.01, ""model__l1_ratio"": 0.1}"
71,4,arousal,elastic_net,0.7625,0.7126403590853073,0.04985964091469264,"{""model__alpha"": 0.01, ""model__l1_ratio"": 0.1}"
80,4,arousal,elastic_net,0.725,0.7824522735193988,0.057452273519398855,"{""model__alpha"": 0.01, ""model__l1_ratio"": 0.1}"
81,4,arousal,elastic_net,0.6125,0.711478995757381,0.098978995757381,"{""model__alpha"": 0.01, ""model__l1_ratio"": 0.1}"
84,4,arousal,elastic_net,0.5,0.6679820069788354,0.16798200697883536,"{""model__alpha"": 0.01, ""model__l1_ratio"": 0.1}"
86,4,arousal,elastic_net,0.7,0.6850584557661717,0.014941544233828208,"{""model__alpha"": 0.01, ""model__l1_ratio"": 0.1}"
89,4,arousal,elastic_net,0.6875,0.6696026454512387,0.01789735454876129,"{""model__alpha"": 0.01, ""model__l1_ratio"": 0.1}"
91,4,arousal,elastic_net,0.8625,0.7715660060426396,0.09093399395736046,"{""model__alpha"": 0.01, ""model__l1_ratio"": 0.1}"
93,4,arousal,elastic_net,0.6125,0.5807418586335684,0.031758141366431625,"{""model__alpha"": 0.01, ""model__l1_ratio"": 0.1}"
96,4,arousal,elastic_net,0.875,0.8025621166766396,0.07243788332336043,"{""model__alpha"": 0.01, ""model__l1_ratio"": 0.1}"
103,4,arousal,elastic_net,0.5875,0.6460768019357583,0.058576801935758316,"{""model__alpha"": 0.01, ""model__l1_ratio"": 0.1}"
107,4,arousal,elastic_net,0.6,0.6349363262047834,0.034936326204783374,"{""model__alpha"": 0.01, ""model__l1_ratio"": 0.1}"
116,4,arousal,elastic_net,0.9,0.8560793329585533,0.043920667041446704,"{""model__alpha"": 0.01, ""model__l1_ratio"": 0.1}"
119,4,arousal,elastic_net,0.4875,0.3960062085167157,0.09149379148328429,"{""model__alpha"": 0.01, ""model__l1_ratio"": 0.1}"
120,4,arousal,elastic_net,0.7625,0.5694337476478907,0.19306625235210928,"{""model__alpha"": 0.01, ""model__l1_ratio"": 0.1}"
140,4,arousal,elastic_net,0.5625,0.6128579939037905,0.05035799390379048,"{""model__alpha"": 0.01, ""model__l1_ratio"": 0.1}"
144,4,arousal,elastic_net,0.8625,0.8516422070304841,0.010857792969515945,"{""model__alpha"": 0.01, ""model__l1_ratio"": 0.1}"
145,4,arousal,elastic_net,0.7625,0.8000814934103216,0.03758149341032169,"{""model__alpha"": 0.01, ""model__l1_ratio"": 0.1}"
159,4,arousal,elastic_net,0.875,0.8611287274122432,0.013871272587756778,"{""model__alpha"": 0.01, ""model__l1_ratio"": 0.1}"
167,4,arousal,elastic_net,0.8875,0.8247199451876877,0.0627800548123123,"{""model__alpha"": 0.01, ""model__l1_ratio"": 0.1}"
171,4,arousal,elastic_net,0.85,0.8952433271818041,0.04524332718180413,"{""model__alpha"": 0.01, ""model__l1_ratio"": 0.1}"
188,4,arousal,elastic_net,0.3125,0.5325039511350684,0.22000395113506843,"{""model__alpha"": 0.01, ""model__l1_ratio"": 0.1}"
201,4,arousal,elastic_net,0.625,0.6108647163505606,0.01413528364943939,"{""model__alpha"": 0.01, ""model__l1_ratio"": 0.1}"
215,4,arousal,elastic_net,0.525,0.5882489123142274,0.06324891231422736,"{""model__alpha"": 0.01, ""model__l1_ratio"": 0.1}"
229,4,arousal,elastic_net,0.45,0.5385355330963874,0.08853553309638734,"{""model__alpha"": 0.01, ""model__l1_ratio"": 0.1}"
235,4,arousal,elastic_net,0.45,0.5898423503658652,0.13984235036586518,"{""model__alpha"": 0.01, ""model__l1_ratio"": 0.1}"
258,4,arousal,elastic_net,0.675,0.47779982761525425,0.1972001723847458,"{""model__alpha"": 0.01, ""model__l1_ratio"": 0.1}"
260,4,arousal,elastic_net,0.4625,0.4358356111690841,0.02666438883091593,"{""model__alpha"": 0.01, ""model__l1_ratio"": 0.1}"
276,4,arousal,elastic_net,0.65,0.5954711391601715,0.05452886083982855,"{""model__alpha"": 0.01, ""model__l1_ratio"": 0.1}"
284,4,arousal,elastic_net,0.4625,0.5718291789275095,0.10932917892750948,"{""model__alpha"": 0.01, ""model__l1_ratio"": 0.1}"
285,4,arousal,elastic_net,0.5125,0.5077932444807642,0.004706755519235717,"{""model__alpha"": 0.01, ""model__l1_ratio"": 0.1}"
300,4,arousal,elastic_net,0.55,0.6876471659644865,0.13764716596448645,"{""model__alpha"": 0.01, ""model__l1_ratio"": 0.1}"
303,4,arousal,elastic_net,0.7375,0.5349688981261453,0.2025311018738547,"{""model__alpha"": 0.01, ""model__l1_ratio"": 0.1}"
316,4,arousal,elastic_net,0.8875,0.7084545784539609,0.17904542154603909,"{""model__alpha"": 0.01, ""model__l1_ratio"": 0.1}"
321,4,arousal,elastic_net,0.6875,0.6241580823942848,0.06334191760571517,"{""model__alpha"": 0.01, ""model__l1_ratio"": 0.1}"
326,4,arousal,elastic_net,0.6875,0.7425611291922152,0.055061129192215175,"{""model__alpha"": 0.01, ""model__l1_ratio"": 0.1}"
331,4,arousal,elastic_net,0.85,0.9405584234102566,0.09055842341025666,"{""model__alpha"": 0.01, ""model__l1_ratio"": 0.1}"
337,4,arousal,elastic_net,0.675,0.7372796480511136,0.06227964805111352,"{""model__alpha"": 0.01, ""model__l1_ratio"": 0.1}"
339,4,arousal,elastic_net,0.725,0.6586079406135111,0.06639205938648884,"{""model__alpha"": 0.01, ""model__l1_ratio"": 0.1}"
348,4,arousal,elastic_net,0.4625,0.3410064934389613,0.12149350656103874,"{""model__alpha"": 0.01, ""model__l1_ratio"": 0.1}"
350,4,arousal,elastic_net,0.2625,0.32388245035789437,0.06138245035789436,"{""model__alpha"": 0.01, ""model__l1_ratio"": 0.1}"
354,4,arousal,elastic_net,0.35,0.36827105515335606,0.018271055153356086,"{""model__alpha"": 0.01, ""model__l1_ratio"": 0.1}"
355,4,arousal,elastic_net,0.45,0.5009111843946856,0.050911184394685616,"{""model__alpha"": 0.01, ""model__l1_ratio"": 0.1}"
358,4,arousal,elastic_net,0.3875,0.45440648268674905,0.06690648268674904,"{""model__alpha"": 0.01, ""model__l1_ratio"": 0.1}"
383,4,arousal,elastic_net,0.5,0.526231251931017,0.026231251931017052,"{""model__alpha"": 0.01, ""model__l1_ratio"": 0.1}"
388,4,arousal,elastic_net,0.575,0.6975215559585773,0.12252155595857739,"{""model__alpha"": 0.01, ""model__l1_ratio"": 0.1}"
389,4,arousal,elastic_net,0.225,0.14775144205902646,0.07724855794097354,"{""model__alpha"": 0.01, ""model__l1_ratio"": 0.1}"
393,4,arousal,elastic_net,0.5375,0.6104515909130305,0.0729515909130305,"{""model__alpha"": 0.01, ""model__l1_ratio"": 0.1}"
395,4,arousal,elastic_net,0.7125,0.6500906661707025,0.062409333829297475,"{""model__alpha"": 0.01, ""model__l1_ratio"": 0.1}"
396,4,arousal,elastic_net,0.65,0.660433560044754,0.010433560044753931,"{""model__alpha"": 0.01, ""model__l1_ratio"": 0.1}"
409,4,arousal,elastic_net,0.9125,0.8664362744651822,0.046063725534817745,"{""model__alpha"": 0.01, ""model__l1_ratio"": 0.1}"
413,4,arousal,elastic_net,0.575,0.7139588280078744,0.1389588280078744,"{""model__alpha"": 0.01, ""model__l1_ratio"": 0.1}"
419,4,arousal,elastic_net,0.0875,0.018784863953977826,0.06871513604602217,"{""model__alpha"": 0.01, ""model__l1_ratio"": 0.1}"
423,4,arousal,elastic_net,0.8875,0.7817356336622454,0.10576436633775455,"{""model__alpha"": 0.01, ""model__l1_ratio"": 0.1}"
428,4,arousal,elastic_net,0.4875,0.4388502024113186,0.048649797588681376,"{""model__alpha"": 0.01, ""model__l1_ratio"": 0.1}"
433,4,arousal,elastic_net,0.3625,0.35778061036910125,0.00471938963089874,"{""model__alpha"": 0.01, ""model__l1_ratio"": 0.1}"
438,4,arousal,elastic_net,0.3375,0.29057319557913697,0.046926804420863055,"{""model__alpha"": 0.01, ""model__l1_ratio"": 0.1}"
439,4,arousal,elastic_net,0.225,0.27422593194599254,0.049225931945992535,"{""model__alpha"": 0.01, ""model__l1_ratio"": 0.1}"
444,4,arousal,elastic_net,0.7375,0.7505640616723811,0.013064061672381055,"{""model__alpha"": 0.01, ""model__l1_ratio"": 0.1}"
457,4,arousal,elastic_net,0.6625,0.6649122537352857,0.002412253735285752,"{""model__alpha"": 0.01, ""model__l1_ratio"": 0.1}"
458,4,arousal,elastic_net,0.75,0.7980983896576767,0.048098389657676655,"{""model__alpha"": 0.01, ""model__l1_ratio"": 0.1}"
460,4,arousal,elastic_net,0.8,0.7569613963153488,0.04303860368465129,"{""model__alpha"": 0.01, ""model__l1_ratio"": 0.1}"
468,4,arousal,elastic_net,0.7625,0.6816195907338594,0.0808804092661406,"{""model__alpha"": 0.01, ""model__l1_ratio"": 0.1}"
470,4,arousal,elastic_net,0.7625,0.688129590083025,0.07437040991697497,"{""model__alpha"": 0.01, ""model__l1_ratio"": 0.1}"
476,4,arousal,elastic_net,0.7,0.6795677694392785,0.02043223056072141,"{""model__alpha"": 0.01, ""model__l1_ratio"": 0.1}"
477,4,arousal,elastic_net,0.575,0.6779671017336664,0.10296710173366641,"{""model__alpha"": 0.01, ""model__l1_ratio"": 0.1}"
481,4,arousal,elastic_net,0.6875,0.712049565429837,0.024549565429836995,"{""model__alpha"": 0.01, ""model__l1_ratio"": 0.1}"
490,4,arousal,elastic_net,0.825,0.7082611747174491,0.11673882528255086,"{""model__alpha"": 0.01, ""model__l1_ratio"": 0.1}"
505,4,arousal,elastic_net,0.65,0.7662289808115121,0.11622898081151212,"{""model__alpha"": 0.01, ""model__l1_ratio"": 0.1}"
506,4,arousal,elastic_net,0.275,0.4413219593291343,0.1663219593291343,"{""model__alpha"": 0.01, ""model__l1_ratio"": 0.1}"
508,4,arousal,elastic_net,0.3625,0.44583376488248516,0.08333376488248517,"{""model__alpha"": 0.01, ""model__l1_ratio"": 0.1}"
514,4,arousal,elastic_net,0.85,0.7019120977669597,0.14808790223304025,"{""model__alpha"": 0.01, ""model__l1_ratio"": 0.1}"
518,4,arousal,elastic_net,0.425,0.4628146050252312,0.03781460502523121,"{""model__alpha"": 0.01, ""model__l1_ratio"": 0.1}"
524,4,arousal,elastic_net,0.5125,0.5554223501435785,0.04292235014357859,"{""model__alpha"": 0.01, ""model__l1_ratio"": 0.1}"
532,4,arousal,elastic_net,0.5375,0.3165938453781054,0.22090615462189456,"{""model__alpha"": 0.01, ""model__l1_ratio"": 0.1}"
534,4,arousal,elastic_net,0.1625,0.4849692101337956,0.3224692101337956,"{""model__alpha"": 0.01, ""model__l1_ratio"": 0.1}"
537,4,arousal,elastic_net,0.7625,0.7871974113442488,0.024697411344248854,"{""model__alpha"": 0.01, ""model__l1_ratio"": 0.1}"
539,4,arousal,elastic_net,0.6125,0.5666888441633408,0.04581115583665929,"{""model__alpha"": 0.01, ""model__l1_ratio"": 0.1}"
540,4,arousal,elastic_net,0.5125,0.7217854608882563,0.2092854608882564,"{""model__alpha"": 0.01, ""model__l1_ratio"": 0.1}"
541,4,arousal,elastic_net,0.275,0.40946215332474933,0.1344621533247493,"{""model__alpha"": 0.01, ""model__l1_ratio"": 0.1}"
561,4,arousal,elastic_net,0.825,0.7678086963290158,0.05719130367098413,"{""model__alpha"": 0.01, ""model__l1_ratio"": 0.1}"
563,4,arousal,elastic_net,0.7375,0.667484636856044,0.07001536314395607,"{""model__alpha"": 0.01, ""model__l1_ratio"": 0.1}"
564,4,arousal,elastic_net,0.9,0.7408639719745744,0.1591360280254256,"{""model__alpha"": 0.01, ""model__l1_ratio"": 0.1}"
567,4,arousal,elastic_net,0.875,0.9054717982640994,0.030471798264099403,"{""model__alpha"": 0.01, ""model__l1_ratio"": 0.1}"
573,4,arousal,elastic_net,0.7625,0.7774306297775154,0.01493062977751547,"{""model__alpha"": 0.01, ""model__l1_ratio"": 0.1}"
575,4,arousal,elastic_net,0.825,0.7649694154222417,0.06003058457775823,"{""model__alpha"": 0.01, ""model__l1_ratio"": 0.1}"
584,4,arousal,elastic_net,0.375,0.36515851567109814,0.009841484328901862,"{""model__alpha"": 0.01, ""model__l1_ratio"": 0.1}"
594,4,arousal,elastic_net,0.5125,0.40234800540450966,0.1101519945954903,"{""model__alpha"": 0.01, ""model__l1_ratio"": 0.1}"
595,4,arousal,elastic_net,0.3875,0.3826019373646176,0.004898062635382394,"{""model__alpha"": 0.01, ""model__l1_ratio"": 0.1}"
600,4,arousal,elastic_net,0.4125,0.42980287747976187,0.01730287747976189,"{""model__alpha"": 0.01, ""model__l1_ratio"": 0.1}"
602,4,arousal,elastic_net,0.6125,0.6041768653576515,0.008323134642348573,"{""model__alpha"": 0.01, ""model__l1_ratio"": 0.1}"
603,4,arousal,elastic_net,0.8125,0.8793865216086362,0.06688652160863617,"{""model__alpha"": 0.01, ""model__l1_ratio"": 0.1}"
607,4,arousal,elastic_net,0.7125,0.7800923329403652,0.06759233294036515,"{""model__alpha"": 0.01, ""model__l1_ratio"": 0.1}"
611,4,arousal,elastic_net,0.675,0.5727900298925334,0.10220997010746669,"{""model__alpha"": 0.01, ""model__l1_ratio"": 0.1}"
613,4,arousal,elastic_net,0.5875,0.7249969282292703,0.1374969282292703,"{""model__alpha"": 0.01, ""model__l1_ratio"": 0.1}"
615,4,arousal,elastic_net,0.7375,0.7403179031841027,0.002817903184102688,"{""model__alpha"": 0.01, ""model__l1_ratio"": 0.1}"
616,4,arousal,elastic_net,0.8625,0.8651536482782072,0.0026536482782071324,"{""model__alpha"": 0.01, ""model__l1_ratio"": 0.1}"
639,4,arousal,elastic_net,0.775,0.7592645086508242,0.015735491349175845,"{""model__alpha"": 0.01, ""model__l1_ratio"": 0.1}"
644,4,arousal,elastic_net,0.7375,0.6538279612689311,0.08367203873106899,"{""model__alpha"": 0.01, ""model__l1_ratio"": 0.1}"
650,4,arousal,elastic_net,0.6375,0.6279424782759987,0.009557521724001261,"{""model__alpha"": 0.01, ""model__l1_ratio"": 0.1}"
657,4,arousal,elastic_net,0.6,0.5260180503475912,0.07398194965240878,"{""model__alpha"": 0.01, ""model__l1_ratio"": 0.1}"
659,4,arousal,elastic_net,0.3875,0.5341048626602141,0.14660486266021405,"{""model__alpha"": 0.01, ""model__l1_ratio"": 0.1}"
674,4,arousal,elastic_net,0.3875,0.5553318713845649,0.16783187138456485,"{""model__alpha"": 0.01, ""model__l1_ratio"": 0.1}"
683,4,arousal,elastic_net,0.2375,0.2994653280351892,0.06196532803518923,"{""model__alpha"": 0.01, ""model__l1_ratio"": 0.1}"
693,4,arousal,elastic_net,0.6,0.620481265124123,0.02048126512412307,"{""model__alpha"": 0.01, ""model__l1_ratio"": 0.1}"
703,4,arousal,elastic_net,0.545454545455,0.5507413840472604,0.005286838592260312,"{""model__alpha"": 0.01, ""model__l1_ratio"": 0.1}"
716,4,arousal,elastic_net,0.5,0.5361565575849813,0.036156557584981264,"{""model__alpha"": 0.01, ""model__l1_ratio"": 0.1}"
726,4,arousal,elastic_net,0.7375,0.8189493490134574,0.08144934901345735,"{""model__alpha"": 0.01, ""model__l1_ratio"": 0.1}"
734,4,arousal,elastic_net,0.8375,0.6671527081417971,0.17034729185820296,"{""model__alpha"": 0.01, ""model__l1_ratio"": 0.1}"
740,4,arousal,elastic_net,0.7954545454549999,0.7823470163542418,0.013107529100758186,"{""model__alpha"": 0.01, ""model__l1_ratio"": 0.1}"
744,4,arousal,elastic_net,0.8125,0.7090897940337747,0.1034102059662253,"{""model__alpha"": 0.01, ""model__l1_ratio"": 0.1}"
760,4,arousal,elastic_net,0.7875,0.7618273928756321,0.02567260712436792,"{""model__alpha"": 0.01, ""model__l1_ratio"": 0.1}"
771,4,arousal,elastic_net,0.425,0.6608342295860065,0.23583422958600647,"{""model__alpha"": 0.01, ""model__l1_ratio"": 0.1}"
774,4,arousal,elastic_net,0.6375,0.7039481056663991,0.06644810566639914,"{""model__alpha"": 0.01, ""model__l1_ratio"": 0.1}"
775,4,arousal,elastic_net,0.3375,0.513238096878674,0.17573809687867403,"{""model__alpha"": 0.01, ""model__l1_ratio"": 0.1}"
778,4,arousal,elastic_net,0.9125,0.8290636271323765,0.08343637286762351,"{""model__alpha"": 0.01, ""model__l1_ratio"": 0.1}"
786,4,arousal,elastic_net,0.725,0.5627301313602389,0.16226986863976112,"{""model__alpha"": 0.01, ""model__l1_ratio"": 0.1}"
794,4,arousal,elastic_net,0.575,0.532451254602136,0.04254874539786391,"{""model__alpha"": 0.01, ""model__l1_ratio"": 0.1}"
798,4,arousal,elastic_net,0.7375,0.6950636826558373,0.042436317344162755,"{""model__alpha"": 0.01, ""model__l1_ratio"": 0.1}"
799,4,arousal,elastic_net,0.7625,0.7161940032891175,0.046305996710882424,"{""model__alpha"": 0.01, ""model__l1_ratio"": 0.1}"
806,4,arousal,elastic_net,0.6125,0.5722880892822128,0.04021191071778729,"{""model__alpha"": 0.01, ""model__l1_ratio"": 0.1}"
815,4,arousal,elastic_net,0.2875,0.29517137119029346,0.007671371190293486,"{""model__alpha"": 0.01, ""model__l1_ratio"": 0.1}"
824,4,arousal,elastic_net,0.8625,0.8182462754665023,0.04425372453349774,"{""model__alpha"": 0.01, ""model__l1_ratio"": 0.1}"
827,4,arousal,elastic_net,0.6,0.5993605318189927,0.0006394681810072411,"{""model__alpha"": 0.01, ""model__l1_ratio"": 0.1}"
830,4,arousal,elastic_net,0.775,0.7917074183210744,0.016707418321074363,"{""model__alpha"": 0.01, ""model__l1_ratio"": 0.1}"
832,4,arousal,elastic_net,0.85,0.7587079587909495,0.09129204120905043,"{""model__alpha"": 0.01, ""model__l1_ratio"": 0.1}"
848,4,arousal,elastic_net,0.7125,0.7527174405028152,0.04021744050281517,"{""model__alpha"": 0.01, ""model__l1_ratio"": 0.1}"
861,4,arousal,elastic_net,0.7625,0.8080076494234527,0.045507649423452756,"{""model__alpha"": 0.01, ""model__l1_ratio"": 0.1}"
868,4,arousal,elastic_net,0.7,0.6606324352555749,0.03936756474442504,"{""model__alpha"": 0.01, ""model__l1_ratio"": 0.1}"
913,4,arousal,elastic_net,0.35,0.46707581142540444,0.11707581142540446,"{""model__alpha"": 0.01, ""model__l1_ratio"": 0.1}"
927,4,arousal,elastic_net,0.5625,0.6444195352745599,0.08191953527455986,"{""model__alpha"": 0.01, ""model__l1_ratio"": 0.1}"
932,4,arousal,elastic_net,0.7,0.7265533353618845,0.026553335361884534,"{""model__alpha"": 0.01, ""model__l1_ratio"": 0.1}"
933,4,arousal,elastic_net,0.8125,0.7593751656697983,0.05312483433020165,"{""model__alpha"": 0.01, ""model__l1_ratio"": 0.1}"
950,4,arousal,elastic_net,0.7,0.7366768361827996,0.0366768361827996,"{""model__alpha"": 0.01, ""model__l1_ratio"": 0.1}"
958,4,arousal,elastic_net,0.825,0.7027611658959854,0.1222388341040146,"{""model__alpha"": 0.01, ""model__l1_ratio"": 0.1}"
959,4,arousal,elastic_net,0.8,0.6822319834874943,0.11776801651250579,"{""model__alpha"": 0.01, ""model__l1_ratio"": 0.1}"
962,4,arousal,elastic_net,0.6375,0.7414737270733333,0.1039737270733333,"{""model__alpha"": 0.01, ""model__l1_ratio"": 0.1}"
969,4,arousal,elastic_net,0.5125,0.6173905994621187,0.10489059946211876,"{""model__alpha"": 0.01, ""model__l1_ratio"": 0.1}"
970,4,arousal,elastic_net,0.7,0.5380849552702974,0.16191504472970253,"{""model__alpha"": 0.01, ""model__l1_ratio"": 0.1}"
980,4,arousal,elastic_net,0.6375,0.6910425361020185,0.053542536102018534,"{""model__alpha"": 0.01, ""model__l1_ratio"": 0.1}"
5,0,arousal,ridge,0.15,0.2820050223343854,0.1320050223343854,"{""model__alpha"": 100.0}"
9,0,arousal,ridge,0.45,0.6591165553401662,0.2091165553401662,"{""model__alpha"": 100.0}"
12,0,arousal,ridge,0.6875,0.59928351824373,0.08821648175626995,"{""model__alpha"": 100.0}"
18,0,arousal,ridge,0.8,0.6831354974889101,0.11686450251108993,"{""model__alpha"": 100.0}"
20,0,arousal,ridge,0.55,0.4388186546207655,0.11118134537923452,"{""model__alpha"": 100.0}"
23,0,arousal,ridge,0.625,0.6976572700202229,0.07265727002022293,"{""model__alpha"": 100.0}"
30,0,arousal,ridge,0.6125,0.6873907058890202,0.07489070588902014,"{""model__alpha"": 100.0}"
33,0,arousal,ridge,0.6375,0.5511451621631955,0.08635483783680442,"{""model__alpha"": 100.0}"
37,0,arousal,ridge,0.8,0.7274374096143461,0.07256259038565394,"{""model__alpha"": 100.0}"
38,0,arousal,ridge,0.8875,0.8615088986750046,0.02599110132499538,"{""model__alpha"": 100.0}"
49,0,arousal,ridge,0.7875,0.7616068882759095,0.02589311172409048,"{""model__alpha"": 100.0}"
63,0,arousal,ridge,0.375,0.4770281342532003,0.10202813425320029,"{""model__alpha"": 100.0}"
65,0,arousal,ridge,0.5875,0.513772252924172,0.07372774707582808,"{""model__alpha"": 100.0}"
69,0,arousal,ridge,0.7125,0.7074840525024293,0.0050159474975707274,"{""model__alpha"": 100.0}"
70,0,arousal,ridge,0.575,0.5952315395726882,0.020231539572688195,"{""model__alpha"": 100.0}"
75,0,arousal,ridge,0.9625,0.8938317311598123,0.06866826884018773,"{""model__alpha"": 100.0}"
87,0,arousal,ridge,0.6625,0.6711759243150976,0.008675924315097672,"{""model__alpha"": 100.0}"
90,0,arousal,ridge,0.65,0.7038680833046118,0.05386808330461179,"{""model__alpha"": 100.0}"
92,0,arousal,ridge,0.65,0.7038680833046118,0.05386808330461179,"{""model__alpha"": 100.0}"
100,0,arousal,ridge,0.175,0.3274589683208307,0.15245896832083072,"{""model__alpha"": 100.0}"
113,0,arousal,ridge,0.75,0.6917057472546752,0.05829425274532485,"{""model__alpha"": 100.0}"
124,0,arousal,ridge,0.9,0.8428428327411552,0.05715716725884479,"{""model__alpha"": 100.0}"
126,0,arousal,ridge,0.7,0.5929863016731074,0.10701369832689256,"{""model__alpha"": 100.0}"
128,0,arousal,ridge,0.5125,0.4261551543265728,0.08634484567342715,"{""model__alpha"": 100.0}"
136,0,arousal,ridge,0.625,0.5269688953085094,0.09803110469149057,"{""model__alpha"": 100.0}"
141,0,arousal,ridge,0.5375,0.5363141897468352,0.0011858102531647763,"{""model__alpha"": 100.0}"
142,0,arousal,ridge,0.6,0.5727639023681611,0.027236097631838874,"{""model__alpha"": 100.0}"
166,0,arousal,ridge,0.625,0.6439243706430134,0.018924370643013444,"{""model__alpha"": 100.0}"
174,0,arousal,ridge,0.477272727273,0.5449692919299942,0.0676965646569942,"{""model__alpha"": 100.0}"
176,0,arousal,ridge,0.7125,0.681671694622785,0.030828305377215037,"{""model__alpha"": 100.0}"
181,0,arousal,ridge,0.4875,0.4168398910734289,0.0706601089265711,"{""model__alpha"": 100.0}"
184,0,arousal,ridge,0.825,0.8199026833817187,0.005097316618281278,"{""model__alpha"": 100.0}"
187,0,arousal,ridge,0.7,0.5784954815124285,0.12150451848757149,"{""model__alpha"": 100.0}"
199,0,arousal,ridge,0.7875,0.7736887130783052,0.013811286921694754,"{""model__alpha"": 100.0}"
200,0,arousal,ridge,0.7,0.5549284458349062,0.14507155416509376,"{""model__alpha"": 100.0}"
202,0,arousal,ridge,0.85,0.7294910745209782,0.12050892547902181,"{""model__alpha"": 100.0}"
210,0,arousal,ridge,0.8125,0.8625657828050475,0.050065782805047476,"{""model__alpha"": 100.0}"
217,0,arousal,ridge,0.6125,0.7299606502435093,0.11746065024350927,"{""model__alpha"": 100.0}"
219,0,arousal,ridge,0.8375,0.7092979833348254,0.1282020166651746,"{""model__alpha"": 100.0}"
231,0,arousal,ridge,0.5375,0.5006808011098286,0.03681919889017138,"{""model__alpha"": 100.0}"
234,0,arousal,ridge,0.3875,0.5015687979493684,0.11406879794936836,"{""model__alpha"": 100.0}"
239,0,arousal,ridge,0.625,0.5836978301327826,0.04130216986721735,"{""model__alpha"": 100.0}"
242,0,arousal,ridge,0.625,0.5121097159236351,0.11289028407636492,"{""model__alpha"": 100.0}"
251,0,arousal,ridge,0.431818181818,0.5785074678929476,0.14668928607494758,"{""model__alpha"": 100.0}"
253,0,arousal,ridge,0.6125,0.47488140991483735,0.1376185900851627,"{""model__alpha"": 100.0}"
263,0,arousal,ridge,0.4125,0.30846795341854716,0.10403204658145282,"{""model__alpha"": 100.0}"
267,0,arousal,ridge,0.275,0.32713880535836026,0.05213880535836024,"{""model__alpha"": 100.0}"
269,0,arousal,ridge,0.5875,0.421483965150035,0.16601603484996502,"{""model__alpha"": 100.0}"
273,0,arousal,ridge,0.3375,0.2693867325079239,0.06811326749207613,"{""model__alpha"": 100.0}"
280,0,arousal,ridge,0.325,0.3310356989618572,0.006035698961857183,"{""model__alpha"": 100.0}"
292,0,arousal,ridge,0.95,0.8089857416543597,0.1410142583456403,"{""model__alpha"": 100.0}"
296,0,arousal,ridge,0.8125,0.7567672114276627,0.05573278857233732,"{""model__alpha"": 100.0}"
306,0,arousal,ridge,0.775,0.8036160073372276,0.028616007337227578,"{""model__alpha"": 100.0}"
307,0,arousal,ridge,0.9,0.7113574605478205,0.18864253945217957,"{""model__alpha"": 100.0}"
310,0,arousal,ridge,0.4,0.3528643761263932,0.04713562387360681,"{""model__alpha"": 100.0}"
312,0,arousal,ridge,0.8375,0.8777513028027388,0.04025130280273881,"{""model__alpha"": 100.0}"
318,0,arousal,ridge,0.725,0.7953670132416921,0.07036701324169214,"{""model__alpha"": 100.0}"
323,0,arousal,ridge,0.8625,0.7403531684857271,0.12214683151427297,"{""model__alpha"": 100.0}"
329,0,arousal,ridge,0.9375,0.9114949598647465,0.02600504013525351,"{""model__alpha"": 100.0}"
332,0,arousal,ridge,0.7625,0.6827681488104745,0.07973185118952542,"{""model__alpha"": 100.0}"
338,0,arousal,ridge,0.825,0.831364679573072,0.006364679573072074,"{""model__alpha"": 100.0}"
341,0,arousal,ridge,0.85,0.7063002551604767,0.1436997448395233,"{""model__alpha"": 100.0}"
347,0,arousal,ridge,0.1875,0.3930931364034132,0.2055931364034132,"{""model__alpha"": 100.0}"
353,0,arousal,ridge,0.525,0.49844958125389516,0.026550418746104865,"{""model__alpha"": 100.0}"
375,0,arousal,ridge,0.7375,0.7121683341550132,0.025331665844986806,"{""model__alpha"": 100.0}"
376,0,arousal,ridge,0.6,0.48614475384005507,0.11385524615994491,"{""model__alpha"": 100.0}"
399,0,arousal,ridge,0.6125,0.5039184714249623,0.10858152857503778,"{""model__alpha"": 100.0}"
411,0,arousal,ridge,0.175,0.3132193781291947,0.13821937812919471,"{""model__alpha"": 100.0}"
418,0,arousal,ridge,0.425,0.38298173950729364,0.04201826049270635,"{""model__alpha"": 100.0}"
420,0,arousal,ridge,0.775,0.7095661940242421,0.06543380597575787,"{""model__alpha"": 100.0}"
432,0,arousal,ridge,0.375,0.23620435037059728,0.13879564962940272,"{""model__alpha"": 100.0}"
434,0,arousal,ridge,0.5125,0.5413411252528353,0.02884112525283533,"{""model__alpha"": 100.0}"
455,0,arousal,ridge,0.875,0.7204247830746492,0.1545752169253508,"{""model__alpha"": 100.0}"
466,0,arousal,ridge,0.65,0.6841319516834103,0.03413195168341032,"{""model__alpha"": 100.0}"
478,0,arousal,ridge,0.65,0.6272811624761123,0.022718837523887703,"{""model__alpha"": 100.0}"
484,0,arousal,ridge,0.675,0.6083120805521371,0.0666879194478629,"{""model__alpha"": 100.0}"
486,0,arousal,ridge,0.375,0.4411897050121589,0.06618970501215887,"{""model__alpha"": 100.0}"
489,0,arousal,ridge,0.909090909091,0.823925982718247,0.08516492637275297,"{""model__alpha"": 100.0}"
491,0,arousal,ridge,0.575,0.5745002273659587,0.0004997726340412179,"{""model__alpha"": 100.0}"
492,0,arousal,ridge,0.9,0.7246410014537512,0.1753589985462488,"{""model__alpha"": 100.0}"
493,0,arousal,ridge,0.7375,0.7715377352776449,0.034037735277644865,"{""model__alpha"": 100.0}"
499,0,arousal,ridge,0.8625,0.7831188993163938,0.07938110068360626,"{""model__alpha"": 100.0}"
515,0,arousal,ridge,0.6125,0.6478060607969701,0.035306060796970073,"{""model__alpha"": 100.0}"
517,0,arousal,ridge,0.2625,0.44293275338940125,0.18043275338940123,"{""model__alpha"": 100.0}"
519,0,arousal,ridge,0.35,0.3589660807853451,0.00896608078534511,"{""model__alpha"": 100.0}"
522,0,arousal,ridge,0.5375,0.5257075252389016,0.011792474761098348,"{""model__alpha"": 100.0}"
530,0,arousal,ridge,0.295454545455,0.45827311205935106,0.16281856660435107,"{""model__alpha"": 100.0}"
542,0,arousal,ridge,0.7125,0.5534132557716349,0.1590867442283651,"{""model__alpha"": 100.0}"
544,0,arousal,ridge,0.45,0.49669830954465033,0.04669830954465032,"{""model__alpha"": 100.0}"
548,0,arousal,ridge,0.45,0.4878849181078225,0.03788491810782246,"{""model__alpha"": 100.0}"
550,0,arousal,ridge,0.4375,0.5080832568328245,0.07058325683282451,"{""model__alpha"": 100.0}"
555,0,arousal,ridge,0.7625,0.6923485382381657,0.07015146176183429,"{""model__alpha"": 100.0}"
560,0,arousal,ridge,0.6625,0.6891488546437391,0.026648854643739117,"{""model__alpha"": 100.0}"
569,0,arousal,ridge,0.7,0.7600766761791756,0.06007667617917567,"{""model__alpha"": 100.0}"
571,0,arousal,ridge,0.6625,0.6378599355925466,0.024640064407453366,"{""model__alpha"": 100.0}"
578,0,arousal,ridge,0.4625,0.4485152335009792,0.013984766499020806,"{""model__alpha"": 100.0}"
599,0,arousal,ridge,0.55,0.6570030983168369,0.10700309831683685,"{""model__alpha"": 100.0}"
601,0,arousal,ridge,0.6875,0.5516960088472956,0.13580399115270436,"{""model__alpha"": 100.0}"
629,0,arousal,ridge,0.7125,0.5800192065606552,0.13248079343934482,"{""model__alpha"": 100.0}"
632,0,arousal,ridge,0.8625,0.7365304073787122,0.12596959262128782,"{""model__alpha"": 100.0}"
638,0,arousal,ridge,0.775,0.8172010072484115,0.04220100724841147,"{""model__alpha"": 100.0}"
646,0,arousal,ridge,0.8625,0.799571888210227,0.06292811178977309,"{""model__alpha"": 100.0}"
649,0,arousal,ridge,0.4375,0.6684124214637662,0.23091242146376623,"{""model__alpha"": 100.0}"
662,0,arousal,ridge,0.675,0.6008651801937759,0.07413481980622416,"{""model__alpha"": 100.0}"
675,0,arousal,ridge,0.3125,0.3700826047441612,0.057582604744161214,"{""model__alpha"": 100.0}"
684,0,arousal,ridge,0.375,0.629713307148557,0.254713307148557,"{""model__alpha"": 100.0}"
685,0,arousal,ridge,0.625,0.7150978122958996,0.09009781229589964,"{""model__alpha"": 100.0}"
686,0,arousal,ridge,0.6,0.5708284215381182,0.029171578461881786,"{""model__alpha"": 100.0}"
698,0,arousal,ridge,0.3625,0.49354744483355834,0.13104744483355835,"{""model__alpha"": 100.0}"
699,0,arousal,ridge,0.7125,0.6961675356684789,0.016332464331521135,"{""model__alpha"": 100.0}"
707,0,arousal,ridge,0.3125,0.5122658036859571,0.1997658036859571,"{""model__alpha"": 100.0}"
719,0,arousal,ridge,0.525,0.6513021919829781,0.1263021919829781,"{""model__alpha"": 100.0}"
720,0,arousal,ridge,0.7375,0.6915330594996875,0.04596694050031258,"{""model__alpha"": 100.0}"
729,0,arousal,ridge,0.525,0.5012840718385911,0.023715928161408883,"{""model__alpha"": 100.0}"
742,0,arousal,ridge,0.725,0.5949401703477625,0.1300598296522375,"{""model__alpha"": 100.0}"
743,0,arousal,ridge,0.85,0.7130443545917874,0.1369556454082126,"{""model__alpha"": 100.0}"
746,0,arousal,ridge,0.6625,0.6340650775295349,0.028434922470465085,"{""model__alpha"": 100.0}"
749,0,arousal,ridge,0.525,0.5838675430905903,0.05886754309059028,"{""model__alpha"": 100.0}"
769,0,arousal,ridge,0.525,0.4622130819060009,0.06278691809399911,"{""model__alpha"": 100.0}"
772,0,arousal,ridge,0.8375,0.7420112878006483,0.09548871219935173,"{""model__alpha"": 100.0}"
776,0,arousal,ridge,0.6375,0.7299272046482934,0.09242720464829346,"{""model__alpha"": 100.0}"
780,0,arousal,ridge,0.5125,0.54293050829984,0.030430508299840064,"{""model__alpha"": 100.0}"
784,0,arousal,ridge,0.45,0.42473457794694525,0.025265422053054765,"{""model__alpha"": 100.0}"
788,0,arousal,ridge,0.6125,0.6903639108248153,0.07786391082481525,"{""model__alpha"": 100.0}"
789,0,arousal,ridge,0.35,0.031180757124487424,0.31881924287551255,"{""model__alpha"": 100.0}"
791,0,arousal,ridge,0.7875,0.8391536070721318,0.051653607072131846,"{""model__alpha"": 100.0}"
809,0,arousal,ridge,0.1875,0.18933245829719225,0.001832458297192252,"{""model__alpha"": 100.0}"
810,0,arousal,ridge,0.4125,0.32547178916714853,0.08702821083285145,"{""model__alpha"": 100.0}"
812,0,arousal,ridge,0.8,0.7468683318163472,0.05313166818365289,"{""model__alpha"": 100.0}"
820,0,arousal,ridge,0.6625,0.6387661255875811,0.02373387441241892,"{""model__alpha"": 100.0}"
821,0,arousal,ridge,0.7875,0.7737839944298068,0.013716005570193146,"{""model__alpha"": 100.0}"
835,0,arousal,ridge,0.6625,0.7644302915050825,0.10193029150508248,"{""model__alpha"": 100.0}"
842,0,arousal,ridge,0.6,0.5732931923365603,0.02670680766343969,"{""model__alpha"": 100.0}"
854,0,arousal,ridge,0.8375,0.8016104147778865,0.035889585222113496,"{""model__alpha"": 100.0}"
858,0,arousal,ridge,0.625,0.6817178012368498,0.056717801236849774,"{""model__alpha"": 100.0}"
865,0,arousal,ridge,0.8875,0.8118198783267906,0.07568012167320937,"{""model__alpha"": 100.0}"
870,0,arousal,ridge,0.65,0.6581962422236425,0.008196242223642458,"{""model__alpha"": 100.0}"
876,0,arousal,ridge,0.775,0.7360000337172075,0.038999966282792564,"{""model__alpha"": 100.0}"
883,0,arousal,ridge,0.8625,0.8424261666664323,0.020073833333567714,"{""model__alpha"": 100.0}"
890,0,arousal,ridge,0.7875,0.7449083985675994,0.042591601432400594,"{""model__alpha"": 100.0}"
895,0,arousal,ridge,0.6375,0.6188380113601043,0.018661988639895655,"{""model__alpha"": 100.0}"
903,0,arousal,ridge,0.7625,0.7810066253529997,0.01850662535299974,"{""model__alpha"": 100.0}"
906,0,arousal,ridge,0.325,0.4230198574799987,0.0980198574799987,"{""model__alpha"": 100.0}"
917,0,arousal,ridge,0.7375,0.7238870539349789,0.01361294606502117,"{""model__alpha"": 100.0}"
924,0,arousal,ridge,0.6125,0.5409954270143442,0.07150457298565582,"{""model__alpha"": 100.0}"
938,0,arousal,ridge,0.725,0.7762966166380973,0.05129661663809737,"{""model__alpha"": 100.0}"
939,0,arousal,ridge,0.725,0.7563397249500046,0.03133972495000459,"{""model__alpha"": 100.0}"
940,0,arousal,ridge,0.625,0.4505602188910619,0.1744397811089381,"{""model__alpha"": 100.0}"
946,0,arousal,ridge,0.425,0.5995251925123467,0.17452519251234672,"{""model__alpha"": 100.0}"
952,0,arousal,ridge,0.525,0.6475022035761001,0.12250220357610009,"{""model__alpha"": 100.0}"
965,0,arousal,ridge,0.5,0.5242822269436103,0.024282226943610263,"{""model__alpha"": 100.0}"
978,0,arousal,ridge,0.6875,0.6619508886787173,0.02554911132128268,"{""model__alpha"": 100.0}"
996,0,arousal,ridge,0.875,0.8669615023164826,0.008038497683517387,"{""model__alpha"": 100.0}"
1000,0,arousal,ridge,0.6625,0.9008080374600027,0.23830803746000273,"{""model__alpha"": 100.0}"
1,1,arousal,ridge,0.4,0.5175918338103225,0.11759183381032245,"{""model__alpha"": 100.0}"
4,1,arousal,ridge,0.2625,0.374976834738546,0.11247683473854597,"{""model__alpha"": 100.0}"
8,1,arousal,ridge,0.3875,0.5706015556280565,0.18310155562805647,"{""model__alpha"": 100.0}"
28,1,arousal,ridge,0.4875,0.6254074968340123,0.13790749683401232,"{""model__alpha"": 100.0}"
39,1,arousal,ridge,0.875,0.8365097216545587,0.038490278345441276,"{""model__alpha"": 100.0}"
46,1,arousal,ridge,0.8375,0.7970470859593388,0.0404529140406612,"{""model__alpha"": 100.0}"
52,1,arousal,ridge,0.5875,0.593507689344865,0.006007689344864953,"{""model__alpha"": 100.0}"
55,1,arousal,ridge,0.625,0.5194724857264131,0.10552751427358686,"{""model__alpha"": 100.0}"
61,1,arousal,ridge,0.375,0.4272826818874901,0.05228268188749008,"{""model__alpha"": 100.0}"
66,1,arousal,ridge,0.8625,0.8353345520041225,0.0271654479958775,"{""model__alpha"": 100.0}"
67,1,arousal,ridge,0.8,0.7698787522479142,0.0301212477520858,"{""model__alpha"": 100.0}"
72,1,arousal,ridge,0.75,0.7049361262707805,0.045063873729219495,"{""model__alpha"": 100.0}"
73,1,arousal,ridge,0.5375,0.6575679199603806,0.12006791996038058,"{""model__alpha"": 100.0}"
74,1,arousal,ridge,0.8875,0.7997389755099574,0.08776102449004253,"{""model__alpha"": 100.0}"
88,1,arousal,ridge,0.625,0.5492905265769084,0.07570947342309164,"{""model__alpha"": 100.0}"
94,1,arousal,ridge,0.7625,0.5924443053158756,0.1700556946841244,"{""model__alpha"": 100.0}"
102,1,arousal,ridge,0.7375,0.5975079421923,0.13999205780770008,"{""model__alpha"": 100.0}"
104,1,arousal,ridge,0.8375,0.7122792050137218,0.12522079498627825,"{""model__alpha"": 100.0}"
108,1,arousal,ridge,0.8625,0.8120952221883104,0.050404777811689616,"{""model__alpha"": 100.0}"
139,1,arousal,ridge,0.7125,0.5991150241142212,0.11338497588577878,"{""model__alpha"": 100.0}"
143,1,arousal,ridge,0.5625,0.600905109822644,0.038405109822644,"{""model__alpha"": 100.0}"
146,1,arousal,ridge,0.6625,0.7022290784196189,0.039729078419618924,"{""model__alpha"": 100.0}"
149,1,arousal,ridge,0.3875,0.4158560236069985,0.028356023606998515,"{""model__alpha"": 100.0}"
152,1,arousal,ridge,0.825,0.7754657791425423,0.04953422085745762,"{""model__alpha"": 100.0}"
156,1,arousal,ridge,0.6625,0.5776980387028908,0.08480196129710915,"{""model__alpha"": 100.0}"
160,1,arousal,ridge,0.825,0.8596890837219808,0.03468908372198087,"{""model__alpha"": 100.0}"
165,1,arousal,ridge,0.7375,0.8093691201874327,0.07186912018743263,"{""model__alpha"": 100.0}"
177,1,arousal,ridge,0.55,0.4564807975892809,0.09351920241071915,"{""model__alpha"": 100.0}"
180,1,arousal,ridge,0.575,0.5170848018761883,0.05791519812381163,"{""model__alpha"": 100.0}"
189,1,arousal,ridge,0.6875,0.4733485124818292,0.2141514875181708,"{""model__alpha"": 100.0}"
191,1,arousal,ridge,0.7625,0.5613411112072295,0.20115888879277044,"{""model__alpha"": 100.0}"
192,1,arousal,ridge,0.9375,0.7285524176402884,0.20894758235971156,"{""model__alpha"": 100.0}"
204,1,arousal,ridge,0.7375,0.5116354593008161,0.22586454069918394,"{""model__alpha"": 100.0}"
207,1,arousal,ridge,0.85,0.9378525582339221,0.08785255823392213,"{""model__alpha"": 100.0}"
220,1,arousal,ridge,0.6875,0.7100253027862871,0.02252530278628706,"{""model__alpha"": 100.0}"
222,1,arousal,ridge,0.6625,0.6577644827430598,0.004735517256940214,"{""model__alpha"": 100.0}"
233,1,arousal,ridge,0.4,0.45501676546759695,0.05501676546759693,"{""model__alpha"": 100.0}"
257,1,arousal,ridge,0.4125,0.4364776530612241,0.023977653061224125,"{""model__alpha"": 100.0}"
265,1,arousal,ridge,0.5125,0.5215936042875957,0.009093604287595758,"{""model__alpha"": 100.0}"
279,1,arousal,ridge,0.3625,0.6235207410246396,0.2610207410246396,"{""model__alpha"": 100.0}"
294,1,arousal,ridge,0.7,0.7820215210455076,0.08202152104550764,"{""model__alpha"": 100.0}"
299,1,arousal,ridge,0.25,0.5180304293117932,0.2680304293117932,"{""model__alpha"": 100.0}"
301,1,arousal,ridge,0.825,0.7157678211837321,0.1092321788162679,"{""model__alpha"": 100.0}"
304,1,arousal,ridge,0.9,0.8834174596835044,0.016582540316495642,"{""model__alpha"": 100.0}"
314,1,arousal,ridge,0.5625,0.6207891807245313,0.058289180724531264,"{""model__alpha"": 100.0}"
317,1,arousal,ridge,0.925,0.696561929095496,0.22843807090450408,"{""model__alpha"": 100.0}"
324,1,arousal,ridge,0.8875,0.7910804587001627,0.09641954129983721,"{""model__alpha"": 100.0}"
334,1,arousal,ridge,0.625,0.41090232454628534,0.21409767545371466,"{""model__alpha"": 100.0}"
362,1,arousal,ridge,0.4,0.33387979436647086,0.06612020563352916,"{""model__alpha"": 100.0}"
368,1,arousal,ridge,0.6,0.49856482648614286,0.10143517351385711,"{""model__alpha"": 100.0}"
370,1,arousal,ridge,0.4,0.3856115473954032,0.014388452604596813,"{""model__alpha"": 100.0}"
372,1,arousal,ridge,0.825,0.6395498290789217,0.1854501709210783,"{""model__alpha"": 100.0}"
379,1,arousal,ridge,0.9375,0.976619385823375,0.03911938582337504,"{""model__alpha"": 100.0}"
391,1,arousal,ridge,0.85,0.7375401846592895,0.11245981534071048,"{""model__alpha"": 100.0}"
403,1,arousal,ridge,0.7625,0.7597210106733272,0.002778989326672754,"{""model__alpha"": 100.0}"
408,1,arousal,ridge,0.9125,0.8561504230652066,0.056349576934793366,"{""model__alpha"": 100.0}"
425,1,arousal,ridge,0.95,0.8309307074718014,0.11906929252819853,"{""model__alpha"": 100.0}"
426,1,arousal,ridge,0.825,0.727724377633868,0.09727562236613196,"{""model__alpha"": 100.0}"
435,1,arousal,ridge,0.275,0.25513063253241786,0.019869367467582166,"{""model__alpha"": 100.0}"
436,1,arousal,ridge,0.25,0.23929804579899738,0.010701954201002617,"{""model__alpha"": 100.0}"
441,1,arousal,ridge,0.675,0.7357941534127354,0.06079415341273531,"{""model__alpha"": 100.0}"
442,1,arousal,ridge,0.7125,0.5616005373519272,0.15089946264807286,"{""model__alpha"": 100.0}"
461,1,arousal,ridge,0.375,0.40875889995849707,0.03375889995849707,"{""model__alpha"": 100.0}"
465,1,arousal,ridge,0.3375,0.5062062494797872,0.16870624947978718,"{""model__alpha"": 100.0}"
469,1,arousal,ridge,0.7125,0.7086831264195192,0.003816873580480773,"{""model__alpha"": 100.0}"
471,1,arousal,ridge,0.875,0.79264295948764,0.08235704051236004,"{""model__alpha"": 100.0}"
480,1,arousal,ridge,0.7875,0.6985740836612521,0.08892591633874791,"{""model__alpha"": 100.0}"
487,1,arousal,ridge,0.8,0.8500163964800268,0.05001639648002676,"{""model__alpha"": 100.0}"
496,1,arousal,ridge,0.6625,0.5667912390055674,0.0957087609944326,"{""model__alpha"": 100.0}"
500,1,arousal,ridge,0.7,0.7148754234002633,0.014875423400263377,"{""model__alpha"": 100.0}"
503,1,arousal,ridge,0.613636363636,0.7043114016210119,0.09067503798501186,"{""model__alpha"": 100.0}"
507,1,arousal,ridge,0.8,0.8324084083768919,0.03240840837689185,"{""model__alpha"": 100.0}"
512,1,arousal,ridge,0.3125,0.33993285284897734,0.02743285284897734,"{""model__alpha"": 100.0}"
521,1,arousal,ridge,0.5125,0.5610390979243511,0.04853909792435118,"{""model__alpha"": 100.0}"
525,1,arousal,ridge,0.2375,0.3365583630674836,0.09905836306748361,"{""model__alpha"": 100.0}"
536,1,arousal,ridge,0.7875,0.7767547818014096,0.010745218198590423,"{""model__alpha"": 100.0}"
546,1,arousal,ridge,0.7875,0.6760711161794939,0.11142888382050609,"{""model__alpha"": 100.0}"
549,1,arousal,ridge,0.4375,0.5726221577701094,0.13512215777010939,"{""model__alpha"": 100.0}"
562,1,arousal,ridge,0.7375,0.7442611468881428,0.006761146888142777,"{""model__alpha"": 100.0}"
566,1,arousal,ridge,0.775,0.7514612726946839,0.023538727305316143,"{""model__alpha"": 100.0}"
572,1,arousal,ridge,0.7375,0.8181527497806567,0.08065274978065662,"{""model__alpha"": 100.0}"
574,1,arousal,ridge,0.7875,0.735240942397401,0.05225905760259897,"{""model__alpha"": 100.0}"
576,1,arousal,ridge,0.7125,0.7583755919340884,0.04587559193408841,"{""model__alpha"": 100.0}"
588,1,arousal,ridge,0.7,0.5337120441451564,0.16628795585484357,"{""model__alpha"": 100.0}"
591,1,arousal,ridge,0.25,0.37989475500639724,0.12989475500639724,"{""model__alpha"": 100.0}"
598,1,arousal,ridge,0.85,0.7098734032792551,0.1401265967207449,"{""model__alpha"": 100.0}"
614,1,arousal,ridge,0.2875,0.4879102979733113,0.20041029797331134,"{""model__alpha"": 100.0}"
617,1,arousal,ridge,0.8875,0.8422390156679731,0.045260984332026855,"{""model__alpha"": 100.0}"
623,1,arousal,ridge,0.85,0.8438131511742069,0.006186848825793123,"{""model__alpha"": 100.0}"
634,1,arousal,ridge,0.225,0.3487821174868958,0.1237821174868958,"{""model__alpha"": 100.0}"
635,1,arousal,ridge,0.6375,0.6797085064622106,0.04220850646221064,"{""model__alpha"": 100.0}"
637,1,arousal,ridge,0.775,0.7867822342312597,0.01178223423125968,"{""model__alpha"": 100.0}"
648,1,arousal,ridge,0.6875,0.6928037517542023,0.005303751754202279,"{""model__alpha"": 100.0}"
651,1,arousal,ridge,0.825,0.7189693502249872,0.10603064977501275,"{""model__alpha"": 100.0}"
652,1,arousal,ridge,0.55,0.42867313134118995,0.1213268686588101,"{""model__alpha"": 100.0}"
661,1,arousal,ridge,0.6375,0.6559769693168281,0.018476969316828185,"{""model__alpha"": 100.0}"
666,1,arousal,ridge,0.675,0.7288079336160691,0.05380793361606906,"{""model__alpha"": 100.0}"
671,1,arousal,ridge,0.675,0.6659200346215217,0.009079965378478327,"{""model__alpha"": 100.0}"
673,1,arousal,ridge,0.5125,0.5844142029923404,0.07191420299234041,"{""model__alpha"": 100.0}"
678,1,arousal,ridge,0.7875,0.7971346660217007,0.00963466602170071,"{""model__alpha"": 100.0}"
692,1,arousal,ridge,0.5,0.6449876989886674,0.14498769898866737,"{""model__alpha"": 100.0}"
694,1,arousal,ridge,0.3875,0.6893432543097299,0.30184325430972986,"{""model__alpha"": 100.0}"
708,1,arousal,ridge,0.6625,0.5764141434232827,0.0860858565767173,"{""model__alpha"": 100.0}"
710,1,arousal,ridge,0.7875,0.8396894130085988,0.052189413008598806,"{""model__alpha"": 100.0}"
718,1,arousal,ridge,0.5125,0.43181583791350503,0.08068416208649493,"{""model__alpha"": 100.0}"
722,1,arousal,ridge,0.575,0.6455102492894468,0.07051024928944682,"{""model__alpha"": 100.0}"
730,1,arousal,ridge,0.55,0.37628688148151734,0.1737131185184827,"{""model__alpha"": 100.0}"
731,1,arousal,ridge,0.6875,0.7072491113826743,0.019749111382674323,"{""model__alpha"": 100.0}"
738,1,arousal,ridge,0.5875,0.6841224901681174,0.09662249016811741,"{""model__alpha"": 100.0}"
739,1,arousal,ridge,0.6875,0.6985994752610639,0.011099475261063918,"{""model__alpha"": 100.0}"
750,1,arousal,ridge,0.4,0.47029236836853866,0.07029236836853864,"{""model__alpha"": 100.0}"
751,1,arousal,ridge,0.5875,0.39575053675882477,0.19174946324117526,"{""model__alpha"": 100.0}"
757,1,arousal,ridge,0.6625,0.6019171445680035,0.060582855431996485,"{""model__alpha"": 100.0}"
758,1,arousal,ridge,0.8375,0.6091873002452621,0.2283126997547379,"{""model__alpha"": 100.0}"
763,1,arousal,ridge,0.3875,0.4032618701402488,0.015761870140248768,"{""model__alpha"": 100.0}"
773,1,arousal,ridge,0.75,0.7719500480188194,0.02195004801881939,"{""model__alpha"": 100.0}"
796,1,arousal,ridge,0.6,0.677413463002934,0.07741346300293406,"{""model__alpha"": 100.0}"
797,1,arousal,ridge,0.6375,0.6910854073751538,0.053585407375153826,"{""model__alpha"": 100.0}"
801,1,arousal,ridge,0.3375,0.3746257211380484,0.03712572113804835,"{""model__alpha"": 100.0}"
813,1,arousal,ridge,0.675,0.5984340969555451,0.07656590304445499,"{""model__alpha"": 100.0}"
818,1,arousal,ridge,0.275,0.23043028961486667,0.044569710385133354,"{""model__alpha"": 100.0}"
825,1,arousal,ridge,0.5375,0.5610969590746917,0.023596959074691726,"{""model__alpha"": 100.0}"
828,1,arousal,ridge,0.65,0.7139346851350564,0.0639346851350564,"{""model__alpha"": 100.0}"
833,1,arousal,ridge,0.8,0.7564564886518412,0.043543511348158814,"{""model__alpha"": 100.0}"
834,1,arousal,ridge,0.8875,0.7747398495867284,0.11276015041327159,"{""model__alpha"": 100.0}"
836,1,arousal,ridge,0.8875,0.8651199668160101,0.022380033183989845,"{""model__alpha"": 100.0}"
837,1,arousal,ridge,0.7375,0.7814467371687703,0.04394673716877029,"{""model__alpha"": 100.0}"
847,1,arousal,ridge,0.5125,0.6120661180443018,0.09956611804430182,"{""model__alpha"": 100.0}"
852,1,arousal,ridge,0.4875,0.5858343291916183,0.09833432919161827,"{""model__alpha"": 100.0}"
853,1,arousal,ridge,0.65,0.6409712945896712,0.009028705410328852,"{""model__alpha"": 100.0}"
859,1,arousal,ridge,0.5875,0.5884338500354849,0.0009338500354848511,"{""model__alpha"": 100.0}"
860,1,arousal,ridge,0.675,0.6639230423340595,0.011076957665940523,"{""model__alpha"": 100.0}"
862,1,arousal,ridge,0.8875,0.7666651670273503,0.12083483297264963,"{""model__alpha"": 100.0}"
869,1,arousal,ridge,0.45,0.6480742771641242,0.19807427716412424,"{""model__alpha"": 100.0}"
879,1,arousal,ridge,0.4875,0.46558031574152936,0.02191968425847063,"{""model__alpha"": 100.0}"
880,1,arousal,ridge,0.675,0.6474502666728198,0.027549733327180248,"{""model__alpha"": 100.0}"
881,1,arousal,ridge,0.5875,0.6425123493583071,0.05501234935830712,"{""model__alpha"": 100.0}"
885,1,arousal,ridge,0.425,0.4111338088399245,0.01386619116007548,"{""model__alpha"": 100.0}"
892,1,arousal,ridge,0.6625,0.6973469217920615,0.0348469217920615,"{""model__alpha"": 100.0}"
896,1,arousal,ridge,0.761363636364,0.7170909201225834,0.0442727162414166,"{""model__alpha"": 100.0}"
908,1,arousal,ridge,0.75,0.7672652881419437,0.017265288141943724,"{""model__alpha"": 100.0}"
909,1,arousal,ridge,0.825,0.7468747704342195,0.0781252295657805,"{""model__alpha"": 100.0}"
918,1,arousal,ridge,0.4,0.505008862527795,0.10500886252779495,"{""model__alpha"": 100.0}"
921,1,arousal,ridge,0.475,0.7523740967878652,0.2773740967878652,"{""model__alpha"": 100.0}"
925,1,arousal,ridge,0.5875,0.6014489587121513,0.013948958712151294,"{""model__alpha"": 100.0}"
928,1,arousal,ridge,0.8375,0.7620795151923061,0.07542048480769392,"{""model__alpha"": 100.0}"
929,1,arousal,ridge,0.6,0.44576693017928026,0.15423306982071971,"{""model__alpha"": 100.0}"
935,1,arousal,ridge,0.511363636364,0.45714669321663687,0.054216943147363084,"{""model__alpha"": 100.0}"
948,1,arousal,ridge,0.4875,0.4731080446522073,0.014391955347792695,"{""model__alpha"": 100.0}"
957,1,arousal,ridge,0.525,0.5305910691515026,0.005591069151502537,"{""model__alpha"": 100.0}"
966,1,arousal,ridge,0.575,0.634494813366433,0.05949481336643303,"{""model__alpha"": 100.0}"
981,1,arousal,ridge,0.8,0.760273382159693,0.039726617840307066,"{""model__alpha"": 100.0}"
984,1,arousal,ridge,0.825,0.7994665122942866,0.025533487705713398,"{""model__alpha"": 100.0}"
989,1,arousal,ridge,0.575,0.6503207658039845,0.0753207658039845,"{""model__alpha"": 100.0}"
6,2,arousal,ridge,0.5125,0.41978752275654035,0.0927124772434596,"{""model__alpha"": 100.0}"
10,2,arousal,ridge,0.4375,0.6076141262372683,0.1701141262372683,"{""model__alpha"": 100.0}"
15,2,arousal,ridge,0.6125,0.5946802535691912,0.017819746430808858,"{""model__alpha"": 100.0}"
16,2,arousal,ridge,0.5375,0.6259902507392332,0.08849025073923322,"{""model__alpha"": 100.0}"
19,2,arousal,ridge,0.7625,0.6977277131829399,0.06477228681706004,"{""model__alpha"": 100.0}"
43,2,arousal,ridge,0.8625,0.7982130522824075,0.06428694771759258,"{""model__alpha"": 100.0}"
44,2,arousal,ridge,0.6875,0.6403684473064373,0.04713155269356273,"{""model__alpha"": 100.0}"
47,2,arousal,ridge,0.4,0.5038674570412934,0.10386745704129341,"{""model__alpha"": 100.0}"
50,2,arousal,ridge,0.8375,0.7477895502461308,0.08971044975386921,"{""model__alpha"": 100.0}"
51,2,arousal,ridge,0.825,0.8567109862628347,0.03171098626283475,"{""model__alpha"": 100.0}"
56,2,arousal,ridge,0.4125,0.4595930619988703,0.04709306199887031,"{""model__alpha"": 100.0}"
68,2,arousal,ridge,0.65,0.6097068428270116,0.040293157172988425,"{""model__alpha"": 100.0}"
78,2,arousal,ridge,0.5,0.5116272652779112,0.011627265277911247,"{""model__alpha"": 100.0}"
97,2,arousal,ridge,0.85,0.7206505389013597,0.12934946109864032,"{""model__alpha"": 100.0}"
99,2,arousal,ridge,0.6875,0.6463841065813201,0.04111589341867994,"{""model__alpha"": 100.0}"
106,2,arousal,ridge,0.7,0.681724620212917,0.018275379787082935,"{""model__alpha"": 100.0}"
109,2,arousal,ridge,0.8,0.6716341413080379,0.12836585869196215,"{""model__alpha"": 100.0}"
117,2,arousal,ridge,0.85,0.8951339368364187,0.04513393683641875,"{""model__alpha"": 100.0}"
123,2,arousal,ridge,0.3125,0.5482278916751863,0.23572789167518626,"{""model__alpha"": 100.0}"
127,2,arousal,ridge,0.8125,0.7911525256815963,0.02134747431840367,"{""model__alpha"": 100.0}"
133,2,arousal,ridge,0.775,0.6343555597831817,0.14064444021681832,"{""model__alpha"": 100.0}"
134,2,arousal,ridge,0.8,0.839698556888062,0.03969855688806201,"{""model__alpha"": 100.0}"
137,2,arousal,ridge,0.7625,0.7598641568657725,0.002635843134227489,"{""model__alpha"": 100.0}"
147,2,arousal,ridge,0.55,0.534637812750182,0.015362187249818082,"{""model__alpha"": 100.0}"
153,2,arousal,ridge,0.675,0.6848136364450091,0.0098136364450091,"{""model__alpha"": 100.0}"
157,2,arousal,ridge,0.534090909091,0.6285050662026889,0.09441415711168888,"{""model__alpha"": 100.0}"
161,2,arousal,ridge,0.8625,0.815732011102348,0.04676798889765199,"{""model__alpha"": 100.0}"
162,2,arousal,ridge,0.875,0.8356432255967821,0.03935677440321794,"{""model__alpha"": 100.0}"
170,2,arousal,ridge,0.3,0.2711156132938478,0.028884386706152176,"{""model__alpha"": 100.0}"
172,2,arousal,ridge,0.6375,0.6347212377512739,0.0027787622487260855,"{""model__alpha"": 100.0}"
179,2,arousal,ridge,0.7375,0.7620324308096336,0.02453243080963352,"{""model__alpha"": 100.0}"
185,2,arousal,ridge,0.6625,0.7620324308096336,0.09953243080963359,"{""model__alpha"": 100.0}"
186,2,arousal,ridge,0.825,0.638303973212317,0.18669602678768293,"{""model__alpha"": 100.0}"
196,2,arousal,ridge,0.4375,0.2000261960753179,0.2374738039246821,"{""model__alpha"": 100.0}"
197,2,arousal,ridge,0.3375,0.4743885080515978,0.1368885080515978,"{""model__alpha"": 100.0}"
198,2,arousal,ridge,0.863636363636,0.7804234755639159,0.08321288807208416,"{""model__alpha"": 100.0}"
211,2,arousal,ridge,0.65,0.7494888725880737,0.0994888725880737,"{""model__alpha"": 100.0}"
228,2,arousal,ridge,0.55,0.5618519075033945,0.011851907503394488,"{""model__alpha"": 100.0}"
230,2,arousal,ridge,0.3625,0.5531009547207179,0.19060095472071786,"{""model__alpha"": 100.0}"
236,2,arousal,ridge,0.3125,0.2874512768561509,0.025048723143849094,"{""model__alpha"": 100.0}"
237,2,arousal,ridge,0.525,0.4398010092533452,0.08519899074665482,"{""model__alpha"": 100.0}"
238,2,arousal,ridge,0.6375,0.5550351231781441,0.08246487682185588,"{""model__alpha"": 100.0}"
244,2,arousal,ridge,0.2875,0.42038584472342183,0.13288584472342185,"{""model__alpha"": 100.0}"
249,2,arousal,ridge,0.5375,0.46518792323235114,0.07231207676764884,"{""model__alpha"": 100.0}"
252,2,arousal,ridge,0.1375,0.21846119909489403,0.08096119909489402,"{""model__alpha"": 100.0}"
275,2,arousal,ridge,0.3375,0.28613208351501496,0.051367916484985066,"{""model__alpha"": 100.0}"
277,2,arousal,ridge,0.2,0.5521219655781427,0.35212196557814274,"{""model__alpha"": 100.0}"
283,2,arousal,ridge,0.575,0.608801321548943,0.033801321548943,"{""model__alpha"": 100.0}"
295,2,arousal,ridge,0.725,0.6801280095393114,0.04487199046068857,"{""model__alpha"": 100.0}"
298,2,arousal,ridge,0.725,0.770350312632572,0.045350312632572054,"{""model__alpha"": 100.0}"
308,2,arousal,ridge,0.8125,0.7341749799728123,0.07832502002718766,"{""model__alpha"": 100.0}"
309,2,arousal,ridge,0.35,0.49560065158867583,0.14560065158867586,"{""model__alpha"": 100.0}"
315,2,arousal,ridge,0.85,0.7518169812130152,0.09818301878698477,"{""model__alpha"": 100.0}"
319,2,arousal,ridge,0.7375,0.7399906867129386,0.0024906867129385057,"{""model__alpha"": 100.0}"
327,2,arousal,ridge,0.7625,0.7387321445370877,0.02376785546291227,"{""model__alpha"": 100.0}"
333,2,arousal,ridge,0.7875,0.7684172618813945,0.019082738118605502,"{""model__alpha"": 100.0}"
342,2,arousal,ridge,0.75,0.6549402249110798,0.09505977508892016,"{""model__alpha"": 100.0}"
343,2,arousal,ridge,0.65,0.7185674693153646,0.06856746931536462,"{""model__alpha"": 100.0}"
349,2,arousal,ridge,0.275,0.27745137867921266,0.0024513786792126346,"{""model__alpha"": 100.0}"
356,2,arousal,ridge,0.475,0.6318117171201799,0.15681171712017994,"{""model__alpha"": 100.0}"
361,2,arousal,ridge,0.6125,0.43806961451272464,0.1744303854872754,"{""model__alpha"": 100.0}"
367,2,arousal,ridge,0.6125,0.6631748317073692,0.050674831707369195,"{""model__alpha"": 100.0}"
373,2,arousal,ridge,0.85,0.7533191302899797,0.09668086971002032,"{""model__alpha"": 100.0}"
381,2,arousal,ridge,0.9375,0.9578505847245613,0.020350584724561305,"{""model__alpha"": 100.0}"
385,2,arousal,ridge,0.825,0.76711400507042,0.05788599492957991,"{""model__alpha"": 100.0}"
386,2,arousal,ridge,0.5625,0.5463268941435051,0.016173105856494896,"{""model__alpha"": 100.0}"
397,2,arousal,ridge,0.45,0.442792990600585,0.0072070093994149875,"{""model__alpha"": 100.0}"
405,2,arousal,ridge,0.7375,0.6697883388439777,0.06771166115602234,"{""model__alpha"": 100.0}"
407,2,arousal,ridge,0.7875,0.7113243205959183,0.07617567940408165,"{""model__alpha"": 100.0}"
412,2,arousal,ridge,0.5,0.7416304889766825,0.2416304889766825,"{""model__alpha"": 100.0}"
414,2,arousal,ridge,0.579545454545,0.40111401032510235,0.1784314442198976,"{""model__alpha"": 100.0}"
415,2,arousal,ridge,0.477272727273,0.4832003080999086,0.005927580826908585,"{""model__alpha"": 100.0}"
427,2,arousal,ridge,0.775,0.7267532343252054,0.04824676567479458,"{""model__alpha"": 100.0}"
443,2,arousal,ridge,0.7,0.7462723551076814,0.04627235510768146,"{""model__alpha"": 100.0}"
449,2,arousal,ridge,0.7,0.7516535782314425,0.051653578231442565,"{""model__alpha"": 100.0}"
452,2,arousal,ridge,0.65,0.5988356022063965,0.05116439779360349,"{""model__alpha"": 100.0}"
454,2,arousal,ridge,0.8375,0.8778157249768515,0.04031572497685143,"{""model__alpha"": 100.0}"
462,2,arousal,ridge,0.4125,0.40893060023559114,0.0035693997644088427,"{""model__alpha"": 100.0}"
463,2,arousal,ridge,0.3,0.5532853999388666,0.2532853999388666,"{""model__alpha"": 100.0}"
472,2,arousal,ridge,0.6125,0.722951238409234,0.11045123840923399,"{""model__alpha"": 100.0}"
479,2,arousal,ridge,0.225,0.39368905259839904,0.16868905259839903,"{""model__alpha"": 100.0}"
483,2,arousal,ridge,0.575,0.5403720175926823,0.03462798240731768,"{""model__alpha"": 100.0}"
495,2,arousal,ridge,0.8375,0.7107325395591322,0.12676746044086784,"{""model__alpha"": 100.0}"
501,2,arousal,ridge,0.8375,0.7176010127429218,0.11989898725707826,"{""model__alpha"": 100.0}"
504,2,arousal,ridge,0.675,0.6911648664535999,0.016164866453599824,"{""model__alpha"": 100.0}"
516,2,arousal,ridge,0.4,0.51961497068599,0.11961497068599003,"{""model__alpha"": 100.0}"
526,2,arousal,ridge,0.4625,0.3958449910572174,0.06665500894278265,"{""model__alpha"": 100.0}"
531,2,arousal,ridge,0.225,0.4662193559426643,0.24121935594266428,"{""model__alpha"": 100.0}"
535,2,arousal,ridge,0.7625,0.7070695651297849,0.05543043487021504,"{""model__alpha"": 100.0}"
551,2,arousal,ridge,0.2875,0.35570516127920987,0.06820516127920989,"{""model__alpha"": 100.0}"
552,2,arousal,ridge,0.85,0.8005841337881464,0.049415866211853565,"{""model__alpha"": 100.0}"
554,2,arousal,ridge,0.6625,0.7155026965603601,0.05300269656036016,"{""model__alpha"": 100.0}"
558,2,arousal,ridge,0.55,0.5969640303735009,0.04696403037350083,"{""model__alpha"": 100.0}"
570,2,arousal,ridge,0.7375,0.6362546926868675,0.10124530731313253,"{""model__alpha"": 100.0}"
577,2,arousal,ridge,0.6375,0.7052102629149756,0.06771026291497562,"{""model__alpha"": 100.0}"
580,2,arousal,ridge,0.85,0.8542855808939815,0.0042855808939815665,"{""model__alpha"": 100.0}"
582,2,arousal,ridge,0.4125,0.496238340629642,0.08373834062964203,"{""model__alpha"": 100.0}"
589,2,arousal,ridge,0.55,0.5084999689666749,0.04150003103332511,"{""model__alpha"": 100.0}"
592,2,arousal,ridge,0.4125,0.5291775701270693,0.11667757012706936,"{""model__alpha"": 100.0}"
606,2,arousal,ridge,0.875,0.9053362044869254,0.030336204486925422,"{""model__alpha"": 100.0}"
608,2,arousal,ridge,0.6375,0.6602498124915087,0.02274981249150876,"{""model__alpha"": 100.0}"
621,2,arousal,ridge,0.3625,0.30917067058589187,0.05332932941410812,"{""model__alpha"": 100.0}"
622,2,arousal,ridge,0.8125,0.7399144796233724,0.07258552037662758,"{""model__alpha"": 100.0}"
625,2,arousal,ridge,0.75,0.7858790084024763,0.035879008402476265,"{""model__alpha"": 100.0}"
628,2,arousal,ridge,0.6125,0.6958435900681188,0.08334359006811876,"{""model__alpha"": 100.0}"
630,2,arousal,ridge,0.65,0.5620453799050347,0.08795462009496535,"{""model__alpha"": 100.0}"
643,2,arousal,ridge,0.55,0.4936043135439834,0.05639568645601667,"{""model__alpha"": 100.0}"
645,2,arousal,ridge,0.6,0.6216765642081199,0.02167656420811992,"{""model__alpha"": 100.0}"
647,2,arousal,ridge,0.5625,0.5941422163938503,0.03164221639385034,"{""model__alpha"": 100.0}"
656,2,arousal,ridge,0.4875,0.525146589851027,0.037646589851027035,"{""model__alpha"": 100.0}"
665,2,arousal,ridge,0.75,0.7952460952069775,0.04524609520697753,"{""model__alpha"": 100.0}"
676,2,arousal,ridge,0.55,0.7407076287878007,0.19070762878780068,"{""model__alpha"": 100.0}"
681,2,arousal,ridge,0.8,0.8774059668968663,0.0774059668968663,"{""model__alpha"": 100.0}"
682,2,arousal,ridge,0.775,0.7326479779530672,0.04235202204693278,"{""model__alpha"": 100.0}"
697,2,arousal,ridge,0.7,0.5035777137261295,0.19642228627387048,"{""model__alpha"": 100.0}"
705,2,arousal,ridge,0.1875,0.3336243885657737,0.1461243885657737,"{""model__alpha"": 100.0}"
711,2,arousal,ridge,0.525,0.6182169609414848,0.0932169609414848,"{""model__alpha"": 100.0}"
717,2,arousal,ridge,0.5375,0.6573415699802652,0.11984156998026518,"{""model__alpha"": 100.0}"
728,2,arousal,ridge,0.4375,0.4566589048218737,0.019158904821873712,"{""model__alpha"": 100.0}"
748,2,arousal,ridge,0.3625,0.3011078865529814,0.061392113447018615,"{""model__alpha"": 100.0}"
755,2,arousal,ridge,0.5125,0.6077880255971906,0.09528802559719063,"{""model__alpha"": 100.0}"
759,2,arousal,ridge,0.7375,0.6731852745760072,0.06431472542399286,"{""model__alpha"": 100.0}"
761,2,arousal,ridge,0.775,0.5707851296527522,0.20421487034724783,"{""model__alpha"": 100.0}"
765,2,arousal,ridge,0.8,0.7572923297593335,0.04270767024066657,"{""model__alpha"": 100.0}"
767,2,arousal,ridge,0.475,0.6207207667684153,0.14572076676841528,"{""model__alpha"": 100.0}"
777,2,arousal,ridge,0.525,0.585463281053801,0.060463281053800944,"{""model__alpha"": 100.0}"
804,2,arousal,ridge,0.675,0.7413464486286248,0.06634644862862471,"{""model__alpha"": 100.0}"
814,2,arousal,ridge,0.7125,0.5131753377799325,0.1993246622200675,"{""model__alpha"": 100.0}"
823,2,arousal,ridge,0.675,0.6830610580239944,0.008061058023994372,"{""model__alpha"": 100.0}"
844,2,arousal,ridge,0.7875,0.7557412884019897,0.03175871159801025,"{""model__alpha"": 100.0}"
846,2,arousal,ridge,0.925,0.8271654585666426,0.09783454143335746,"{""model__alpha"": 100.0}"
855,2,arousal,ridge,0.875,0.8417377770498922,0.033262222950107834,"{""model__alpha"": 100.0}"
882,2,arousal,ridge,0.85,0.8747406443133827,0.024740644313382743,"{""model__alpha"": 100.0}"
884,2,arousal,ridge,0.7125,0.598164870939504,0.11433512906049603,"{""model__alpha"": 100.0}"
889,2,arousal,ridge,0.8375,0.8050647349064849,0.03243526509351513,"{""model__alpha"": 100.0}"
894,2,arousal,ridge,0.375,0.3611737581608514,0.0138262418391486,"{""model__alpha"": 100.0}"
900,2,arousal,ridge,0.65,0.6461691980309399,0.0038308019690601602,"{""model__alpha"": 100.0}"
907,2,arousal,ridge,0.5,0.45836739253881764,0.04163260746118236,"{""model__alpha"": 100.0}"
915,2,arousal,ridge,0.6875,0.6809611062106362,0.006538893789363787,"{""model__alpha"": 100.0}"
916,2,arousal,ridge,0.2125,0.48178067429696075,0.2692806742969608,"{""model__alpha"": 100.0}"
922,2,arousal,ridge,0.7625,0.7244390677245314,0.038060932275468584,"{""model__alpha"": 100.0}"
931,2,arousal,ridge,0.4375,0.5969085801456641,0.15940858014566406,"{""model__alpha"": 100.0}"
934,2,arousal,ridge,0.4875,0.5990520818573931,0.11155208185739313,"{""model__alpha"": 100.0}"
936,2,arousal,ridge,0.4125,0.35769154867191477,0.054808451328085206,"{""model__alpha"": 100.0}"
951,2,arousal,ridge,0.625,0.5531624296790595,0.07183757032094051,"{""model__alpha"": 100.0}"
967,2,arousal,ridge,0.675,0.6227960408192732,0.052203959180726844,"{""model__alpha"": 100.0}"
973,2,arousal,ridge,0.575,0.6894488180820539,0.11444881808205398,"{""model__alpha"": 100.0}"
979,2,arousal,ridge,0.3625,0.31628997204001974,0.04621002795998025,"{""model__alpha"": 100.0}"
985,2,arousal,ridge,0.75,0.6936378548168793,0.05636214518312066,"{""model__alpha"": 100.0}"
992,2,arousal,ridge,0.4625,0.632788474030601,0.170288474030601,"{""model__alpha"": 100.0}"
993,2,arousal,ridge,0.8625,0.7838099825796082,0.07869001742039183,"{""model__alpha"": 100.0}"
997,2,arousal,ridge,0.7125,0.821685872904157,0.10918587290415693,"{""model__alpha"": 100.0}"
999,2,arousal,ridge,0.875,0.8836402128486734,0.008640212848673445,"{""model__alpha"": 100.0}"
7,3,arousal,ridge,0.7,0.642002491136013,0.05799750886398691,"{""model__alpha"": 100.0}"
13,3,arousal,ridge,0.825,0.8402553500406639,0.015255350040663918,"{""model__alpha"": 100.0}"
14,3,arousal,ridge,0.5625,0.5250489372264621,0.037451062773537935,"{""model__alpha"": 100.0}"
17,3,arousal,ridge,0.825,0.7014952226274285,0.12350477737257148,"{""model__alpha"": 100.0}"
31,3,arousal,ridge,0.625,0.5471009366449625,0.07789906335503749,"{""model__alpha"": 100.0}"
57,3,arousal,ridge,0.525,0.48766422361241923,0.03733577638758079,"{""model__alpha"": 100.0}"
76,3,arousal,ridge,0.6375,0.5330326579672628,0.10446734203273711,"{""model__alpha"": 100.0}"
79,3,arousal,ridge,0.925,0.7947972317871397,0.13020276821286036,"{""model__alpha"": 100.0}"
83,3,arousal,ridge,0.775,0.7239866789530592,0.051013321046940785,"{""model__alpha"": 100.0}"
98,3,arousal,ridge,0.7375,0.7367838472744977,0.0007161527255022948,"{""model__alpha"": 100.0}"
105,3,arousal,ridge,0.275,0.4896520660224719,0.2146520660224719,"{""model__alpha"": 100.0}"
114,3,arousal,ridge,0.7375,0.5772341715615622,0.16026582843843784,"{""model__alpha"": 100.0}"
115,3,arousal,ridge,0.8,0.791831050939218,0.008168949060782027,"{""model__alpha"": 100.0}"
132,3,arousal,ridge,0.85,0.7509263732110293,0.09907362678897069,"{""model__alpha"": 100.0}"
135,3,arousal,ridge,0.7375,0.6659676004309343,0.07153239956906576,"{""model__alpha"": 100.0}"
138,3,arousal,ridge,0.6625,0.6549567975256725,0.007543202474327493,"{""model__alpha"": 100.0}"
148,3,arousal,ridge,0.4,0.3617183889416032,0.038281611058396836,"{""model__alpha"": 100.0}"
150,3,arousal,ridge,0.7375,0.591168366611796,0.1463316333882041,"{""model__alpha"": 100.0}"
151,3,arousal,ridge,0.325,0.4237054594772779,0.09870545947727788,"{""model__alpha"": 100.0}"
158,3,arousal,ridge,0.725,0.7046855737214178,0.020314426278582154,"{""model__alpha"": 100.0}"
168,3,arousal,ridge,0.7125,0.6279713855913818,0.08452861440861825,"{""model__alpha"": 100.0}"
169,3,arousal,ridge,0.675,0.6861830050923223,0.011183005092322285,"{""model__alpha"": 100.0}"
175,3,arousal,ridge,0.475,0.49625913823380885,0.021259138233808872,"{""model__alpha"": 100.0}"
203,3,arousal,ridge,0.775,0.7084819198837645,0.0665180801162355,"{""model__alpha"": 100.0}"
209,3,arousal,ridge,0.6875,0.7581377461950938,0.07063774619509378,"{""model__alpha"": 100.0}"
212,3,arousal,ridge,0.6625,0.7876016911315062,0.12510169113150627,"{""model__alpha"": 100.0}"
213,3,arousal,ridge,0.5625,0.5530385281240403,0.009461471875959693,"{""model__alpha"": 100.0}"
216,3,arousal,ridge,0.65,0.6104418931410485,0.03955810685895156,"{""model__alpha"": 100.0}"
221,3,arousal,ridge,0.8125,0.8297344004495033,0.017234400449503307,"{""model__alpha"": 100.0}"
224,3,arousal,ridge,0.5875,0.3786966751439307,0.20880332485606934,"{""model__alpha"": 100.0}"
225,3,arousal,ridge,0.4125,0.43803878205236413,0.02553878205236415,"{""model__alpha"": 100.0}"
227,3,arousal,ridge,0.475,0.38715150933896564,0.08784849066103434,"{""model__alpha"": 100.0}"
232,3,arousal,ridge,0.4125,0.4379234739646248,0.0254234739646248,"{""model__alpha"": 100.0}"
241,3,arousal,ridge,0.525,0.49378178869968176,0.031218211300318266,"{""model__alpha"": 100.0}"
282,3,arousal,ridge,0.5375,0.6121645327991139,0.07466453279911389,"{""model__alpha"": 100.0}"
287,3,arousal,ridge,0.5,0.49265984212362945,0.0073401578763705455,"{""model__alpha"": 100.0}"
293,3,arousal,ridge,0.6375,0.6401356348597919,0.002635634859791902,"{""model__alpha"": 100.0}"
297,3,arousal,ridge,0.675,0.59669659572731,0.07830340427269,"{""model__alpha"": 100.0}"
302,3,arousal,ridge,0.5,0.5427252677604836,0.042725267760483576,"{""model__alpha"": 100.0}"
305,3,arousal,ridge,0.9375,0.7705215848547506,0.16697841514524936,"{""model__alpha"": 100.0}"
313,3,arousal,ridge,0.5375,0.7133671746499268,0.17586717464992685,"{""model__alpha"": 100.0}"
325,3,arousal,ridge,0.4875,0.562581809575784,0.07508180957578398,"{""model__alpha"": 100.0}"
336,3,arousal,ridge,0.75,0.7269204937308041,0.02307950626919586,"{""model__alpha"": 100.0}"
351,3,arousal,ridge,0.275,0.5544107405625844,0.2794107405625844,"{""model__alpha"": 100.0}"
360,3,arousal,ridge,0.5875,0.5443242399213297,0.0431757600786703,"{""model__alpha"": 100.0}"
364,3,arousal,ridge,0.375,0.5174328674566089,0.14243286745660888,"{""model__alpha"": 100.0}"
366,3,arousal,ridge,0.2625,0.3895786134196608,0.1270786134196608,"{""model__alpha"": 100.0}"
382,3,arousal,ridge,0.886363636364,0.7495424950853652,0.13682114127863476,"{""model__alpha"": 100.0}"
394,3,arousal,ridge,0.75,0.6112829249556054,0.13871707504439457,"{""model__alpha"": 100.0}"
398,3,arousal,ridge,0.4375,0.24553387652781927,0.19196612347218073,"{""model__alpha"": 100.0}"
401,3,arousal,ridge,0.35,0.23673851756370146,0.11326148243629852,"{""model__alpha"": 100.0}"
402,3,arousal,ridge,0.85,0.8022751763351349,0.04772482366486508,"{""model__alpha"": 100.0}"
410,3,arousal,ridge,0.7,0.6725070512393566,0.027492948760643343,"{""model__alpha"": 100.0}"
417,3,arousal,ridge,0.8625,0.8976563022072462,0.03515630220724619,"{""model__alpha"": 100.0}"
421,3,arousal,ridge,0.85,0.7219432673278545,0.12805673267214546,"{""model__alpha"": 100.0}"
424,3,arousal,ridge,0.55,0.5408349819117239,0.009165018088276189,"{""model__alpha"": 100.0}"
429,3,arousal,ridge,0.225,0.35010478031901326,0.12510478031901326,"{""model__alpha"": 100.0}"
431,3,arousal,ridge,0.525,0.40875859583674046,0.11624140416325957,"{""model__alpha"": 100.0}"
437,3,arousal,ridge,0.1875,0.3235029460145158,0.1360029460145158,"{""model__alpha"": 100.0}"
440,3,arousal,ridge,0.3,0.41653433103912585,0.11653433103912586,"{""model__alpha"": 100.0}"
445,3,arousal,ridge,0.5875,0.5915255292518555,0.004025529251855509,"{""model__alpha"": 100.0}"
446,3,arousal,ridge,0.425,0.5012530432049915,0.07625304320499154,"{""model__alpha"": 100.0}"
447,3,arousal,ridge,0.5875,0.5502246510187239,0.03727534898127616,"{""model__alpha"": 100.0}"
448,3,arousal,ridge,0.775,0.7396312622753654,0.03536873772463467,"{""model__alpha"": 100.0}"
450,3,arousal,ridge,0.75,0.7703529084741377,0.020352908474137732,"{""model__alpha"": 100.0}"
451,3,arousal,ridge,0.9,0.8402203100599994,0.0597796899400006,"{""model__alpha"": 100.0}"
456,3,arousal,ridge,0.7,0.6879112311434448,0.012088768856555188,"{""model__alpha"": 100.0}"
482,3,arousal,ridge,0.556818181818,0.6894945496271714,0.13267636780917136,"{""model__alpha"": 100.0}"
485,3,arousal,ridge,0.7125,0.7649206242931867,0.052420624293186724,"{""model__alpha"": 100.0}"
488,3,arousal,ridge,0.6625,0.6217744848460972,0.04072551515390277,"{""model__alpha"": 100.0}"
494,3,arousal,ridge,0.8,0.7294373596679852,0.07056264033201487,"{""model__alpha"": 100.0}"
510,3,arousal,ridge,0.7125,0.7752568313396209,0.06275683133962084,"{""model__alpha"": 100.0}"
511,3,arousal,ridge,0.6875,0.8110100072576888,0.12351000725768879,"{""model__alpha"": 100.0}"
520,3,arousal,ridge,0.6625,0.6105687841980301,0.05193121580196991,"{""model__alpha"": 100.0}"
523,3,arousal,ridge,0.3375,0.3837501117030164,0.046250111703016406,"{""model__alpha"": 100.0}"
565,3,arousal,ridge,0.725,0.8195721513158771,0.09457215131587715,"{""model__alpha"": 100.0}"
568,3,arousal,ridge,0.975,0.8976386881127596,0.07736131188724038,"{""model__alpha"": 100.0}"
579,3,arousal,ridge,0.2625,0.57200648173495,0.30950648173494993,"{""model__alpha"": 100.0}"
583,3,arousal,ridge,0.5125,0.47496254635167084,0.03753745364832911,"{""model__alpha"": 100.0}"
585,3,arousal,ridge,0.525,0.4643568673359445,0.06064313266405552,"{""model__alpha"": 100.0}"
587,3,arousal,ridge,0.3875,0.5194741478775394,0.13197414787753942,"{""model__alpha"": 100.0}"
590,3,arousal,ridge,0.4625,0.5440512862568982,0.08155128625689823,"{""model__alpha"": 100.0}"
597,3,arousal,ridge,0.8,0.7463553599521985,0.05364464004780156,"{""model__alpha"": 100.0}"
605,3,arousal,ridge,0.9375,0.8988082193888411,0.038691780611158855,"{""model__alpha"": 100.0}"
609,3,arousal,ridge,0.4375,0.5307730377955521,0.09327303779555207,"{""model__alpha"": 100.0}"
612,3,arousal,ridge,0.4625,0.5051628683797802,0.04266286837978017,"{""model__alpha"": 100.0}"
624,3,arousal,ridge,0.575,0.6257388174736448,0.05073881747364484,"{""model__alpha"": 100.0}"
626,3,arousal,ridge,0.9375,0.8660746104756047,0.07142538952439526,"{""model__alpha"": 100.0}"
627,3,arousal,ridge,0.6125,0.7216114090786918,0.10911140907869177,"{""model__alpha"": 100.0}"
631,3,arousal,ridge,0.55,0.6816219244723181,0.13162192447231802,"{""model__alpha"": 100.0}"
636,3,arousal,ridge,0.7625,0.7740252006482516,0.011525200648251688,"{""model__alpha"": 100.0}"
653,3,arousal,ridge,0.575,0.7476567745416811,0.17265677454168116,"{""model__alpha"": 100.0}"
654,3,arousal,ridge,0.8875,0.8557513637039624,0.031748636296037525,"{""model__alpha"": 100.0}"
660,3,arousal,ridge,0.8375,0.6074391696402373,0.23006083035976277,"{""model__alpha"": 100.0}"
668,3,arousal,ridge,0.725,0.6517489767226469,0.07325102327735311,"{""model__alpha"": 100.0}"
670,3,arousal,ridge,0.35,0.3339758879867039,0.016024112013296066,"{""model__alpha"": 100.0}"
672,3,arousal,ridge,0.55,0.6202409985798606,0.07024099857986055,"{""model__alpha"": 100.0}"
677,3,arousal,ridge,0.5625,0.7240369409039817,0.16153694090398174,"{""model__alpha"": 100.0}"
679,3,arousal,ridge,0.7,0.6114369228498351,0.08856307715016487,"{""model__alpha"": 100.0}"
688,3,arousal,ridge,0.4625,0.5170144777399819,0.05451447773998186,"{""model__alpha"": 100.0}"
689,3,arousal,ridge,0.425,0.6696637182370611,0.24466371823706107,"{""model__alpha"": 100.0}"
700,3,arousal,ridge,0.35,0.32695053904200355,0.023049460957996426,"{""model__alpha"": 100.0}"
704,3,arousal,ridge,0.625,0.570203717722519,0.05479628227748101,"{""model__alpha"": 100.0}"
706,3,arousal,ridge,0.4,0.5318646903469597,0.1318646903469597,"{""model__alpha"": 100.0}"
713,3,arousal,ridge,0.6875,0.7776888639099038,0.09018886390990377,"{""model__alpha"": 100.0}"
715,3,arousal,ridge,0.325,0.5117169333602389,0.18671693336023892,"{""model__alpha"": 100.0}"
727,3,arousal,ridge,0.55,0.5272353501791796,0.022764649820820493,"{""model__alpha"": 100.0}"
732,3,arousal,ridge,0.6375,0.5215327345251675,0.11596726547483249,"{""model__alpha"": 100.0}"
733,3,arousal,ridge,0.5,0.46486958949821455,0.03513041050178545,"{""model__alpha"": 100.0}"
736,3,arousal,ridge,0.4875,0.6972940808379055,0.20979408083790546,"{""model__alpha"": 100.0}"
741,3,arousal,ridge,0.475,0.5539467145190498,0.07894671451904978,"{""model__alpha"": 100.0}"
745,3,arousal,ridge,0.75,0.5632894628443502,0.18671053715564978,"{""model__alpha"": 100.0}"
747,3,arousal,ridge,0.8,0.7903222538197171,0.009677746180282942,"{""model__alpha"": 100.0}"
752,3,arousal,ridge,0.8375,0.5933726319825867,0.2441273680174133,"{""model__alpha"": 100.0}"
753,3,arousal,ridge,0.7625,0.7240060475698723,0.038493952430127654,"{""model__alpha"": 100.0}"
754,3,arousal,ridge,0.65,0.6802558177895534,0.03025581778955333,"{""model__alpha"": 100.0}"
770,3,arousal,ridge,0.5625,0.75436288480089,0.19186288480088998,"{""model__alpha"": 100.0}"
779,3,arousal,ridge,0.75,0.7071515129543539,0.042848487045646144,"{""model__alpha"": 100.0}"
783,3,arousal,ridge,0.475,0.573568224587853,0.09856822458785297,"{""model__alpha"": 100.0}"
790,3,arousal,ridge,0.6875,0.7085027049055337,0.021002704905533687,"{""model__alpha"": 100.0}"
792,3,arousal,ridge,0.85,0.707127531965232,0.14287246803476794,"{""model__alpha"": 100.0}"
793,3,arousal,ridge,0.7125,0.6467639766884888,0.06573602331151118,"{""model__alpha"": 100.0}"
803,3,arousal,ridge,0.6875,0.6406425478921912,0.046857452107808784,"{""model__alpha"": 100.0}"
807,3,arousal,ridge,0.3375,0.1677912129009378,0.16970878709906223,"{""model__alpha"": 100.0}"
808,3,arousal,ridge,0.325,0.20246916168579226,0.12253083831420775,"{""model__alpha"": 100.0}"
816,3,arousal,ridge,0.3,0.2798914499391188,0.020108550060881192,"{""model__alpha"": 100.0}"
829,3,arousal,ridge,0.8,0.7917133122118634,0.008286687788136682,"{""model__alpha"": 100.0}"
831,3,arousal,ridge,0.8375,0.7936581532371207,0.04384184676287928,"{""model__alpha"": 100.0}"
839,3,arousal,ridge,0.75,0.696583671863506,0.053416328136493996,"{""model__alpha"": 100.0}"
850,3,arousal,ridge,0.775,0.7952458360778797,0.020245836077879664,"{""model__alpha"": 100.0}"
851,3,arousal,ridge,0.4625,0.6086059737492152,0.1461059737492152,"{""model__alpha"": 100.0}"
857,3,arousal,ridge,0.675,0.6605428577711734,0.014457142228826658,"{""model__alpha"": 100.0}"
863,3,arousal,ridge,0.575,0.5948099472723698,0.019809947272369843,"{""model__alpha"": 100.0}"
864,3,arousal,ridge,0.488636363636,0.6144487791638814,0.12581241552788142,"{""model__alpha"": 100.0}"
871,3,arousal,ridge,0.75,0.7241749506028375,0.02582504939716246,"{""model__alpha"": 100.0}"
886,3,arousal,ridge,0.525,0.5344305117897449,0.009430511789744855,"{""model__alpha"": 100.0}"
888,3,arousal,ridge,0.675,0.5305295313136428,0.14447046868635727,"{""model__alpha"": 100.0}"
897,3,arousal,ridge,0.3875,0.48966548546166483,0.10216548546166482,"{""model__alpha"": 100.0}"
904,3,arousal,ridge,0.7,0.5787811379132012,0.12121886208679877,"{""model__alpha"": 100.0}"
905,3,arousal,ridge,0.475,0.5472841834760329,0.07228418347603294,"{""model__alpha"": 100.0}"
911,3,arousal,ridge,0.525,0.3983880781529058,0.12661192184709424,"{""model__alpha"": 100.0}"
919,3,arousal,ridge,0.6,0.5995903618810575,0.00040963811894245694,"{""model__alpha"": 100.0}"
926,3,arousal,ridge,0.25,0.2876243198950942,0.03762431989509418,"{""model__alpha"": 100.0}"
937,3,arousal,ridge,0.6,0.6738110834995831,0.0738110834995831,"{""model__alpha"": 100.0}"
941,3,arousal,ridge,0.125,0.17700315009147394,0.05200315009147394,"{""model__alpha"": 100.0}"
943,3,arousal,ridge,0.625,0.49417326089588154,0.13082673910411846,"{""model__alpha"": 100.0}"
945,3,arousal,ridge,0.675,0.6168128662217366,0.058187133778263456,"{""model__alpha"": 100.0}"
953,3,arousal,ridge,0.3375,0.45208588737618544,0.11458588737618541,"{""model__alpha"": 100.0}"
964,3,arousal,ridge,0.5375,0.558203158402625,0.020703158402625044,"{""model__alpha"": 100.0}"
968,3,arousal,ridge,0.4875,0.6773239344623443,0.1898239344623443,"{""model__alpha"": 100.0}"
971,3,arousal,ridge,0.5875,0.5878475368542136,0.0003475368542136259,"{""model__alpha"": 100.0}"
974,3,arousal,ridge,0.625,0.6313683661127022,0.006368366112702195,"{""model__alpha"": 100.0}"
983,3,arousal,ridge,0.775,0.8954569721161632,0.12045697211616313,"{""model__alpha"": 100.0}"
21,4,arousal,ridge,0.8625,0.8588809419376773,0.0036190580623227664,"{""model__alpha"": 100.0}"
25,4,arousal,ridge,0.761363636364,0.7360310572933384,0.025332579070661554,"{""model__alpha"": 100.0}"
26,4,arousal,ridge,0.825,0.8785815892838545,0.05358158928385459,"{""model__alpha"": 100.0}"
29,4,arousal,ridge,0.7,0.6808555029349243,0.019144497065075705,"{""model__alpha"": 100.0}"
32,4,arousal,ridge,0.575,0.5713960980102004,0.0036039019897995406,"{""model__alpha"": 100.0}"
34,4,arousal,ridge,0.6875,0.68824020831127,0.0007402083112699742,"{""model__alpha"": 100.0}"
35,4,arousal,ridge,0.3375,0.40229002386455925,0.06479002386455923,"{""model__alpha"": 100.0}"
40,4,arousal,ridge,0.375,0.534847019441846,0.15984701944184598,"{""model__alpha"": 100.0}"
42,4,arousal,ridge,0.7625,0.7181381859720715,0.04436181402792849,"{""model__alpha"": 100.0}"
48,4,arousal,ridge,0.725,0.7370137401208235,0.012013740120823568,"{""model__alpha"": 100.0}"
54,4,arousal,ridge,0.875,0.7816210592696186,0.09337894073038144,"{""model__alpha"": 100.0}"
58,4,arousal,ridge,0.2625,0.4541030125033071,0.19160301250330708,"{""model__alpha"": 100.0}"
59,4,arousal,ridge,0.6,0.47644452616113003,0.12355547383886994,"{""model__alpha"": 100.0}"
60,4,arousal,ridge,0.420454545455,0.4353079196527846,0.014853374197784597,"{""model__alpha"": 100.0}"
71,4,arousal,ridge,0.7625,0.702472419570178,0.060027580429821925,"{""model__alpha"": 100.0}"
80,4,arousal,ridge,0.725,0.7767435331161308,0.05174353311613078,"{""model__alpha"": 100.0}"
81,4,arousal,ridge,0.6125,0.699561595270505,0.08706159527050494,"{""model__alpha"": 100.0}"
84,4,arousal,ridge,0.5,0.6912174474969774,0.19121744749697744,"{""model__alpha"": 100.0}"
86,4,arousal,ridge,0.7,0.6745122119083693,0.02548778809163066,"{""model__alpha"": 100.0}"
89,4,arousal,ridge,0.6875,0.6512223793618519,0.0362776206381481,"{""model__alpha"": 100.0}"
91,4,arousal,ridge,0.8625,0.7740389718350823,0.08846102816491774,"{""model__alpha"": 100.0}"
93,4,arousal,ridge,0.6125,0.572004743452588,0.04049525654741204,"{""model__alpha"": 100.0}"
96,4,arousal,ridge,0.875,0.7999758637402739,0.07502413625972615,"{""model__alpha"": 100.0}"
103,4,arousal,ridge,0.5875,0.6362997795459914,0.04879977954599135,"{""model__alpha"": 100.0}"
107,4,arousal,ridge,0.6,0.6053569689501173,0.00535696895011728,"{""model__alpha"": 100.0}"
116,4,arousal,ridge,0.9,0.8436938823925584,0.05630611760744164,"{""model__alpha"": 100.0}"
119,4,arousal,ridge,0.4875,0.39322951545900886,0.09427048454099113,"{""model__alpha"": 100.0}"
120,4,arousal,ridge,0.7625,0.5914226149965142,0.1710773850034858,"{""model__alpha"": 100.0}"
140,4,arousal,ridge,0.5625,0.6038088937897756,0.04130889378977565,"{""model__alpha"": 100.0}"
144,4,arousal,ridge,0.8625,0.8483311203874773,0.014168879612522778,"{""model__alpha"": 100.0}"
145,4,arousal,ridge,0.7625,0.8072344493440804,0.04473444934408044,"{""model__alpha"": 100.0}"
159,4,arousal,ridge,0.875,0.867144089552021,0.007855910447978953,"{""model__alpha"": 100.0}"
167,4,arousal,ridge,0.8875,0.8370887688460945,0.050411231153905445,"{""model__alpha"": 100.0}"
171,4,arousal,ridge,0.85,0.8741679777051997,0.02416797770519974,"{""model__alpha"": 100.0}"
188,4,arousal,ridge,0.3125,0.5266388194487622,0.21413881944876223,"{""model__alpha"": 100.0}"
201,4,arousal,ridge,0.625,0.5949643631472374,0.03003563685276256,"{""model__alpha"": 100.0}"
215,4,arousal,ridge,0.525,0.589896560608375,0.06489656060837501,"{""model__alpha"": 100.0}"
229,4,arousal,ridge,0.45,0.5504001334286439,0.1004001334286439,"{""model__alpha"": 100.0}"
235,4,arousal,ridge,0.45,0.5893893343325124,0.13938933433251238,"{""model__alpha"": 100.0}"
258,4,arousal,ridge,0.675,0.45635705496265155,0.2186429450373485,"{""model__alpha"": 100.0}"
260,4,arousal,ridge,0.4625,0.4403154245986211,0.022184575401378914,"{""model__alpha"": 100.0}"
276,4,arousal,ridge,0.65,0.5972709577291182,0.05272904227088182,"{""model__alpha"": 100.0}"
284,4,arousal,ridge,0.4625,0.5698509863285627,0.10735098632856266,"{""model__alpha"": 100.0}"
285,4,arousal,ridge,0.5125,0.5017163929065102,0.0107836070934898,"{""model__alpha"": 100.0}"
300,4,arousal,ridge,0.55,0.6818723696387075,0.1318723696387074,"{""model__alpha"": 100.0}"
303,4,arousal,ridge,0.7375,0.5319447208642936,0.20555527913570648,"{""model__alpha"": 100.0}"
316,4,arousal,ridge,0.8875,0.7101438175195394,0.1773561824804606,"{""model__alpha"": 100.0}"
321,4,arousal,ridge,0.6875,0.6292501727843837,0.058249827215616334,"{""model__alpha"": 100.0}"
326,4,arousal,ridge,0.6875,0.7477477217243637,0.060247721724363656,"{""model__alpha"": 100.0}"
331,4,arousal,ridge,0.85,0.9399747085484149,0.08997470854841494,"{""model__alpha"": 100.0}"
337,4,arousal,ridge,0.675,0.744821931116975,0.06982193111697499,"{""model__alpha"": 100.0}"
339,4,arousal,ridge,0.725,0.6651703191752284,0.05982968082477158,"{""model__alpha"": 100.0}"
348,4,arousal,ridge,0.4625,0.36349475594110514,0.09900524405889488,"{""model__alpha"": 100.0}"
350,4,arousal,ridge,0.2625,0.30277373049777,0.04027373049777,"{""model__alpha"": 100.0}"
354,4,arousal,ridge,0.35,0.3814881628027099,0.03148816280270994,"{""model__alpha"": 100.0}"
355,4,arousal,ridge,0.45,0.5136961716910737,0.06369617169107372,"{""model__alpha"": 100.0}"
358,4,arousal,ridge,0.3875,0.44181834534998476,0.054318345349984754,"{""model__alpha"": 100.0}"
383,4,arousal,ridge,0.5,0.5239296233843861,0.02392962338438609,"{""model__alpha"": 100.0}"
388,4,arousal,ridge,0.575,0.7086195978297131,0.1336195978297131,"{""model__alpha"": 100.0}"
389,4,arousal,ridge,0.225,0.1717866206482226,0.05321337935177742,"{""model__alpha"": 100.0}"
393,4,arousal,ridge,0.5375,0.6036913641600121,0.06619136416001214,"{""model__alpha"": 100.0}"
395,4,arousal,ridge,0.7125,0.6462479427934888,0.06625205720651117,"{""model__alpha"": 100.0}"
396,4,arousal,ridge,0.65,0.650819358515927,0.0008193585159269601,"{""model__alpha"": 100.0}"
409,4,arousal,ridge,0.9125,0.8631156875509332,0.049384312449066825,"{""model__alpha"": 100.0}"
413,4,arousal,ridge,0.575,0.7039847998643931,0.12898479986439315,"{""model__alpha"": 100.0}"
419,4,arousal,ridge,0.0875,0.08409001911615321,0.0034099808838467804,"{""model__alpha"": 100.0}"
423,4,arousal,ridge,0.8875,0.7782716772683667,0.1092283227316333,"{""model__alpha"": 100.0}"
428,4,arousal,ridge,0.4875,0.4332234415376483,0.05427655846235169,"{""model__alpha"": 100.0}"
433,4,arousal,ridge,0.3625,0.36013814820953216,0.0023618517904678282,"{""model__alpha"": 100.0}"
438,4,arousal,ridge,0.3375,0.2968243502514565,0.04067564974854354,"{""model__alpha"": 100.0}"
439,4,arousal,ridge,0.225,0.2600346326350894,0.03503463263508941,"{""model__alpha"": 100.0}"
444,4,arousal,ridge,0.7375,0.755287231860607,0.017787231860606934,"{""model__alpha"": 100.0}"
457,4,arousal,ridge,0.6625,0.6560141058232899,0.006485894176710083,"{""model__alpha"": 100.0}"
458,4,arousal,ridge,0.75,0.7896475230885376,0.039647523088537584,"{""model__alpha"": 100.0}"
460,4,arousal,ridge,0.8,0.7501923673738824,0.04980763262611765,"{""model__alpha"": 100.0}"
468,4,arousal,ridge,0.7625,0.6637354337484783,0.09876456625152163,"{""model__alpha"": 100.0}"
470,4,arousal,ridge,0.7625,0.6763540755398756,0.08614592446012437,"{""model__alpha"": 100.0}"
476,4,arousal,ridge,0.7,0.6841388957971268,0.015861104202873122,"{""model__alpha"": 100.0}"
477,4,arousal,ridge,0.575,0.6901156039104271,0.11511560391042719,"{""model__alpha"": 100.0}"
481,4,arousal,ridge,0.6875,0.722720294462792,0.03522029446279196,"{""model__alpha"": 100.0}"
490,4,arousal,ridge,0.825,0.6976826544032451,0.1273173455967549,"{""model__alpha"": 100.0}"
505,4,arousal,ridge,0.65,0.7655138304517374,0.11551383045173735,"{""model__alpha"": 100.0}"
506,4,arousal,ridge,0.275,0.45942128400873,0.18442128400872998,"{""model__alpha"": 100.0}"
508,4,arousal,ridge,0.3625,0.45700675714441447,0.09450675714441448,"{""model__alpha"": 100.0}"
514,4,arousal,ridge,0.85,0.7032609332681532,0.14673906673184678,"{""model__alpha"": 100.0}"
518,4,arousal,ridge,0.425,0.4351285796870934,0.010128579687093409,"{""model__alpha"": 100.0}"
524,4,arousal,ridge,0.5125,0.5522351286829391,0.03973512868293916,"{""model__alpha"": 100.0}"
532,4,arousal,ridge,0.5375,0.32495965941482247,0.2125403405851775,"{""model__alpha"": 100.0}"
534,4,arousal,ridge,0.1625,0.4911629479461185,0.3286629479461185,"{""model__alpha"": 100.0}"
537,4,arousal,ridge,0.7625,0.7954474993097171,0.03294749930971719,"{""model__alpha"": 100.0}"
539,4,arousal,ridge,0.6125,0.5768281175651353,0.03567188243486474,"{""model__alpha"": 100.0}"
540,4,arousal,ridge,0.5125,0.714946231149473,0.20244623114947302,"{""model__alpha"": 100.0}"
541,4,arousal,ridge,0.275,0.41205482650419345,0.13705482650419343,"{""model__alpha"": 100.0}"
561,4,arousal,ridge,0.825,0.7724064135653746,0.052593586434625306,"{""model__alpha"": 100.0}"
563,4,arousal,ridge,0.7375,0.6415191631583783,0.09598083684162173,"{""model__alpha"": 100.0}"
564,4,arousal,ridge,0.9,0.7468424414056563,0.15315755859434377,"{""model__alpha"": 100.0}"
567,4,arousal,ridge,0.875,0.9140057236605541,0.039005723660554104,"{""model__alpha"": 100.0}"
573,4,arousal,ridge,0.7625,0.7738554722983532,0.011355472298353209,"{""model__alpha"": 100.0}"
575,4,arousal,ridge,0.825,0.7559495641993174,0.0690504358006826,"{""model__alpha"": 100.0}"
584,4,arousal,ridge,0.375,0.38429646039372833,0.009296460393728334,"{""model__alpha"": 100.0}"
594,4,arousal,ridge,0.5125,0.4174512609051335,0.09504873909486644,"{""model__alpha"": 100.0}"
595,4,arousal,ridge,0.3875,0.4196931080554087,0.0321931080554087,"{""model__alpha"": 100.0}"
600,4,arousal,ridge,0.4125,0.4268269643965039,0.014326964396503938,"{""model__alpha"": 100.0}"
602,4,arousal,ridge,0.6125,0.5637528740449415,0.04874712595505859,"{""model__alpha"": 100.0}"
603,4,arousal,ridge,0.8125,0.8863866039087701,0.07388660390877011,"{""model__alpha"": 100.0}"
607,4,arousal,ridge,0.7125,0.7778187498483289,0.06531874984832886,"{""model__alpha"": 100.0}"
611,4,arousal,ridge,0.675,0.5818609665180099,0.09313903348199015,"{""model__alpha"": 100.0}"
613,4,arousal,ridge,0.5875,0.713202006112859,0.12570200611285898,"{""model__alpha"": 100.0}"
615,4,arousal,ridge,0.7375,0.7343846029707708,0.00311539702922925,"{""model__alpha"": 100.0}"
616,4,arousal,ridge,0.8625,0.8555201343343548,0.006979865665645235,"{""model__alpha"": 100.0}"
639,4,arousal,ridge,0.775,0.749811436123383,0.025188563876617054,"{""model__alpha"": 100.0}"
644,4,arousal,ridge,0.7375,0.6426178126593127,0.09488218734068732,"{""model__alpha"": 100.0}"
650,4,arousal,ridge,0.6375,0.6238103361060451,0.013689663893954873,"{""model__alpha"": 100.0}"
657,4,arousal,ridge,0.6,0.5197750659756885,0.08022493402431152,"{""model__alpha"": 100.0}"
659,4,arousal,ridge,0.3875,0.5150114722514713,0.12751147225147125,"{""model__alpha"": 100.0}"
674,4,arousal,ridge,0.3875,0.5543588869803306,0.16685888698033063,"{""model__alpha"": 100.0}"
683,4,arousal,ridge,0.2375,0.2909815214868362,0.053481521486836214,"{""model__alpha"": 100.0}"
693,4,arousal,ridge,0.6,0.6174747346897955,0.017474734689795546,"{""model__alpha"": 100.0}"
703,4,arousal,ridge,0.545454545455,0.5497523787733362,0.004297833318336108,"{""model__alpha"": 100.0}"
716,4,arousal,ridge,0.5,0.5244467171022745,0.02444671710227453,"{""model__alpha"": 100.0}"
726,4,arousal,ridge,0.7375,0.8159818959896589,0.07848189598965882,"{""model__alpha"": 100.0}"
734,4,arousal,ridge,0.8375,0.659177470551741,0.178322529448259,"{""model__alpha"": 100.0}"
740,4,arousal,ridge,0.7954545454549999,0.7842189346631235,0.011235610791876405,"{""model__alpha"": 100.0}"
744,4,arousal,ridge,0.8125,0.7105384487838349,0.10196155121616512,"{""model__alpha"": 100.0}"
760,4,arousal,ridge,0.7875,0.7601004770382219,0.027399522961778056,"{""model__alpha"": 100.0}"
771,4,arousal,ridge,0.425,0.681833964603589,0.25683396460358904,"{""model__alpha"": 100.0}"
774,4,arousal,ridge,0.6375,0.6984658199365933,0.060965819936593335,"{""model__alpha"": 100.0}"
775,4,arousal,ridge,0.3375,0.526243098386393,0.18874309838639303,"{""model__alpha"": 100.0}"
778,4,arousal,ridge,0.9125,0.810374667844668,0.10212533215533193,"{""model__alpha"": 100.0}"
786,4,arousal,ridge,0.725,0.5715798517555545,0.1534201482444455,"{""model__alpha"": 100.0}"
794,4,arousal,ridge,0.575,0.5331389167927625,0.04186108320723747,"{""model__alpha"": 100.0}"
798,4,arousal,ridge,0.7375,0.700800529566374,0.03669947043362609,"{""model__alpha"": 100.0}"
799,4,arousal,ridge,0.7625,0.7022326092740703,0.06026739072592968,"{""model__alpha"": 100.0}"
806,4,arousal,ridge,0.6125,0.5702362946970396,0.04226370530296042,"{""model__alpha"": 100.0}"
815,4,arousal,ridge,0.2875,0.2889400593127696,0.001440059312769637,"{""model__alpha"": 100.0}"
824,4,arousal,ridge,0.8625,0.8198437222997215,0.04265627770027858,"{""model__alpha"": 100.0}"
827,4,arousal,ridge,0.6,0.5988989601468951,0.0011010398531048349,"{""model__alpha"": 100.0}"
830,4,arousal,ridge,0.775,0.7776811908408767,0.0026811908408767016,"{""model__alpha"": 100.0}"
832,4,arousal,ridge,0.85,0.7572588902108142,0.09274110978918582,"{""model__alpha"": 100.0}"
848,4,arousal,ridge,0.7125,0.7539399539077647,0.04143995390776467,"{""model__alpha"": 100.0}"
861,4,arousal,ridge,0.7625,0.8341744440261734,0.0716744440261734,"{""model__alpha"": 100.0}"
868,4,arousal,ridge,0.7,0.6585975778063079,0.04140242219369206,"{""model__alpha"": 100.0}"
913,4,arousal,ridge,0.35,0.4755182336431924,0.12551823364319242,"{""model__alpha"": 100.0}"
927,4,arousal,ridge,0.5625,0.648230035953134,0.085730035953134,"{""model__alpha"": 100.0}"
932,4,arousal,ridge,0.7,0.7295147318181588,0.02951473181815889,"{""model__alpha"": 100.0}"
933,4,arousal,ridge,0.8125,0.7605316724890386,0.051968327510961365,"{""model__alpha"": 100.0}"
950,4,arousal,ridge,0.7,0.7447436819790945,0.04474368197909451,"{""model__alpha"": 100.0}"
958,4,arousal,ridge,0.825,0.6925240551616811,0.13247594483831882,"{""model__alpha"": 100.0}"
959,4,arousal,ridge,0.8,0.6737409163131833,0.1262590836868167,"{""model__alpha"": 100.0}"
962,4,arousal,ridge,0.6375,0.7353259348582227,0.09782593485822277,"{""model__alpha"": 100.0}"
969,4,arousal,ridge,0.5125,0.5976457097670398,0.08514570976703983,"{""model__alpha"": 100.0}"
970,4,arousal,ridge,0.7,0.5388762455597886,0.16112375444021132,"{""model__alpha"": 100.0}"
980,4,arousal,ridge,0.6375,0.6807511836942652,0.04325118369426528,"{""model__alpha"": 100.0}"
5,0,arousal,svr_rbf,0.15,0.38618435266198703,0.23618435266198703,"{""model__C"": 1, ""model__epsilon"": 0.03, ""model__gamma"": ""scale""}"
9,0,arousal,svr_rbf,0.45,0.552989684958514,0.10298968495851396,"{""model__C"": 1, ""model__epsilon"": 0.03, ""model__gamma"": ""scale""}"
12,0,arousal,svr_rbf,0.6875,0.5214687483498253,0.16603125165017474,"{""model__C"": 1, ""model__epsilon"": 0.03, ""model__gamma"": ""scale""}"
18,0,arousal,svr_rbf,0.8,0.6793461411291425,0.12065385887085756,"{""model__C"": 1, ""model__epsilon"": 0.03, ""model__gamma"": ""scale""}"
20,0,arousal,svr_rbf,0.55,0.4253497183220506,0.12465028167794945,"{""model__C"": 1, ""model__epsilon"": 0.03, ""model__gamma"": ""scale""}"
23,0,arousal,svr_rbf,0.625,0.7421287402495081,0.11712874024950815,"{""model__C"": 1, ""model__epsilon"": 0.03, ""model__gamma"": ""scale""}"
30,0,arousal,svr_rbf,0.6125,0.5926256578442256,0.019874342155774438,"{""model__C"": 1, ""model__epsilon"": 0.03, ""model__gamma"": ""scale""}"
33,0,arousal,svr_rbf,0.6375,0.5758226106210675,0.06167738937893241,"{""model__C"": 1, ""model__epsilon"": 0.03, ""model__gamma"": ""scale""}"
37,0,arousal,svr_rbf,0.8,0.7331807917585296,0.06681920824147047,"{""model__C"": 1, ""model__epsilon"": 0.03, ""model__gamma"": ""scale""}"
38,0,arousal,svr_rbf,0.8875,0.8468568318196777,0.04064316818032221,"{""model__C"": 1, ""model__epsilon"": 0.03, ""model__gamma"": ""scale""}"
49,0,arousal,svr_rbf,0.7875,0.7469251156772098,0.04057488432279022,"{""model__C"": 1, ""model__epsilon"": 0.03, ""model__gamma"": ""scale""}"
63,0,arousal,svr_rbf,0.375,0.44397819523730225,0.06897819523730225,"{""model__C"": 1, ""model__epsilon"": 0.03, ""model__gamma"": ""scale""}"
65,0,arousal,svr_rbf,0.5875,0.5681939979335366,0.01930600206646338,"{""model__C"": 1, ""model__epsilon"": 0.03, ""model__gamma"": ""scale""}"
69,0,arousal,svr_rbf,0.7125,0.7622196471177859,0.04971964711778587,"{""model__C"": 1, ""model__epsilon"": 0.03, ""model__gamma"": ""scale""}"
70,0,arousal,svr_rbf,0.575,0.5586155932905451,0.016384406709454846,"{""model__C"": 1, ""model__epsilon"": 0.03, ""model__gamma"": ""scale""}"
75,0,arousal,svr_rbf,0.9625,0.8683265526061685,0.09417344739383149,"{""model__C"": 1, ""model__epsilon"": 0.03, ""model__gamma"": ""scale""}"
87,0,arousal,svr_rbf,0.6625,0.6126110957806459,0.0498889042193541,"{""model__C"": 1, ""model__epsilon"": 0.03, ""model__gamma"": ""scale""}"
90,0,arousal,svr_rbf,0.65,0.7112284969490571,0.061228496949057076,"{""model__C"": 1, ""model__epsilon"": 0.03, ""model__gamma"": ""scale""}"
92,0,arousal,svr_rbf,0.65,0.7112284969490571,0.061228496949057076,"{""model__C"": 1, ""model__epsilon"": 0.03, ""model__gamma"": ""scale""}"
100,0,arousal,svr_rbf,0.175,0.4034561481966309,0.2284561481966309,"{""model__C"": 1, ""model__epsilon"": 0.03, ""model__gamma"": ""scale""}"
113,0,arousal,svr_rbf,0.75,0.688379000533511,0.061620999466489024,"{""model__C"": 1, ""model__epsilon"": 0.03, ""model__gamma"": ""scale""}"
124,0,arousal,svr_rbf,0.9,0.8009825801491335,0.09901741985086654,"{""model__C"": 1, ""model__epsilon"": 0.03, ""model__gamma"": ""scale""}"
126,0,arousal,svr_rbf,0.7,0.5995115904591379,0.10048840954086202,"{""model__C"": 1, ""model__epsilon"": 0.03, ""model__gamma"": ""scale""}"
128,0,arousal,svr_rbf,0.5125,0.3879183060422974,0.12458169395770258,"{""model__C"": 1, ""model__epsilon"": 0.03, ""model__gamma"": ""scale""}"
136,0,arousal,svr_rbf,0.625,0.5430134663971222,0.08198653360287778,"{""model__C"": 1, ""model__epsilon"": 0.03, ""model__gamma"": ""scale""}"
141,0,arousal,svr_rbf,0.5375,0.5803279590249906,0.04282795902499059,"{""model__C"": 1, ""model__epsilon"": 0.03, ""model__gamma"": ""scale""}"
142,0,arousal,svr_rbf,0.6,0.5741688595822819,0.025831140417718057,"{""model__C"": 1, ""model__epsilon"": 0.03, ""model__gamma"": ""scale""}"
166,0,arousal,svr_rbf,0.625,0.5385613744645842,0.08643862553541581,"{""model__C"": 1, ""model__epsilon"": 0.03, ""model__gamma"": ""scale""}"
174,0,arousal,svr_rbf,0.477272727273,0.532413500955943,0.055140773682942956,"{""model__C"": 1, ""model__epsilon"": 0.03, ""model__gamma"": ""scale""}"
176,0,arousal,svr_rbf,0.7125,0.7567404766069018,0.04424047660690178,"{""model__C"": 1, ""model__epsilon"": 0.03, ""model__gamma"": ""scale""}"
181,0,arousal,svr_rbf,0.4875,0.5163844214279081,0.02888442142790809,"{""model__C"": 1, ""model__epsilon"": 0.03, ""model__gamma"": ""scale""}"
184,0,arousal,svr_rbf,0.825,0.7162671537521421,0.10873284624785784,"{""model__C"": 1, ""model__epsilon"": 0.03, ""model__gamma"": ""scale""}"
187,0,arousal,svr_rbf,0.7,0.5563061538522365,0.14369384614776348,"{""model__C"": 1, ""model__epsilon"": 0.03, ""model__gamma"": ""scale""}"
199,0,arousal,svr_rbf,0.7875,0.7047716460567633,0.08272835394323663,"{""model__C"": 1, ""model__epsilon"": 0.03, ""model__gamma"": ""scale""}"
200,0,arousal,svr_rbf,0.7,0.5460854610030631,0.15391453899693686,"{""model__C"": 1, ""model__epsilon"": 0.03, ""model__gamma"": ""scale""}"
202,0,arousal,svr_rbf,0.85,0.781001539979393,0.06899846002060694,"{""model__C"": 1, ""model__epsilon"": 0.03, ""model__gamma"": ""scale""}"
210,0,arousal,svr_rbf,0.8125,0.8357559936123875,0.023255993612387504,"{""model__C"": 1, ""model__epsilon"": 0.03, ""model__gamma"": ""scale""}"
217,0,arousal,svr_rbf,0.6125,0.7416714792579561,0.12917147925795602,"{""model__C"": 1, ""model__epsilon"": 0.03, ""model__gamma"": ""scale""}"
219,0,arousal,svr_rbf,0.8375,0.7267719049082783,0.11072809509172177,"{""model__C"": 1, ""model__epsilon"": 0.03, ""model__gamma"": ""scale""}"
231,0,arousal,svr_rbf,0.5375,0.49917877118142395,0.038321228818576025,"{""model__C"": 1, ""model__epsilon"": 0.03, ""model__gamma"": ""scale""}"
234,0,arousal,svr_rbf,0.3875,0.4853108515641352,0.09781085156413521,"{""model__C"": 1, ""model__epsilon"": 0.03, ""model__gamma"": ""scale""}"
239,0,arousal,svr_rbf,0.625,0.5603484465404084,0.06465155345959162,"{""model__C"": 1, ""model__epsilon"": 0.03, ""model__gamma"": ""scale""}"
242,0,arousal,svr_rbf,0.625,0.6163054471310019,0.008694552868998118,"{""model__C"": 1, ""model__epsilon"": 0.03, ""model__gamma"": ""scale""}"
251,0,arousal,svr_rbf,0.431818181818,0.5097390019393081,0.07792082012130808,"{""model__C"": 1, ""model__epsilon"": 0.03, ""model__gamma"": ""scale""}"
253,0,arousal,svr_rbf,0.6125,0.5020317494789771,0.11046825052102294,"{""model__C"": 1, ""model__epsilon"": 0.03, ""model__gamma"": ""scale""}"
263,0,arousal,svr_rbf,0.4125,0.43061575738583,0.018115757385830045,"{""model__C"": 1, ""model__epsilon"": 0.03, ""model__gamma"": ""scale""}"
267,0,arousal,svr_rbf,0.275,0.39176752751649035,0.11676752751649033,"{""model__C"": 1, ""model__epsilon"": 0.03, ""model__gamma"": ""scale""}"
269,0,arousal,svr_rbf,0.5875,0.3813870087199418,0.20611299128005822,"{""model__C"": 1, ""model__epsilon"": 0.03, ""model__gamma"": ""scale""}"
273,0,arousal,svr_rbf,0.3375,0.3385619052002169,0.0010619052002168727,"{""model__C"": 1, ""model__epsilon"": 0.03, ""model__gamma"": ""scale""}"
280,0,arousal,svr_rbf,0.325,0.4226898056650371,0.0976898056650371,"{""model__C"": 1, ""model__epsilon"": 0.03, ""model__gamma"": ""scale""}"
292,0,arousal,svr_rbf,0.95,0.8064567404936234,0.14354325950637659,"{""model__C"": 1, ""model__epsilon"": 0.03, ""model__gamma"": ""scale""}"
296,0,arousal,svr_rbf,0.8125,0.7693098323497377,0.04319016765026229,"{""model__C"": 1, ""model__epsilon"": 0.03, ""model__gamma"": ""scale""}"
306,0,arousal,svr_rbf,0.775,0.7400838321212992,0.03491616787870078,"{""model__C"": 1, ""model__epsilon"": 0.03, ""model__gamma"": ""scale""}"
307,0,arousal,svr_rbf,0.9,0.6955933267918293,0.20440667320817074,"{""model__C"": 1, ""model__epsilon"": 0.03, ""model__gamma"": ""scale""}"
310,0,arousal,svr_rbf,0.4,0.4640790602290531,0.06407906022905308,"{""model__C"": 1, ""model__epsilon"": 0.03, ""model__gamma"": ""scale""}"
312,0,arousal,svr_rbf,0.8375,0.8477990281120478,0.010299028112047748,"{""model__C"": 1, ""model__epsilon"": 0.03, ""model__gamma"": ""scale""}"
318,0,arousal,svr_rbf,0.725,0.8140877938556925,0.08908779385569254,"{""model__C"": 1, ""model__epsilon"": 0.03, ""model__gamma"": ""scale""}"
323,0,arousal,svr_rbf,0.8625,0.6710518686058816,0.19144813139411843,"{""model__C"": 1, ""model__epsilon"": 0.03, ""model__gamma"": ""scale""}"
329,0,arousal,svr_rbf,0.9375,0.9420829517773434,0.004582951777343358,"{""model__C"": 1, ""model__epsilon"": 0.03, ""model__gamma"": ""scale""}"
332,0,arousal,svr_rbf,0.7625,0.7182327742186965,0.04426722578130349,"{""model__C"": 1, ""model__epsilon"": 0.03, ""model__gamma"": ""scale""}"
338,0,arousal,svr_rbf,0.825,0.7862755354995027,0.03872446450049727,"{""model__C"": 1, ""model__epsilon"": 0.03, ""model__gamma"": ""scale""}"
341,0,arousal,svr_rbf,0.85,0.7313661208651435,0.11863387913485646,"{""model__C"": 1, ""model__epsilon"": 0.03, ""model__gamma"": ""scale""}"
347,0,arousal,svr_rbf,0.1875,0.4823332868663771,0.2948332868663771,"{""model__C"": 1, ""model__epsilon"": 0.03, ""model__gamma"": ""scale""}"
353,0,arousal,svr_rbf,0.525,0.5140798532923033,0.010920146707696698,"{""model__C"": 1, ""model__epsilon"": 0.03, ""model__gamma"": ""scale""}"
375,0,arousal,svr_rbf,0.7375,0.6972910931390841,0.04020890686091594,"{""model__C"": 1, ""model__epsilon"": 0.03, ""model__gamma"": ""scale""}"
376,0,arousal,svr_rbf,0.6,0.5170315658844187,0.0829684341155813,"{""model__C"": 1, ""model__epsilon"": 0.03, ""model__gamma"": ""scale""}"
399,0,arousal,svr_rbf,0.6125,0.5382326411458297,0.07426735885417035,"{""model__C"": 1, ""model__epsilon"": 0.03, ""model__gamma"": ""scale""}"
411,0,arousal,svr_rbf,0.175,0.3401110175817162,0.1651110175817162,"{""model__C"": 1, ""model__epsilon"": 0.03, ""model__gamma"": ""scale""}"
418,0,arousal,svr_rbf,0.425,0.4483007428605492,0.02330074286054923,"{""model__C"": 1, ""model__epsilon"": 0.03, ""model__gamma"": ""scale""}"
420,0,arousal,svr_rbf,0.775,0.6529981671795416,0.1220018328204584,"{""model__C"": 1, ""model__epsilon"": 0.03, ""model__gamma"": ""scale""}"
432,0,arousal,svr_rbf,0.375,0.3221719506408005,0.05282804935919949,"{""model__C"": 1, ""model__epsilon"": 0.03, ""model__gamma"": ""scale""}"
434,0,arousal,svr_rbf,0.5125,0.5502882136180597,0.03778821361805973,"{""model__C"": 1, ""model__epsilon"": 0.03, ""model__gamma"": ""scale""}"
455,0,arousal,svr_rbf,0.875,0.7176217799013247,0.1573782200986753,"{""model__C"": 1, ""model__epsilon"": 0.03, ""model__gamma"": ""scale""}"
466,0,arousal,svr_rbf,0.65,0.6263602757665953,0.02363972423340477,"{""model__C"": 1, ""model__epsilon"": 0.03, ""model__gamma"": ""scale""}"
478,0,arousal,svr_rbf,0.65,0.6434294050039797,0.006570594996020307,"{""model__C"": 1, ""model__epsilon"": 0.03, ""model__gamma"": ""scale""}"
484,0,arousal,svr_rbf,0.675,0.600516133271186,0.07448386672881402,"{""model__C"": 1, ""model__epsilon"": 0.03, ""model__gamma"": ""scale""}"
486,0,arousal,svr_rbf,0.375,0.43600960794026206,0.061009607940262056,"{""model__C"": 1, ""model__epsilon"": 0.03, ""model__gamma"": ""scale""}"
489,0,arousal,svr_rbf,0.909090909091,0.8355271053908169,0.07356380370018312,"{""model__C"": 1, ""model__epsilon"": 0.03, ""model__gamma"": ""scale""}"
491,0,arousal,svr_rbf,0.575,0.5687207666473155,0.006279233352684432,"{""model__C"": 1, ""model__epsilon"": 0.03, ""model__gamma"": ""scale""}"
492,0,arousal,svr_rbf,0.9,0.6765595706327826,0.22344042936721742,"{""model__C"": 1, ""model__epsilon"": 0.03, ""model__gamma"": ""scale""}"
493,0,arousal,svr_rbf,0.7375,0.7099873013535479,0.027512698646452116,"{""model__C"": 1, ""model__epsilon"": 0.03, ""model__gamma"": ""scale""}"
499,0,arousal,svr_rbf,0.8625,0.76728970381119,0.09521029618881005,"{""model__C"": 1, ""model__epsilon"": 0.03, ""model__gamma"": ""scale""}"
515,0,arousal,svr_rbf,0.6125,0.6563636082566617,0.04386360825666169,"{""model__C"": 1, ""model__epsilon"": 0.03, ""model__gamma"": ""scale""}"
517,0,arousal,svr_rbf,0.2625,0.43453532585266724,0.17203532585266723,"{""model__C"": 1, ""model__epsilon"": 0.03, ""model__gamma"": ""scale""}"
519,0,arousal,svr_rbf,0.35,0.4897428039497171,0.1397428039497171,"{""model__C"": 1, ""model__epsilon"": 0.03, ""model__gamma"": ""scale""}"
522,0,arousal,svr_rbf,0.5375,0.5220398831774113,0.015460116822588632,"{""model__C"": 1, ""model__epsilon"": 0.03, ""model__gamma"": ""scale""}"
530,0,arousal,svr_rbf,0.295454545455,0.4420562195080181,0.1466016740530181,"{""model__C"": 1, ""model__epsilon"": 0.03, ""model__gamma"": ""scale""}"
542,0,arousal,svr_rbf,0.7125,0.533404246069475,0.17909575393052501,"{""model__C"": 1, ""model__epsilon"": 0.03, ""model__gamma"": ""scale""}"
544,0,arousal,svr_rbf,0.45,0.4062804806447338,0.04371951935526619,"{""model__C"": 1, ""model__epsilon"": 0.03, ""model__gamma"": ""scale""}"
548,0,arousal,svr_rbf,0.45,0.5336183667370578,0.08361836673705775,"{""model__C"": 1, ""model__epsilon"": 0.03, ""model__gamma"": ""scale""}"
550,0,arousal,svr_rbf,0.4375,0.5196996950722381,0.08219969507223812,"{""model__C"": 1, ""model__epsilon"": 0.03, ""model__gamma"": ""scale""}"
555,0,arousal,svr_rbf,0.7625,0.683507107304614,0.07899289269538601,"{""model__C"": 1, ""model__epsilon"": 0.03, ""model__gamma"": ""scale""}"
560,0,arousal,svr_rbf,0.6625,0.6799502879494659,0.017450287949465904,"{""model__C"": 1, ""model__epsilon"": 0.03, ""model__gamma"": ""scale""}"
569,0,arousal,svr_rbf,0.7,0.8302033080137672,0.13020330801376723,"{""model__C"": 1, ""model__epsilon"": 0.03, ""model__gamma"": ""scale""}"
571,0,arousal,svr_rbf,0.6625,0.6187092563910096,0.04379074360899038,"{""model__C"": 1, ""model__epsilon"": 0.03, ""model__gamma"": ""scale""}"
578,0,arousal,svr_rbf,0.4625,0.45303348657936987,0.009466513420630152,"{""model__C"": 1, ""model__epsilon"": 0.03, ""model__gamma"": ""scale""}"
599,0,arousal,svr_rbf,0.55,0.6674029969867088,0.11740299698670875,"{""model__C"": 1, ""model__epsilon"": 0.03, ""model__gamma"": ""scale""}"
601,0,arousal,svr_rbf,0.6875,0.6200331054219521,0.06746689457804789,"{""model__C"": 1, ""model__epsilon"": 0.03, ""model__gamma"": ""scale""}"
629,0,arousal,svr_rbf,0.7125,0.5462753626971691,0.16622463730283088,"{""model__C"": 1, ""model__epsilon"": 0.03, ""model__gamma"": ""scale""}"
632,0,arousal,svr_rbf,0.8625,0.6859709123689985,0.1765290876310015,"{""model__C"": 1, ""model__epsilon"": 0.03, ""model__gamma"": ""scale""}"
638,0,arousal,svr_rbf,0.775,0.6372924214025684,0.13770757859743166,"{""model__C"": 1, ""model__epsilon"": 0.03, ""model__gamma"": ""scale""}"
646,0,arousal,svr_rbf,0.8625,0.7554966602481488,0.10700333975185128,"{""model__C"": 1, ""model__epsilon"": 0.03, ""model__gamma"": ""scale""}"
649,0,arousal,svr_rbf,0.4375,0.6276957510156256,0.19019575101562558,"{""model__C"": 1, ""model__epsilon"": 0.03, ""model__gamma"": ""scale""}"
662,0,arousal,svr_rbf,0.675,0.5723367196836737,0.10266328031632632,"{""model__C"": 1, ""model__epsilon"": 0.03, ""model__gamma"": ""scale""}"
675,0,arousal,svr_rbf,0.3125,0.4624489845782351,0.14994898457823508,"{""model__C"": 1, ""model__epsilon"": 0.03, ""model__gamma"": ""scale""}"
684,0,arousal,svr_rbf,0.375,0.5797208672402581,0.20472086724025806,"{""model__C"": 1, ""model__epsilon"": 0.03, ""model__gamma"": ""scale""}"
685,0,arousal,svr_rbf,0.625,0.6464516333241975,0.021451633324197528,"{""model__C"": 1, ""model__epsilon"": 0.03, ""model__gamma"": ""scale""}"
686,0,arousal,svr_rbf,0.6,0.5550528916482687,0.044947108351731324,"{""model__C"": 1, ""model__epsilon"": 0.03, ""model__gamma"": ""scale""}"
698,0,arousal,svr_rbf,0.3625,0.5208099833869415,0.15830998338694152,"{""model__C"": 1, ""model__epsilon"": 0.03, ""model__gamma"": ""scale""}"
699,0,arousal,svr_rbf,0.7125,0.6557360980348645,0.05676390196513548,"{""model__C"": 1, ""model__epsilon"": 0.03, ""model__gamma"": ""scale""}"
707,0,arousal,svr_rbf,0.3125,0.46291227129389956,0.15041227129389956,"{""model__C"": 1, ""model__epsilon"": 0.03, ""model__gamma"": ""scale""}"
719,0,arousal,svr_rbf,0.525,0.5972369477177751,0.07223694771777511,"{""model__C"": 1, ""model__epsilon"": 0.03, ""model__gamma"": ""scale""}"
720,0,arousal,svr_rbf,0.7375,0.7173700166270371,0.0201299833729629,"{""model__C"": 1, ""model__epsilon"": 0.03, ""model__gamma"": ""scale""}"
729,0,arousal,svr_rbf,0.525,0.4532408222418523,0.07175917775814772,"{""model__C"": 1, ""model__epsilon"": 0.03, ""model__gamma"": ""scale""}"
742,0,arousal,svr_rbf,0.725,0.5588729801330921,0.16612701986690792,"{""model__C"": 1, ""model__epsilon"": 0.03, ""model__gamma"": ""scale""}"
743,0,arousal,svr_rbf,0.85,0.7591669022215822,0.09083309777841775,"{""model__C"": 1, ""model__epsilon"": 0.03, ""model__gamma"": ""scale""}"
746,0,arousal,svr_rbf,0.6625,0.5851923205685601,0.0773076794314399,"{""model__C"": 1, ""model__epsilon"": 0.03, ""model__gamma"": ""scale""}"
749,0,arousal,svr_rbf,0.525,0.5474093155956972,0.022409315595697143,"{""model__C"": 1, ""model__epsilon"": 0.03, ""model__gamma"": ""scale""}"
769,0,arousal,svr_rbf,0.525,0.5372001584159593,0.012200158415959228,"{""model__C"": 1, ""model__epsilon"": 0.03, ""model__gamma"": ""scale""}"
772,0,arousal,svr_rbf,0.8375,0.6680031691544944,0.1694968308455056,"{""model__C"": 1, ""model__epsilon"": 0.03, ""model__gamma"": ""scale""}"
776,0,arousal,svr_rbf,0.6375,0.6924555833880858,0.054955583388085816,"{""model__C"": 1, ""model__epsilon"": 0.03, ""model__gamma"": ""scale""}"
780,0,arousal,svr_rbf,0.5125,0.5051311976610068,0.0073688023389931745,"{""model__C"": 1, ""model__epsilon"": 0.03, ""model__gamma"": ""scale""}"
784,0,arousal,svr_rbf,0.45,0.4337696740946309,0.016230325905369103,"{""model__C"": 1, ""model__epsilon"": 0.03, ""model__gamma"": ""scale""}"
788,0,arousal,svr_rbf,0.6125,0.7525450892425992,0.14004508924259917,"{""model__C"": 1, ""model__epsilon"": 0.03, ""model__gamma"": ""scale""}"
789,0,arousal,svr_rbf,0.35,0.40339051069220466,0.053390510692204685,"{""model__C"": 1, ""model__epsilon"": 0.03, ""model__gamma"": ""scale""}"
791,0,arousal,svr_rbf,0.7875,0.8919495968251484,0.10444959682514843,"{""model__C"": 1, ""model__epsilon"": 0.03, ""model__gamma"": ""scale""}"
809,0,arousal,svr_rbf,0.1875,0.4443131590223504,0.2568131590223504,"{""model__C"": 1, ""model__epsilon"": 0.03, ""model__gamma"": ""scale""}"
810,0,arousal,svr_rbf,0.4125,0.323933581451712,0.08856641854828795,"{""model__C"": 1, ""model__epsilon"": 0.03, ""model__gamma"": ""scale""}"
812,0,arousal,svr_rbf,0.8,0.7947609499552701,0.005239050044729909,"{""model__C"": 1, ""model__epsilon"": 0.03, ""model__gamma"": ""scale""}"
820,0,arousal,svr_rbf,0.6625,0.600459214306886,0.062040785693114,"{""model__C"": 1, ""model__epsilon"": 0.03, ""model__gamma"": ""scale""}"
821,0,arousal,svr_rbf,0.7875,0.7909458708407536,0.003445870840753651,"{""model__C"": 1, ""model__epsilon"": 0.03, ""model__gamma"": ""scale""}"
835,0,arousal,svr_rbf,0.6625,0.7285845563153901,0.06608455631539012,"{""model__C"": 1, ""model__epsilon"": 0.03, ""model__gamma"": ""scale""}"
842,0,arousal,svr_rbf,0.6,0.49154399253387354,0.10845600746612644,"{""model__C"": 1, ""model__epsilon"": 0.03, ""model__gamma"": ""scale""}"
854,0,arousal,svr_rbf,0.8375,0.7998764245503294,0.037623575449670654,"{""model__C"": 1, ""model__epsilon"": 0.03, ""model__gamma"": ""scale""}"
858,0,arousal,svr_rbf,0.625,0.6780519282855458,0.053051928285545835,"{""model__C"": 1, ""model__epsilon"": 0.03, ""model__gamma"": ""scale""}"
865,0,arousal,svr_rbf,0.8875,0.8118141111982945,0.07568588880170546,"{""model__C"": 1, ""model__epsilon"": 0.03, ""model__gamma"": ""scale""}"
870,0,arousal,svr_rbf,0.65,0.6937095085766082,0.04370950857660816,"{""model__C"": 1, ""model__epsilon"": 0.03, ""model__gamma"": ""scale""}"
876,0,arousal,svr_rbf,0.775,0.6986249540176523,0.07637504598234768,"{""model__C"": 1, ""model__epsilon"": 0.03, ""model__gamma"": ""scale""}"
883,0,arousal,svr_rbf,0.8625,0.7535187653256804,0.10898123467431964,"{""model__C"": 1, ""model__epsilon"": 0.03, ""model__gamma"": ""scale""}"
890,0,arousal,svr_rbf,0.7875,0.7696510835486621,0.017848916451337904,"{""model__C"": 1, ""model__epsilon"": 0.03, ""model__gamma"": ""scale""}"
895,0,arousal,svr_rbf,0.6375,0.5727388899553831,0.06476111004461682,"{""model__C"": 1, ""model__epsilon"": 0.03, ""model__gamma"": ""scale""}"
903,0,arousal,svr_rbf,0.7625,0.8385895202697697,0.07608952026976978,"{""model__C"": 1, ""model__epsilon"": 0.03, ""model__gamma"": ""scale""}"
906,0,arousal,svr_rbf,0.325,0.523188460055657,0.198188460055657,"{""model__C"": 1, ""model__epsilon"": 0.03, ""model__gamma"": ""scale""}"
917,0,arousal,svr_rbf,0.7375,0.7809505245496415,0.04345052454964149,"{""model__C"": 1, ""model__epsilon"": 0.03, ""model__gamma"": ""scale""}"
924,0,arousal,svr_rbf,0.6125,0.5410275145666743,0.07147248543332574,"{""model__C"": 1, ""model__epsilon"": 0.03, ""model__gamma"": ""scale""}"
938,0,arousal,svr_rbf,0.725,0.752812336451362,0.027812336451362052,"{""model__C"": 1, ""model__epsilon"": 0.03, ""model__gamma"": ""scale""}"
939,0,arousal,svr_rbf,0.725,0.8364365517387959,0.11143655173879596,"{""model__C"": 1, ""model__epsilon"": 0.03, ""model__gamma"": ""scale""}"
940,0,arousal,svr_rbf,0.625,0.41081988815690124,0.21418011184309876,"{""model__C"": 1, ""model__epsilon"": 0.03, ""model__gamma"": ""scale""}"
946,0,arousal,svr_rbf,0.425,0.637754465160547,0.21275446516054702,"{""model__C"": 1, ""model__epsilon"": 0.03, ""model__gamma"": ""scale""}"
952,0,arousal,svr_rbf,0.525,0.6237870214184694,0.0987870214184694,"{""model__C"": 1, ""model__epsilon"": 0.03, ""model__gamma"": ""scale""}"
965,0,arousal,svr_rbf,0.5,0.5135629491148306,0.01356294911483058,"{""model__C"": 1, ""model__epsilon"": 0.03, ""model__gamma"": ""scale""}"
978,0,arousal,svr_rbf,0.6875,0.7475039743957126,0.06000397439571259,"{""model__C"": 1, ""model__epsilon"": 0.03, ""model__gamma"": ""scale""}"
996,0,arousal,svr_rbf,0.875,0.9132407969821462,0.03824079698214622,"{""model__C"": 1, ""model__epsilon"": 0.03, ""model__gamma"": ""scale""}"
1000,0,arousal,svr_rbf,0.6625,0.8492642627913951,0.18676426279139513,"{""model__C"": 1, ""model__epsilon"": 0.03, ""model__gamma"": ""scale""}"
1,1,arousal,svr_rbf,0.4,0.5448779746241245,0.14487797462412444,"{""model__C"": 1, ""model__epsilon"": 0.03, ""model__gamma"": ""scale""}"
4,1,arousal,svr_rbf,0.2625,0.3326619335326103,0.0701619335326103,"{""model__C"": 1, ""model__epsilon"": 0.03, ""model__gamma"": ""scale""}"
8,1,arousal,svr_rbf,0.3875,0.5635740729772658,0.1760740729772658,"{""model__C"": 1, ""model__epsilon"": 0.03, ""model__gamma"": ""scale""}"
28,1,arousal,svr_rbf,0.4875,0.615132101403065,0.12763210140306497,"{""model__C"": 1, ""model__epsilon"": 0.03, ""model__gamma"": ""scale""}"
39,1,arousal,svr_rbf,0.875,0.9293661484958697,0.05436614849586974,"{""model__C"": 1, ""model__epsilon"": 0.03, ""model__gamma"": ""scale""}"
46,1,arousal,svr_rbf,0.8375,0.7214621922046158,0.1160378077953842,"{""model__C"": 1, ""model__epsilon"": 0.03, ""model__gamma"": ""scale""}"
52,1,arousal,svr_rbf,0.5875,0.5446674026597211,0.04283259734027889,"{""model__C"": 1, ""model__epsilon"": 0.03, ""model__gamma"": ""scale""}"
55,1,arousal,svr_rbf,0.625,0.509585728253147,0.11541427174685304,"{""model__C"": 1, ""model__epsilon"": 0.03, ""model__gamma"": ""scale""}"
61,1,arousal,svr_rbf,0.375,0.46802750940617505,0.09302750940617505,"{""model__C"": 1, ""model__epsilon"": 0.03, ""model__gamma"": ""scale""}"
66,1,arousal,svr_rbf,0.8625,0.7507419137531538,0.11175808624684624,"{""model__C"": 1, ""model__epsilon"": 0.03, ""model__gamma"": ""scale""}"
67,1,arousal,svr_rbf,0.8,0.7266563668089311,0.07334363319106896,"{""model__C"": 1, ""model__epsilon"": 0.03, ""model__gamma"": ""scale""}"
72,1,arousal,svr_rbf,0.75,0.7024432589134327,0.04755674108656727,"{""model__C"": 1, ""model__epsilon"": 0.03, ""model__gamma"": ""scale""}"
73,1,arousal,svr_rbf,0.5375,0.602954258297883,0.06545425829788298,"{""model__C"": 1, ""model__epsilon"": 0.03, ""model__gamma"": ""scale""}"
74,1,arousal,svr_rbf,0.8875,0.76885112346445,0.11864887653555001,"{""model__C"": 1, ""model__epsilon"": 0.03, ""model__gamma"": ""scale""}"
88,1,arousal,svr_rbf,0.625,0.5569688178241279,0.06803118217587212,"{""model__C"": 1, ""model__epsilon"": 0.03, ""model__gamma"": ""scale""}"
94,1,arousal,svr_rbf,0.7625,0.5259284826623026,0.23657151733769732,"{""model__C"": 1, ""model__epsilon"": 0.03, ""model__gamma"": ""scale""}"
102,1,arousal,svr_rbf,0.7375,0.613237875667994,0.12426212433200601,"{""model__C"": 1, ""model__epsilon"": 0.03, ""model__gamma"": ""scale""}"
104,1,arousal,svr_rbf,0.8375,0.7889168507860171,0.04858314921398288,"{""model__C"": 1, ""model__epsilon"": 0.03, ""model__gamma"": ""scale""}"
108,1,arousal,svr_rbf,0.8625,0.7915616501526306,0.07093834984736946,"{""model__C"": 1, ""model__epsilon"": 0.03, ""model__gamma"": ""scale""}"
139,1,arousal,svr_rbf,0.7125,0.6025060514642441,0.10999394853575595,"{""model__C"": 1, ""model__epsilon"": 0.03, ""model__gamma"": ""scale""}"
143,1,arousal,svr_rbf,0.5625,0.6550439088664353,0.09254390886643526,"{""model__C"": 1, ""model__epsilon"": 0.03, ""model__gamma"": ""scale""}"
146,1,arousal,svr_rbf,0.6625,0.730882352425344,0.06838235242534407,"{""model__C"": 1, ""model__epsilon"": 0.03, ""model__gamma"": ""scale""}"
149,1,arousal,svr_rbf,0.3875,0.4281440578544975,0.040644057854497484,"{""model__C"": 1, ""model__epsilon"": 0.03, ""model__gamma"": ""scale""}"
152,1,arousal,svr_rbf,0.825,0.786688111930284,0.03831188806971597,"{""model__C"": 1, ""model__epsilon"": 0.03, ""model__gamma"": ""scale""}"
156,1,arousal,svr_rbf,0.6625,0.5118863815092074,0.15061361849079258,"{""model__C"": 1, ""model__epsilon"": 0.03, ""model__gamma"": ""scale""}"
160,1,arousal,svr_rbf,0.825,0.8992517655287547,0.07425176552875479,"{""model__C"": 1, ""model__epsilon"": 0.03, ""model__gamma"": ""scale""}"
165,1,arousal,svr_rbf,0.7375,0.7050648752105775,0.032435124789422565,"{""model__C"": 1, ""model__epsilon"": 0.03, ""model__gamma"": ""scale""}"
177,1,arousal,svr_rbf,0.55,0.5082602106909048,0.041739789309095277,"{""model__C"": 1, ""model__epsilon"": 0.03, ""model__gamma"": ""scale""}"
180,1,arousal,svr_rbf,0.575,0.5332692248149575,0.041730775185042424,"{""model__C"": 1, ""model__epsilon"": 0.03, ""model__gamma"": ""scale""}"
189,1,arousal,svr_rbf,0.6875,0.5255285438442177,0.16197145615578235,"{""model__C"": 1, ""model__epsilon"": 0.03, ""model__gamma"": ""scale""}"
191,1,arousal,svr_rbf,0.7625,0.5755255922390206,0.1869744077609794,"{""model__C"": 1, ""model__epsilon"": 0.03, ""model__gamma"": ""scale""}"
192,1,arousal,svr_rbf,0.9375,0.5721461965369297,0.36535380346307034,"{""model__C"": 1, ""model__epsilon"": 0.03, ""model__gamma"": ""scale""}"
204,1,arousal,svr_rbf,0.7375,0.5845788662029726,0.15292113379702743,"{""model__C"": 1, ""model__epsilon"": 0.03, ""model__gamma"": ""scale""}"
207,1,arousal,svr_rbf,0.85,0.7327599836759624,0.11724001632403758,"{""model__C"": 1, ""model__epsilon"": 0.03, ""model__gamma"": ""scale""}"
220,1,arousal,svr_rbf,0.6875,0.6825708335756965,0.004929166424303522,"{""model__C"": 1, ""model__epsilon"": 0.03, ""model__gamma"": ""scale""}"
222,1,arousal,svr_rbf,0.6625,0.7033284368867856,0.04082843688678561,"{""model__C"": 1, ""model__epsilon"": 0.03, ""model__gamma"": ""scale""}"
233,1,arousal,svr_rbf,0.4,0.47372194181275185,0.07372194181275182,"{""model__C"": 1, ""model__epsilon"": 0.03, ""model__gamma"": ""scale""}"
257,1,arousal,svr_rbf,0.4125,0.4215389828578854,0.009038982857885403,"{""model__C"": 1, ""model__epsilon"": 0.03, ""model__gamma"": ""scale""}"
265,1,arousal,svr_rbf,0.5125,0.5050714358327323,0.0074285641672676705,"{""model__C"": 1, ""model__epsilon"": 0.03, ""model__gamma"": ""scale""}"
279,1,arousal,svr_rbf,0.3625,0.5127083528311579,0.1502083528311579,"{""model__C"": 1, ""model__epsilon"": 0.03, ""model__gamma"": ""scale""}"
294,1,arousal,svr_rbf,0.7,0.8558061329785165,0.15580613297851653,"{""model__C"": 1, ""model__epsilon"": 0.03, ""model__gamma"": ""scale""}"
299,1,arousal,svr_rbf,0.25,0.4620484589234508,0.2120484589234508,"{""model__C"": 1, ""model__epsilon"": 0.03, ""model__gamma"": ""scale""}"
301,1,arousal,svr_rbf,0.825,0.6667794276135937,0.1582205723864063,"{""model__C"": 1, ""model__epsilon"": 0.03, ""model__gamma"": ""scale""}"
304,1,arousal,svr_rbf,0.9,0.8245070153464775,0.0754929846535225,"{""model__C"": 1, ""model__epsilon"": 0.03, ""model__gamma"": ""scale""}"
314,1,arousal,svr_rbf,0.5625,0.5847683891776102,0.022268389177610204,"{""model__C"": 1, ""model__epsilon"": 0.03, ""model__gamma"": ""scale""}"
317,1,arousal,svr_rbf,0.925,0.8574576406128226,0.06754235938717745,"{""model__C"": 1, ""model__epsilon"": 0.03, ""model__gamma"": ""scale""}"
324,1,arousal,svr_rbf,0.8875,0.7650035119846326,0.12249648801536739,"{""model__C"": 1, ""model__epsilon"": 0.03, ""model__gamma"": ""scale""}"
334,1,arousal,svr_rbf,0.625,0.4955917773771815,0.12940822262281848,"{""model__C"": 1, ""model__epsilon"": 0.03, ""model__gamma"": ""scale""}"
362,1,arousal,svr_rbf,0.4,0.4485778601118293,0.048577860111829296,"{""model__C"": 1, ""model__epsilon"": 0.03, ""model__gamma"": ""scale""}"
368,1,arousal,svr_rbf,0.6,0.4673182993287122,0.13268170067128776,"{""model__C"": 1, ""model__epsilon"": 0.03, ""model__gamma"": ""scale""}"
370,1,arousal,svr_rbf,0.4,0.46366718505960636,0.06366718505960633,"{""model__C"": 1, ""model__epsilon"": 0.03, ""model__gamma"": ""scale""}"
372,1,arousal,svr_rbf,0.825,0.5195336323515946,0.3054663676484054,"{""model__C"": 1, ""model__epsilon"": 0.03, ""model__gamma"": ""scale""}"
379,1,arousal,svr_rbf,0.9375,0.8917245925821431,0.045775407417856906,"{""model__C"": 1, ""model__epsilon"": 0.03, ""model__gamma"": ""scale""}"
391,1,arousal,svr_rbf,0.85,0.7019491029521128,0.1480508970478872,"{""model__C"": 1, ""model__epsilon"": 0.03, ""model__gamma"": ""scale""}"
403,1,arousal,svr_rbf,0.7625,0.7948003785072539,0.03230037850725398,"{""model__C"": 1, ""model__epsilon"": 0.03, ""model__gamma"": ""scale""}"
408,1,arousal,svr_rbf,0.9125,0.8821815830141955,0.03031841698580451,"{""model__C"": 1, ""model__epsilon"": 0.03, ""model__gamma"": ""scale""}"
425,1,arousal,svr_rbf,0.95,0.8078826187492596,0.14211738125074036,"{""model__C"": 1, ""model__epsilon"": 0.03, ""model__gamma"": ""scale""}"
426,1,arousal,svr_rbf,0.825,0.6880984336448828,0.1369015663551172,"{""model__C"": 1, ""model__epsilon"": 0.03, ""model__gamma"": ""scale""}"
435,1,arousal,svr_rbf,0.275,0.41858458657369046,0.14358458657369044,"{""model__C"": 1, ""model__epsilon"": 0.03, ""model__gamma"": ""scale""}"
436,1,arousal,svr_rbf,0.25,0.32613333103968134,0.07613333103968134,"{""model__C"": 1, ""model__epsilon"": 0.03, ""model__gamma"": ""scale""}"
441,1,arousal,svr_rbf,0.675,0.7008858666024609,0.02588586660246084,"{""model__C"": 1, ""model__epsilon"": 0.03, ""model__gamma"": ""scale""}"
442,1,arousal,svr_rbf,0.7125,0.597775089146914,0.114724910853086,"{""model__C"": 1, ""model__epsilon"": 0.03, ""model__gamma"": ""scale""}"
461,1,arousal,svr_rbf,0.375,0.3882063490498274,0.013206349049827426,"{""model__C"": 1, ""model__epsilon"": 0.03, ""model__gamma"": ""scale""}"
465,1,arousal,svr_rbf,0.3375,0.4842668673275062,0.14676686732750616,"{""model__C"": 1, ""model__epsilon"": 0.03, ""model__gamma"": ""scale""}"
469,1,arousal,svr_rbf,0.7125,0.7294958856132567,0.01699588561325671,"{""model__C"": 1, ""model__epsilon"": 0.03, ""model__gamma"": ""scale""}"
471,1,arousal,svr_rbf,0.875,0.8038513417964066,0.0711486582035934,"{""model__C"": 1, ""model__epsilon"": 0.03, ""model__gamma"": ""scale""}"
480,1,arousal,svr_rbf,0.7875,0.7109497239782656,0.07655027602173436,"{""model__C"": 1, ""model__epsilon"": 0.03, ""model__gamma"": ""scale""}"
487,1,arousal,svr_rbf,0.8,0.8326524609159316,0.03265246091593155,"{""model__C"": 1, ""model__epsilon"": 0.03, ""model__gamma"": ""scale""}"
496,1,arousal,svr_rbf,0.6625,0.5327855033859691,0.1297144966140309,"{""model__C"": 1, ""model__epsilon"": 0.03, ""model__gamma"": ""scale""}"
500,1,arousal,svr_rbf,0.7,0.7217079731155231,0.021707973115523194,"{""model__C"": 1, ""model__epsilon"": 0.03, ""model__gamma"": ""scale""}"
503,1,arousal,svr_rbf,0.613636363636,0.7093813124197962,0.09574494878379614,"{""model__C"": 1, ""model__epsilon"": 0.03, ""model__gamma"": ""scale""}"
507,1,arousal,svr_rbf,0.8,0.8340994073308923,0.03409940733089223,"{""model__C"": 1, ""model__epsilon"": 0.03, ""model__gamma"": ""scale""}"
512,1,arousal,svr_rbf,0.3125,0.3782484570760982,0.06574845707609822,"{""model__C"": 1, ""model__epsilon"": 0.03, ""model__gamma"": ""scale""}"
521,1,arousal,svr_rbf,0.5125,0.5409035936796274,0.028403593679627415,"{""model__C"": 1, ""model__epsilon"": 0.03, ""model__gamma"": ""scale""}"
525,1,arousal,svr_rbf,0.2375,0.28676734411377497,0.04926734411377498,"{""model__C"": 1, ""model__epsilon"": 0.03, ""model__gamma"": ""scale""}"
536,1,arousal,svr_rbf,0.7875,0.7948787073222009,0.007378707322200917,"{""model__C"": 1, ""model__epsilon"": 0.03, ""model__gamma"": ""scale""}"
546,1,arousal,svr_rbf,0.7875,0.612207228188078,0.17529277181192193,"{""model__C"": 1, ""model__epsilon"": 0.03, ""model__gamma"": ""scale""}"
549,1,arousal,svr_rbf,0.4375,0.5616872473576913,0.12418724735769127,"{""model__C"": 1, ""model__epsilon"": 0.03, ""model__gamma"": ""scale""}"
562,1,arousal,svr_rbf,0.7375,0.702474376142961,0.035025623857039,"{""model__C"": 1, ""model__epsilon"": 0.03, ""model__gamma"": ""scale""}"
566,1,arousal,svr_rbf,0.775,0.8239052501050346,0.04890525010503455,"{""model__C"": 1, ""model__epsilon"": 0.03, ""model__gamma"": ""scale""}"
572,1,arousal,svr_rbf,0.7375,0.7651045475434016,0.02760454754340158,"{""model__C"": 1, ""model__epsilon"": 0.03, ""model__gamma"": ""scale""}"
574,1,arousal,svr_rbf,0.7875,0.7689691678198416,0.018530832180158385,"{""model__C"": 1, ""model__epsilon"": 0.03, ""model__gamma"": ""scale""}"
576,1,arousal,svr_rbf,0.7125,0.7469315830282599,0.03443158302825988,"{""model__C"": 1, ""model__epsilon"": 0.03, ""model__gamma"": ""scale""}"
588,1,arousal,svr_rbf,0.7,0.5534090236456434,0.14659097635435658,"{""model__C"": 1, ""model__epsilon"": 0.03, ""model__gamma"": ""scale""}"
591,1,arousal,svr_rbf,0.25,0.41589651324375915,0.16589651324375915,"{""model__C"": 1, ""model__epsilon"": 0.03, ""model__gamma"": ""scale""}"
598,1,arousal,svr_rbf,0.85,0.719480065053107,0.13051993494689296,"{""model__C"": 1, ""model__epsilon"": 0.03, ""model__gamma"": ""scale""}"
614,1,arousal,svr_rbf,0.2875,0.4655445815590011,0.1780445815590011,"{""model__C"": 1, ""model__epsilon"": 0.03, ""model__gamma"": ""scale""}"
617,1,arousal,svr_rbf,0.8875,0.7922612133258409,0.09523878667415908,"{""model__C"": 1, ""model__epsilon"": 0.03, ""model__gamma"": ""scale""}"
623,1,arousal,svr_rbf,0.85,0.8596870143320451,0.009687014332045107,"{""model__C"": 1, ""model__epsilon"": 0.03, ""model__gamma"": ""scale""}"
634,1,arousal,svr_rbf,0.225,0.4549233161164675,0.22992331611646752,"{""model__C"": 1, ""model__epsilon"": 0.03, ""model__gamma"": ""scale""}"
635,1,arousal,svr_rbf,0.6375,0.534440232961565,0.103059767038435,"{""model__C"": 1, ""model__epsilon"": 0.03, ""model__gamma"": ""scale""}"
637,1,arousal,svr_rbf,0.775,0.689296036453444,0.08570396354655607,"{""model__C"": 1, ""model__epsilon"": 0.03, ""model__gamma"": ""scale""}"
648,1,arousal,svr_rbf,0.6875,0.6734648248301012,0.014035175169898828,"{""model__C"": 1, ""model__epsilon"": 0.03, ""model__gamma"": ""scale""}"
651,1,arousal,svr_rbf,0.825,0.684685308102316,0.14031469189768397,"{""model__C"": 1, ""model__epsilon"": 0.03, ""model__gamma"": ""scale""}"
652,1,arousal,svr_rbf,0.55,0.5070472056337131,0.04295279436628696,"{""model__C"": 1, ""model__epsilon"": 0.03, ""model__gamma"": ""scale""}"
661,1,arousal,svr_rbf,0.6375,0.645557729723063,0.008057729723063067,"{""model__C"": 1, ""model__epsilon"": 0.03, ""model__gamma"": ""scale""}"
666,1,arousal,svr_rbf,0.675,0.6738727521640319,0.0011272478359681815,"{""model__C"": 1, ""model__epsilon"": 0.03, ""model__gamma"": ""scale""}"
671,1,arousal,svr_rbf,0.675,0.6689713135080967,0.006028686491903357,"{""model__C"": 1, ""model__epsilon"": 0.03, ""model__gamma"": ""scale""}"
673,1,arousal,svr_rbf,0.5125,0.5822928186975402,0.06979281869754028,"{""model__C"": 1, ""model__epsilon"": 0.03, ""model__gamma"": ""scale""}"
678,1,arousal,svr_rbf,0.7875,0.7715221982895919,0.01597780171040808,"{""model__C"": 1, ""model__epsilon"": 0.03, ""model__gamma"": ""scale""}"
692,1,arousal,svr_rbf,0.5,0.6343224287093315,0.13432242870933153,"{""model__C"": 1, ""model__epsilon"": 0.03, ""model__gamma"": ""scale""}"
694,1,arousal,svr_rbf,0.3875,0.5790981282032367,0.19159812820323668,"{""model__C"": 1, ""model__epsilon"": 0.03, ""model__gamma"": ""scale""}"
708,1,arousal,svr_rbf,0.6625,0.5543050704903366,0.10819492950966336,"{""model__C"": 1, ""model__epsilon"": 0.03, ""model__gamma"": ""scale""}"
710,1,arousal,svr_rbf,0.7875,0.8681604858835694,0.08066048588356944,"{""model__C"": 1, ""model__epsilon"": 0.03, ""model__gamma"": ""scale""}"
718,1,arousal,svr_rbf,0.5125,0.384098220779447,0.12840177922055296,"{""model__C"": 1, ""model__epsilon"": 0.03, ""model__gamma"": ""scale""}"
722,1,arousal,svr_rbf,0.575,0.6173269988300181,0.042326998830018114,"{""model__C"": 1, ""model__epsilon"": 0.03, ""model__gamma"": ""scale""}"
730,1,arousal,svr_rbf,0.55,0.3727630495118541,0.17723695048814592,"{""model__C"": 1, ""model__epsilon"": 0.03, ""model__gamma"": ""scale""}"
731,1,arousal,svr_rbf,0.6875,0.7044571899328922,0.01695718993289219,"{""model__C"": 1, ""model__epsilon"": 0.03, ""model__gamma"": ""scale""}"
738,1,arousal,svr_rbf,0.5875,0.6938981658415744,0.10639816584157435,"{""model__C"": 1, ""model__epsilon"": 0.03, ""model__gamma"": ""scale""}"
739,1,arousal,svr_rbf,0.6875,0.771901034115836,0.084401034115836,"{""model__C"": 1, ""model__epsilon"": 0.03, ""model__gamma"": ""scale""}"
750,1,arousal,svr_rbf,0.4,0.43033977138249324,0.03033977138249322,"{""model__C"": 1, ""model__epsilon"": 0.03, ""model__gamma"": ""scale""}"
751,1,arousal,svr_rbf,0.5875,0.4125078899955339,0.17499211000446613,"{""model__C"": 1, ""model__epsilon"": 0.03, ""model__gamma"": ""scale""}"
757,1,arousal,svr_rbf,0.6625,0.6006476806417032,0.061852319358296826,"{""model__C"": 1, ""model__epsilon"": 0.03, ""model__gamma"": ""scale""}"
758,1,arousal,svr_rbf,0.8375,0.7075308249513286,0.12996917504867145,"{""model__C"": 1, ""model__epsilon"": 0.03, ""model__gamma"": ""scale""}"
763,1,arousal,svr_rbf,0.3875,0.3686834883807173,0.018816511619282716,"{""model__C"": 1, ""model__epsilon"": 0.03, ""model__gamma"": ""scale""}"
773,1,arousal,svr_rbf,0.75,0.6814249568545102,0.06857504314548979,"{""model__C"": 1, ""model__epsilon"": 0.03, ""model__gamma"": ""scale""}"
796,1,arousal,svr_rbf,0.6,0.6688840907312671,0.06888409073126711,"{""model__C"": 1, ""model__epsilon"": 0.03, ""model__gamma"": ""scale""}"
797,1,arousal,svr_rbf,0.6375,0.6690321373434387,0.03153213734343874,"{""model__C"": 1, ""model__epsilon"": 0.03, ""model__gamma"": ""scale""}"
801,1,arousal,svr_rbf,0.3375,0.5039363907481753,0.1664363907481753,"{""model__C"": 1, ""model__epsilon"": 0.03, ""model__gamma"": ""scale""}"
813,1,arousal,svr_rbf,0.675,0.5912552216566683,0.08374477834333172,"{""model__C"": 1, ""model__epsilon"": 0.03, ""model__gamma"": ""scale""}"
818,1,arousal,svr_rbf,0.275,0.3812495757259516,0.10624957572595156,"{""model__C"": 1, ""model__epsilon"": 0.03, ""model__gamma"": ""scale""}"
825,1,arousal,svr_rbf,0.5375,0.5633744957883782,0.025874495788378193,"{""model__C"": 1, ""model__epsilon"": 0.03, ""model__gamma"": ""scale""}"
828,1,arousal,svr_rbf,0.65,0.654031709575764,0.004031709575763931,"{""model__C"": 1, ""model__epsilon"": 0.03, ""model__gamma"": ""scale""}"
833,1,arousal,svr_rbf,0.8,0.785498050970071,0.014501949029929073,"{""model__C"": 1, ""model__epsilon"": 0.03, ""model__gamma"": ""scale""}"
834,1,arousal,svr_rbf,0.8875,0.7282740669356961,0.15922593306430388,"{""model__C"": 1, ""model__epsilon"": 0.03, ""model__gamma"": ""scale""}"
836,1,arousal,svr_rbf,0.8875,0.8709575726151196,0.01654242738488032,"{""model__C"": 1, ""model__epsilon"": 0.03, ""model__gamma"": ""scale""}"
837,1,arousal,svr_rbf,0.7375,0.7051966109774307,0.03230338902256935,"{""model__C"": 1, ""model__epsilon"": 0.03, ""model__gamma"": ""scale""}"
847,1,arousal,svr_rbf,0.5125,0.6414606855294419,0.12896068552944195,"{""model__C"": 1, ""model__epsilon"": 0.03, ""model__gamma"": ""scale""}"
852,1,arousal,svr_rbf,0.4875,0.5422119293593926,0.054711929359392564,"{""model__C"": 1, ""model__epsilon"": 0.03, ""model__gamma"": ""scale""}"
853,1,arousal,svr_rbf,0.65,0.650877768319476,0.0008777683194759467,"{""model__C"": 1, ""model__epsilon"": 0.03, ""model__gamma"": ""scale""}"
859,1,arousal,svr_rbf,0.5875,0.620905548320369,0.033405548320369016,"{""model__C"": 1, ""model__epsilon"": 0.03, ""model__gamma"": ""scale""}"
860,1,arousal,svr_rbf,0.675,0.7256623629237848,0.05066236292378479,"{""model__C"": 1, ""model__epsilon"": 0.03, ""model__gamma"": ""scale""}"
862,1,arousal,svr_rbf,0.8875,0.7489832247206429,0.13851677527935702,"{""model__C"": 1, ""model__epsilon"": 0.03, ""model__gamma"": ""scale""}"
869,1,arousal,svr_rbf,0.45,0.6407085993030324,0.19070859930303236,"{""model__C"": 1, ""model__epsilon"": 0.03, ""model__gamma"": ""scale""}"
879,1,arousal,svr_rbf,0.4875,0.4219651696404634,0.06553483035953661,"{""model__C"": 1, ""model__epsilon"": 0.03, ""model__gamma"": ""scale""}"
880,1,arousal,svr_rbf,0.675,0.6282385811267973,0.04676141887320273,"{""model__C"": 1, ""model__epsilon"": 0.03, ""model__gamma"": ""scale""}"
881,1,arousal,svr_rbf,0.5875,0.6546760149380795,0.06717601493807945,"{""model__C"": 1, ""model__epsilon"": 0.03, ""model__gamma"": ""scale""}"
885,1,arousal,svr_rbf,0.425,0.4599033401144435,0.034903340114443515,"{""model__C"": 1, ""model__epsilon"": 0.03, ""model__gamma"": ""scale""}"
892,1,arousal,svr_rbf,0.6625,0.7446209537859606,0.08212095378596063,"{""model__C"": 1, ""model__epsilon"": 0.03, ""model__gamma"": ""scale""}"
896,1,arousal,svr_rbf,0.761363636364,0.740467957951104,0.02089567841289597,"{""model__C"": 1, ""model__epsilon"": 0.03, ""model__gamma"": ""scale""}"
908,1,arousal,svr_rbf,0.75,0.8055239483920793,0.0555239483920793,"{""model__C"": 1, ""model__epsilon"": 0.03, ""model__gamma"": ""scale""}"
909,1,arousal,svr_rbf,0.825,0.7987551839634589,0.026244816036541052,"{""model__C"": 1, ""model__epsilon"": 0.03, ""model__gamma"": ""scale""}"
918,1,arousal,svr_rbf,0.4,0.47444041353362204,0.07444041353362202,"{""model__C"": 1, ""model__epsilon"": 0.03, ""model__gamma"": ""scale""}"
921,1,arousal,svr_rbf,0.475,0.7704135441923523,0.29541354419235233,"{""model__C"": 1, ""model__epsilon"": 0.03, ""model__gamma"": ""scale""}"
925,1,arousal,svr_rbf,0.5875,0.5635517646604367,0.023948235339563362,"{""model__C"": 1, ""model__epsilon"": 0.03, ""model__gamma"": ""scale""}"
928,1,arousal,svr_rbf,0.8375,0.7682774367395043,0.0692225632604957,"{""model__C"": 1, ""model__epsilon"": 0.03, ""model__gamma"": ""scale""}"
929,1,arousal,svr_rbf,0.6,0.5430187406926642,0.056981259307335774,"{""model__C"": 1, ""model__epsilon"": 0.03, ""model__gamma"": ""scale""}"
935,1,arousal,svr_rbf,0.511363636364,0.45557495335670534,0.055788683007294615,"{""model__C"": 1, ""model__epsilon"": 0.03, ""model__gamma"": ""scale""}"
948,1,arousal,svr_rbf,0.4875,0.45091048383212684,0.03658951616787315,"{""model__C"": 1, ""model__epsilon"": 0.03, ""model__gamma"": ""scale""}"
957,1,arousal,svr_rbf,0.525,0.5663360211870887,0.04133602118708868,"{""model__C"": 1, ""model__epsilon"": 0.03, ""model__gamma"": ""scale""}"
966,1,arousal,svr_rbf,0.575,0.6539875538410436,0.07898755384104361,"{""model__C"": 1, ""model__epsilon"": 0.03, ""model__gamma"": ""scale""}"
981,1,arousal,svr_rbf,0.8,0.837186696218275,0.03718669621827497,"{""model__C"": 1, ""model__epsilon"": 0.03, ""model__gamma"": ""scale""}"
984,1,arousal,svr_rbf,0.825,0.695442081326928,0.12955791867307198,"{""model__C"": 1, ""model__epsilon"": 0.03, ""model__gamma"": ""scale""}"
989,1,arousal,svr_rbf,0.575,0.54660514455798,0.028394855442019917,"{""model__C"": 1, ""model__epsilon"": 0.03, ""model__gamma"": ""scale""}"
6,2,arousal,svr_rbf,0.5125,0.4435124140543828,0.06898758594561716,"{""model__C"": 1, ""model__epsilon"": 0.03, ""model__gamma"": ""scale""}"
10,2,arousal,svr_rbf,0.4375,0.6094964297168506,0.17199642971685059,"{""model__C"": 1, ""model__epsilon"": 0.03, ""model__gamma"": ""scale""}"
15,2,arousal,svr_rbf,0.6125,0.5531943073604437,0.05930569263955632,"{""model__C"": 1, ""model__epsilon"": 0.03, ""model__gamma"": ""scale""}"
16,2,arousal,svr_rbf,0.5375,0.5871966413439633,0.049696641343963344,"{""model__C"": 1, ""model__epsilon"": 0.03, ""model__gamma"": ""scale""}"
19,2,arousal,svr_rbf,0.7625,0.7269472331202838,0.0355527668797162,"{""model__C"": 1, ""model__epsilon"": 0.03, ""model__gamma"": ""scale""}"
43,2,arousal,svr_rbf,0.8625,0.7320762689368152,0.13042373106318483,"{""model__C"": 1, ""model__epsilon"": 0.03, ""model__gamma"": ""scale""}"
44,2,arousal,svr_rbf,0.6875,0.5963364814875931,0.0911635185124069,"{""model__C"": 1, ""model__epsilon"": 0.03, ""model__gamma"": ""scale""}"
47,2,arousal,svr_rbf,0.4,0.4615795341630675,0.061579534163067495,"{""model__C"": 1, ""model__epsilon"": 0.03, ""model__gamma"": ""scale""}"
50,2,arousal,svr_rbf,0.8375,0.6145091593766983,0.22299084062330177,"{""model__C"": 1, ""model__epsilon"": 0.03, ""model__gamma"": ""scale""}"
51,2,arousal,svr_rbf,0.825,0.8506583932526606,0.025658393252660616,"{""model__C"": 1, ""model__epsilon"": 0.03, ""model__gamma"": ""scale""}"
56,2,arousal,svr_rbf,0.4125,0.501756750360719,0.089256750360719,"{""model__C"": 1, ""model__epsilon"": 0.03, ""model__gamma"": ""scale""}"
68,2,arousal,svr_rbf,0.65,0.5409353739721414,0.1090646260278586,"{""model__C"": 1, ""model__epsilon"": 0.03, ""model__gamma"": ""scale""}"
78,2,arousal,svr_rbf,0.5,0.5242651282324633,0.024265128232463296,"{""model__C"": 1, ""model__epsilon"": 0.03, ""model__gamma"": ""scale""}"
97,2,arousal,svr_rbf,0.85,0.7043123772281121,0.14568762277188785,"{""model__C"": 1, ""model__epsilon"": 0.03, ""model__gamma"": ""scale""}"
99,2,arousal,svr_rbf,0.6875,0.6540453015877055,0.03345469841229454,"{""model__C"": 1, ""model__epsilon"": 0.03, ""model__gamma"": ""scale""}"
106,2,arousal,svr_rbf,0.7,0.6659846651134327,0.03401533488656727,"{""model__C"": 1, ""model__epsilon"": 0.03, ""model__gamma"": ""scale""}"
109,2,arousal,svr_rbf,0.8,0.7085242454005947,0.09147575459940538,"{""model__C"": 1, ""model__epsilon"": 0.03, ""model__gamma"": ""scale""}"
117,2,arousal,svr_rbf,0.85,0.8119422230702378,0.0380577769297622,"{""model__C"": 1, ""model__epsilon"": 0.03, ""model__gamma"": ""scale""}"
123,2,arousal,svr_rbf,0.3125,0.5235261743090355,0.21102617430903547,"{""model__C"": 1, ""model__epsilon"": 0.03, ""model__gamma"": ""scale""}"
127,2,arousal,svr_rbf,0.8125,0.7640552303122944,0.04844476968770561,"{""model__C"": 1, ""model__epsilon"": 0.03, ""model__gamma"": ""scale""}"
133,2,arousal,svr_rbf,0.775,0.5895577685307741,0.1854422314692259,"{""model__C"": 1, ""model__epsilon"": 0.03, ""model__gamma"": ""scale""}"
134,2,arousal,svr_rbf,0.8,0.8755749460902462,0.07557494609024618,"{""model__C"": 1, ""model__epsilon"": 0.03, ""model__gamma"": ""scale""}"
137,2,arousal,svr_rbf,0.7625,0.6651267831399763,0.09737321686002365,"{""model__C"": 1, ""model__epsilon"": 0.03, ""model__gamma"": ""scale""}"
147,2,arousal,svr_rbf,0.55,0.47885311985570683,0.07114688014429321,"{""model__C"": 1, ""model__epsilon"": 0.03, ""model__gamma"": ""scale""}"
153,2,arousal,svr_rbf,0.675,0.6733879410895605,0.0016120589104395844,"{""model__C"": 1, ""model__epsilon"": 0.03, ""model__gamma"": ""scale""}"
157,2,arousal,svr_rbf,0.534090909091,0.6092324864258551,0.07514157733485516,"{""model__C"": 1, ""model__epsilon"": 0.03, ""model__gamma"": ""scale""}"
161,2,arousal,svr_rbf,0.8625,0.7660776658998588,0.09642233410014123,"{""model__C"": 1, ""model__epsilon"": 0.03, ""model__gamma"": ""scale""}"
162,2,arousal,svr_rbf,0.875,0.8551756403723366,0.01982435962766338,"{""model__C"": 1, ""model__epsilon"": 0.03, ""model__gamma"": ""scale""}"
170,2,arousal,svr_rbf,0.3,0.27595941025062415,0.02404058974937584,"{""model__C"": 1, ""model__epsilon"": 0.03, ""model__gamma"": ""scale""}"
172,2,arousal,svr_rbf,0.6375,0.5273595522187199,0.11014044778128007,"{""model__C"": 1, ""model__epsilon"": 0.03, ""model__gamma"": ""scale""}"
179,2,arousal,svr_rbf,0.7375,0.6184689742313951,0.11903102576860491,"{""model__C"": 1, ""model__epsilon"": 0.03, ""model__gamma"": ""scale""}"
185,2,arousal,svr_rbf,0.6625,0.6184689742313951,0.04403102576860485,"{""model__C"": 1, ""model__epsilon"": 0.03, ""model__gamma"": ""scale""}"
186,2,arousal,svr_rbf,0.825,0.6689620167116754,0.15603798328832452,"{""model__C"": 1, ""model__epsilon"": 0.03, ""model__gamma"": ""scale""}"
196,2,arousal,svr_rbf,0.4375,0.43270258241251897,0.004797417587481034,"{""model__C"": 1, ""model__epsilon"": 0.03, ""model__gamma"": ""scale""}"
197,2,arousal,svr_rbf,0.3375,0.43859541482507597,0.10109541482507595,"{""model__C"": 1, ""model__epsilon"": 0.03, ""model__gamma"": ""scale""}"
198,2,arousal,svr_rbf,0.863636363636,0.8104312365348356,0.05320512710116443,"{""model__C"": 1, ""model__epsilon"": 0.03, ""model__gamma"": ""scale""}"
211,2,arousal,svr_rbf,0.65,0.7628634408724846,0.11286344087248457,"{""model__C"": 1, ""model__epsilon"": 0.03, ""model__gamma"": ""scale""}"
228,2,arousal,svr_rbf,0.55,0.5599185724986785,0.009918572498678446,"{""model__C"": 1, ""model__epsilon"": 0.03, ""model__gamma"": ""scale""}"
230,2,arousal,svr_rbf,0.3625,0.5178239883675808,0.15532398836758082,"{""model__C"": 1, ""model__epsilon"": 0.03, ""model__gamma"": ""scale""}"
236,2,arousal,svr_rbf,0.3125,0.40538242221566223,0.09288242221566223,"{""model__C"": 1, ""model__epsilon"": 0.03, ""model__gamma"": ""scale""}"
237,2,arousal,svr_rbf,0.525,0.5026546100754251,0.02234538992457491,"{""model__C"": 1, ""model__epsilon"": 0.03, ""model__gamma"": ""scale""}"
238,2,arousal,svr_rbf,0.6375,0.5446865656652948,0.09281343433470512,"{""model__C"": 1, ""model__epsilon"": 0.03, ""model__gamma"": ""scale""}"
244,2,arousal,svr_rbf,0.2875,0.45523556103094304,0.16773556103094306,"{""model__C"": 1, ""model__epsilon"": 0.03, ""model__gamma"": ""scale""}"
249,2,arousal,svr_rbf,0.5375,0.4657158168455194,0.0717841831544806,"{""model__C"": 1, ""model__epsilon"": 0.03, ""model__gamma"": ""scale""}"
252,2,arousal,svr_rbf,0.1375,0.2509963811456538,0.1134963811456538,"{""model__C"": 1, ""model__epsilon"": 0.03, ""model__gamma"": ""scale""}"
275,2,arousal,svr_rbf,0.3375,0.3623678507448434,0.02486785074484338,"{""model__C"": 1, ""model__epsilon"": 0.03, ""model__gamma"": ""scale""}"
277,2,arousal,svr_rbf,0.2,0.5637686249898418,0.3637686249898418,"{""model__C"": 1, ""model__epsilon"": 0.03, ""model__gamma"": ""scale""}"
283,2,arousal,svr_rbf,0.575,0.5827850867443338,0.007785086744333869,"{""model__C"": 1, ""model__epsilon"": 0.03, ""model__gamma"": ""scale""}"
295,2,arousal,svr_rbf,0.725,0.6073816357968471,0.11761836420315286,"{""model__C"": 1, ""model__epsilon"": 0.03, ""model__gamma"": ""scale""}"
298,2,arousal,svr_rbf,0.725,0.7260753154172488,0.0010753154172488122,"{""model__C"": 1, ""model__epsilon"": 0.03, ""model__gamma"": ""scale""}"
308,2,arousal,svr_rbf,0.8125,0.747338338808824,0.06516166119117595,"{""model__C"": 1, ""model__epsilon"": 0.03, ""model__gamma"": ""scale""}"
309,2,arousal,svr_rbf,0.35,0.5104242552075563,0.16042425520755632,"{""model__C"": 1, ""model__epsilon"": 0.03, ""model__gamma"": ""scale""}"
315,2,arousal,svr_rbf,0.85,0.7518884646211152,0.09811153537888473,"{""model__C"": 1, ""model__epsilon"": 0.03, ""model__gamma"": ""scale""}"
319,2,arousal,svr_rbf,0.7375,0.8163495283725544,0.07884952837255432,"{""model__C"": 1, ""model__epsilon"": 0.03, ""model__gamma"": ""scale""}"
327,2,arousal,svr_rbf,0.7625,0.7672040039546023,0.004704003954602354,"{""model__C"": 1, ""model__epsilon"": 0.03, ""model__gamma"": ""scale""}"
333,2,arousal,svr_rbf,0.7875,0.7709538917332919,0.016546108266708104,"{""model__C"": 1, ""model__epsilon"": 0.03, ""model__gamma"": ""scale""}"
342,2,arousal,svr_rbf,0.75,0.6281923912260321,0.1218076087739679,"{""model__C"": 1, ""model__epsilon"": 0.03, ""model__gamma"": ""scale""}"
343,2,arousal,svr_rbf,0.65,0.7296907683884128,0.07969076838841282,"{""model__C"": 1, ""model__epsilon"": 0.03, ""model__gamma"": ""scale""}"
349,2,arousal,svr_rbf,0.275,0.35742514670258424,0.08242514670258422,"{""model__C"": 1, ""model__epsilon"": 0.03, ""model__gamma"": ""scale""}"
356,2,arousal,svr_rbf,0.475,0.6487591956726427,0.17375919567264275,"{""model__C"": 1, ""model__epsilon"": 0.03, ""model__gamma"": ""scale""}"
361,2,arousal,svr_rbf,0.6125,0.4576964523715916,0.15480354762840842,"{""model__C"": 1, ""model__epsilon"": 0.03, ""model__gamma"": ""scale""}"
367,2,arousal,svr_rbf,0.6125,0.6596614386846976,0.047161438684697576,"{""model__C"": 1, ""model__epsilon"": 0.03, ""model__gamma"": ""scale""}"
373,2,arousal,svr_rbf,0.85,0.7964866758002324,0.05351332419976762,"{""model__C"": 1, ""model__epsilon"": 0.03, ""model__gamma"": ""scale""}"
381,2,arousal,svr_rbf,0.9375,0.8377016935059516,0.09979830649404842,"{""model__C"": 1, ""model__epsilon"": 0.03, ""model__gamma"": ""scale""}"
385,2,arousal,svr_rbf,0.825,0.7244841054115783,0.1005158945884217,"{""model__C"": 1, ""model__epsilon"": 0.03, ""model__gamma"": ""scale""}"
386,2,arousal,svr_rbf,0.5625,0.5446087626322569,0.017891237367743118,"{""model__C"": 1, ""model__epsilon"": 0.03, ""model__gamma"": ""scale""}"
397,2,arousal,svr_rbf,0.45,0.4231127139715662,0.02688728602843382,"{""model__C"": 1, ""model__epsilon"": 0.03, ""model__gamma"": ""scale""}"
405,2,arousal,svr_rbf,0.7375,0.6119427450648411,0.1255572549351589,"{""model__C"": 1, ""model__epsilon"": 0.03, ""model__gamma"": ""scale""}"
407,2,arousal,svr_rbf,0.7875,0.7611768251234381,0.026323174876561883,"{""model__C"": 1, ""model__epsilon"": 0.03, ""model__gamma"": ""scale""}"
412,2,arousal,svr_rbf,0.5,0.6628639419101896,0.1628639419101896,"{""model__C"": 1, ""model__epsilon"": 0.03, ""model__gamma"": ""scale""}"
414,2,arousal,svr_rbf,0.579545454545,0.342244603697462,0.23730085084753794,"{""model__C"": 1, ""model__epsilon"": 0.03, ""model__gamma"": ""scale""}"
415,2,arousal,svr_rbf,0.477272727273,0.4259285207282712,0.05134420654472882,"{""model__C"": 1, ""model__epsilon"": 0.03, ""model__gamma"": ""scale""}"
427,2,arousal,svr_rbf,0.775,0.8235104719966182,0.048510471996618176,"{""model__C"": 1, ""model__epsilon"": 0.03, ""model__gamma"": ""scale""}"
443,2,arousal,svr_rbf,0.7,0.7351152565407458,0.035115256540745876,"{""model__C"": 1, ""model__epsilon"": 0.03, ""model__gamma"": ""scale""}"
449,2,arousal,svr_rbf,0.7,0.7482471734812786,0.048247173481278605,"{""model__C"": 1, ""model__epsilon"": 0.03, ""model__gamma"": ""scale""}"
452,2,arousal,svr_rbf,0.65,0.6436980785054852,0.006301921494514806,"{""model__C"": 1, ""model__epsilon"": 0.03, ""model__gamma"": ""scale""}"
454,2,arousal,svr_rbf,0.8375,0.8681525517034943,0.030652551703494235,"{""model__C"": 1, ""model__epsilon"": 0.03, ""model__gamma"": ""scale""}"
462,2,arousal,svr_rbf,0.4125,0.4005816065163996,0.011918393483600354,"{""model__C"": 1, ""model__epsilon"": 0.03, ""model__gamma"": ""scale""}"
463,2,arousal,svr_rbf,0.3,0.47971675597594166,0.17971675597594167,"{""model__C"": 1, ""model__epsilon"": 0.03, ""model__gamma"": ""scale""}"
472,2,arousal,svr_rbf,0.6125,0.7288409655387729,0.11634096553877282,"{""model__C"": 1, ""model__epsilon"": 0.03, ""model__gamma"": ""scale""}"
479,2,arousal,svr_rbf,0.225,0.4306742246183547,0.2056742246183547,"{""model__C"": 1, ""model__epsilon"": 0.03, ""model__gamma"": ""scale""}"
483,2,arousal,svr_rbf,0.575,0.5400005230788746,0.03499947692112537,"{""model__C"": 1, ""model__epsilon"": 0.03, ""model__gamma"": ""scale""}"
495,2,arousal,svr_rbf,0.8375,0.6674924484149256,0.1700075515850744,"{""model__C"": 1, ""model__epsilon"": 0.03, ""model__gamma"": ""scale""}"
501,2,arousal,svr_rbf,0.8375,0.7364881479362729,0.10101185206372709,"{""model__C"": 1, ""model__epsilon"": 0.03, ""model__gamma"": ""scale""}"
504,2,arousal,svr_rbf,0.675,0.6429770271893729,0.03202297281062716,"{""model__C"": 1, ""model__epsilon"": 0.03, ""model__gamma"": ""scale""}"
516,2,arousal,svr_rbf,0.4,0.5919606143879483,0.19196061438794831,"{""model__C"": 1, ""model__epsilon"": 0.03, ""model__gamma"": ""scale""}"
526,2,arousal,svr_rbf,0.4625,0.47908636579334296,0.01658636579334294,"{""model__C"": 1, ""model__epsilon"": 0.03, ""model__gamma"": ""scale""}"
531,2,arousal,svr_rbf,0.225,0.4800005253407727,0.25500052534077267,"{""model__C"": 1, ""model__epsilon"": 0.03, ""model__gamma"": ""scale""}"
535,2,arousal,svr_rbf,0.7625,0.6772071215626316,0.08529287843736832,"{""model__C"": 1, ""model__epsilon"": 0.03, ""model__gamma"": ""scale""}"
551,2,arousal,svr_rbf,0.2875,0.38716040464623125,0.09966040464623127,"{""model__C"": 1, ""model__epsilon"": 0.03, ""model__gamma"": ""scale""}"
552,2,arousal,svr_rbf,0.85,0.7899032280179117,0.06009677198208829,"{""model__C"": 1, ""model__epsilon"": 0.03, ""model__gamma"": ""scale""}"
554,2,arousal,svr_rbf,0.6625,0.6787469704385751,0.016246970438575148,"{""model__C"": 1, ""model__epsilon"": 0.03, ""model__gamma"": ""scale""}"
558,2,arousal,svr_rbf,0.55,0.630103040361544,0.08010304036154392,"{""model__C"": 1, ""model__epsilon"": 0.03, ""model__gamma"": ""scale""}"
570,2,arousal,svr_rbf,0.7375,0.6021020695399197,0.1353979304600803,"{""model__C"": 1, ""model__epsilon"": 0.03, ""model__gamma"": ""scale""}"
577,2,arousal,svr_rbf,0.6375,0.7505062908223543,0.11300629082235436,"{""model__C"": 1, ""model__epsilon"": 0.03, ""model__gamma"": ""scale""}"
580,2,arousal,svr_rbf,0.85,0.8728794343708074,0.022879434370807417,"{""model__C"": 1, ""model__epsilon"": 0.03, ""model__gamma"": ""scale""}"
582,2,arousal,svr_rbf,0.4125,0.5130633886510361,0.10056338865103609,"{""model__C"": 1, ""model__epsilon"": 0.03, ""model__gamma"": ""scale""}"
589,2,arousal,svr_rbf,0.55,0.5576026911686115,0.007602691168611453,"{""model__C"": 1, ""model__epsilon"": 0.03, ""model__gamma"": ""scale""}"
592,2,arousal,svr_rbf,0.4125,0.48976480798924926,0.07726480798924928,"{""model__C"": 1, ""model__epsilon"": 0.03, ""model__gamma"": ""scale""}"
606,2,arousal,svr_rbf,0.875,0.7558207571658673,0.11917924283413273,"{""model__C"": 1, ""model__epsilon"": 0.03, ""model__gamma"": ""scale""}"
608,2,arousal,svr_rbf,0.6375,0.6744148500814838,0.036914850081483874,"{""model__C"": 1, ""model__epsilon"": 0.03, ""model__gamma"": ""scale""}"
621,2,arousal,svr_rbf,0.3625,0.35270307337377865,0.009796926626221336,"{""model__C"": 1, ""model__epsilon"": 0.03, ""model__gamma"": ""scale""}"
622,2,arousal,svr_rbf,0.8125,0.7265777064553096,0.08592229354469039,"{""model__C"": 1, ""model__epsilon"": 0.03, ""model__gamma"": ""scale""}"
625,2,arousal,svr_rbf,0.75,0.7664607912402694,0.016460791240269446,"{""model__C"": 1, ""model__epsilon"": 0.03, ""model__gamma"": ""scale""}"
628,2,arousal,svr_rbf,0.6125,0.6470078396334455,0.0345078396334455,"{""model__C"": 1, ""model__epsilon"": 0.03, ""model__gamma"": ""scale""}"
630,2,arousal,svr_rbf,0.65,0.5369951880380183,0.11300481196198175,"{""model__C"": 1, ""model__epsilon"": 0.03, ""model__gamma"": ""scale""}"
643,2,arousal,svr_rbf,0.55,0.48825748874634034,0.061742511253659704,"{""model__C"": 1, ""model__epsilon"": 0.03, ""model__gamma"": ""scale""}"
645,2,arousal,svr_rbf,0.6,0.7076413938050334,0.10764139380503346,"{""model__C"": 1, ""model__epsilon"": 0.03, ""model__gamma"": ""scale""}"
647,2,arousal,svr_rbf,0.5625,0.5806284754993297,0.01812847549932972,"{""model__C"": 1, ""model__epsilon"": 0.03, ""model__gamma"": ""scale""}"
656,2,arousal,svr_rbf,0.4875,0.5579573117596066,0.07045731175960662,"{""model__C"": 1, ""model__epsilon"": 0.03, ""model__gamma"": ""scale""}"
665,2,arousal,svr_rbf,0.75,0.7903684475361248,0.040368447536124785,"{""model__C"": 1, ""model__epsilon"": 0.03, ""model__gamma"": ""scale""}"
676,2,arousal,svr_rbf,0.55,0.6656823042975428,0.11568230429754278,"{""model__C"": 1, ""model__epsilon"": 0.03, ""model__gamma"": ""scale""}"
681,2,arousal,svr_rbf,0.8,0.8177753674002418,0.01777536740024177,"{""model__C"": 1, ""model__epsilon"": 0.03, ""model__gamma"": ""scale""}"
682,2,arousal,svr_rbf,0.775,0.6697443959463276,0.1052556040536724,"{""model__C"": 1, ""model__epsilon"": 0.03, ""model__gamma"": ""scale""}"
697,2,arousal,svr_rbf,0.7,0.4945768283034129,0.20542317169658708,"{""model__C"": 1, ""model__epsilon"": 0.03, ""model__gamma"": ""scale""}"
705,2,arousal,svr_rbf,0.1875,0.3111382765472362,0.12363827654723619,"{""model__C"": 1, ""model__epsilon"": 0.03, ""model__gamma"": ""scale""}"
711,2,arousal,svr_rbf,0.525,0.6107715391953021,0.08577153919530212,"{""model__C"": 1, ""model__epsilon"": 0.03, ""model__gamma"": ""scale""}"
717,2,arousal,svr_rbf,0.5375,0.630371197432802,0.09287119743280203,"{""model__C"": 1, ""model__epsilon"": 0.03, ""model__gamma"": ""scale""}"
728,2,arousal,svr_rbf,0.4375,0.4711359268278039,0.03363592682780392,"{""model__C"": 1, ""model__epsilon"": 0.03, ""model__gamma"": ""scale""}"
748,2,arousal,svr_rbf,0.3625,0.3689729718661464,0.006472971866146426,"{""model__C"": 1, ""model__epsilon"": 0.03, ""model__gamma"": ""scale""}"
755,2,arousal,svr_rbf,0.5125,0.5805145438273304,0.06801454382733041,"{""model__C"": 1, ""model__epsilon"": 0.03, ""model__gamma"": ""scale""}"
759,2,arousal,svr_rbf,0.7375,0.8075682524845098,0.07006825248450976,"{""model__C"": 1, ""model__epsilon"": 0.03, ""model__gamma"": ""scale""}"
761,2,arousal,svr_rbf,0.775,0.5173343666496373,0.25766563335036274,"{""model__C"": 1, ""model__epsilon"": 0.03, ""model__gamma"": ""scale""}"
765,2,arousal,svr_rbf,0.8,0.7426041816965006,0.05739581830349949,"{""model__C"": 1, ""model__epsilon"": 0.03, ""model__gamma"": ""scale""}"
767,2,arousal,svr_rbf,0.475,0.6360846492840155,0.16108464928401556,"{""model__C"": 1, ""model__epsilon"": 0.03, ""model__gamma"": ""scale""}"
777,2,arousal,svr_rbf,0.525,0.5207225633195436,0.004277436680456437,"{""model__C"": 1, ""model__epsilon"": 0.03, ""model__gamma"": ""scale""}"
804,2,arousal,svr_rbf,0.675,0.6786494666566063,0.0036494666566062595,"{""model__C"": 1, ""model__epsilon"": 0.03, ""model__gamma"": ""scale""}"
814,2,arousal,svr_rbf,0.7125,0.49822123568810095,0.21427876431189907,"{""model__C"": 1, ""model__epsilon"": 0.03, ""model__gamma"": ""scale""}"
823,2,arousal,svr_rbf,0.675,0.6601324536956371,0.014867546304362933,"{""model__C"": 1, ""model__epsilon"": 0.03, ""model__gamma"": ""scale""}"
844,2,arousal,svr_rbf,0.7875,0.6892846335022014,0.0982153664977986,"{""model__C"": 1, ""model__epsilon"": 0.03, ""model__gamma"": ""scale""}"
846,2,arousal,svr_rbf,0.925,0.7664102803693507,0.15858971963064938,"{""model__C"": 1, ""model__epsilon"": 0.03, ""model__gamma"": ""scale""}"
855,2,arousal,svr_rbf,0.875,0.8469508936397813,0.028049106360218734,"{""model__C"": 1, ""model__epsilon"": 0.03, ""model__gamma"": ""scale""}"
882,2,arousal,svr_rbf,0.85,0.8219000558671898,0.02809994413281014,"{""model__C"": 1, ""model__epsilon"": 0.03, ""model__gamma"": ""scale""}"
884,2,arousal,svr_rbf,0.7125,0.554739158304815,0.157760841695185,"{""model__C"": 1, ""model__epsilon"": 0.03, ""model__gamma"": ""scale""}"
889,2,arousal,svr_rbf,0.8375,0.7048467279778815,0.13265327202211852,"{""model__C"": 1, ""model__epsilon"": 0.03, ""model__gamma"": ""scale""}"
894,2,arousal,svr_rbf,0.375,0.3974488189705955,0.022448818970595474,"{""model__C"": 1, ""model__epsilon"": 0.03, ""model__gamma"": ""scale""}"
900,2,arousal,svr_rbf,0.65,0.6983396437580404,0.04833964375804034,"{""model__C"": 1, ""model__epsilon"": 0.03, ""model__gamma"": ""scale""}"
907,2,arousal,svr_rbf,0.5,0.4572141221559255,0.042785877844074505,"{""model__C"": 1, ""model__epsilon"": 0.03, ""model__gamma"": ""scale""}"
915,2,arousal,svr_rbf,0.6875,0.6204639988228406,0.06703600117715935,"{""model__C"": 1, ""model__epsilon"": 0.03, ""model__gamma"": ""scale""}"
916,2,arousal,svr_rbf,0.2125,0.42729319120203885,0.21479319120203885,"{""model__C"": 1, ""model__epsilon"": 0.03, ""model__gamma"": ""scale""}"
922,2,arousal,svr_rbf,0.7625,0.7035214454870562,0.05897855451294376,"{""model__C"": 1, ""model__epsilon"": 0.03, ""model__gamma"": ""scale""}"
931,2,arousal,svr_rbf,0.4375,0.5563681340680071,0.11886813406800711,"{""model__C"": 1, ""model__epsilon"": 0.03, ""model__gamma"": ""scale""}"
934,2,arousal,svr_rbf,0.4875,0.6141325644675455,0.1266325644675455,"{""model__C"": 1, ""model__epsilon"": 0.03, ""model__gamma"": ""scale""}"
936,2,arousal,svr_rbf,0.4125,0.41922811220983053,0.00672811220983055,"{""model__C"": 1, ""model__epsilon"": 0.03, ""model__gamma"": ""scale""}"
951,2,arousal,svr_rbf,0.625,0.5589760619191312,0.06602393808086882,"{""model__C"": 1, ""model__epsilon"": 0.03, ""model__gamma"": ""scale""}"
967,2,arousal,svr_rbf,0.675,0.605038943079065,0.06996105692093502,"{""model__C"": 1, ""model__epsilon"": 0.03, ""model__gamma"": ""scale""}"
973,2,arousal,svr_rbf,0.575,0.6022720899754357,0.02727208997543573,"{""model__C"": 1, ""model__epsilon"": 0.03, ""model__gamma"": ""scale""}"
979,2,arousal,svr_rbf,0.3625,0.34600037091719404,0.016499629082805944,"{""model__C"": 1, ""model__epsilon"": 0.03, ""model__gamma"": ""scale""}"
985,2,arousal,svr_rbf,0.75,0.6997030237813447,0.050296976218655254,"{""model__C"": 1, ""model__epsilon"": 0.03, ""model__gamma"": ""scale""}"
992,2,arousal,svr_rbf,0.4625,0.6372394776731416,0.17473947767314157,"{""model__C"": 1, ""model__epsilon"": 0.03, ""model__gamma"": ""scale""}"
993,2,arousal,svr_rbf,0.8625,0.7628509566560546,0.09964904334394542,"{""model__C"": 1, ""model__epsilon"": 0.03, ""model__gamma"": ""scale""}"
997,2,arousal,svr_rbf,0.7125,0.8369663635358,0.12446636353579998,"{""model__C"": 1, ""model__epsilon"": 0.03, ""model__gamma"": ""scale""}"
999,2,arousal,svr_rbf,0.875,0.8249475995726584,0.0500524004273416,"{""model__C"": 1, ""model__epsilon"": 0.03, ""model__gamma"": ""scale""}"
7,3,arousal,svr_rbf,0.7,0.6271553613628684,0.07284463863713153,"{""model__C"": 10, ""model__epsilon"": 0.03, ""model__gamma"": ""scale""}"
13,3,arousal,svr_rbf,0.825,0.867430976951431,0.042430976951431054,"{""model__C"": 10, ""model__epsilon"": 0.03, ""model__gamma"": ""scale""}"
14,3,arousal,svr_rbf,0.5625,0.5629920879286708,0.0004920879286708368,"{""model__C"": 10, ""model__epsilon"": 0.03, ""model__gamma"": ""scale""}"
17,3,arousal,svr_rbf,0.825,0.6300788182089903,0.1949211817910097,"{""model__C"": 10, ""model__epsilon"": 0.03, ""model__gamma"": ""scale""}"
31,3,arousal,svr_rbf,0.625,0.5177738009798776,0.10722619902012243,"{""model__C"": 10, ""model__epsilon"": 0.03, ""model__gamma"": ""scale""}"
57,3,arousal,svr_rbf,0.525,0.49399735255744615,0.031002647442553877,"{""model__C"": 10, ""model__epsilon"": 0.03, ""model__gamma"": ""scale""}"
76,3,arousal,svr_rbf,0.6375,0.5570316236017251,0.08046837639827487,"{""model__C"": 10, ""model__epsilon"": 0.03, ""model__gamma"": ""scale""}"
79,3,arousal,svr_rbf,0.925,0.7119151978226653,0.21308480217733472,"{""model__C"": 10, ""model__epsilon"": 0.03, ""model__gamma"": ""scale""}"
83,3,arousal,svr_rbf,0.775,0.7237629526297069,0.05123704737029311,"{""model__C"": 10, ""model__epsilon"": 0.03, ""model__gamma"": ""scale""}"
98,3,arousal,svr_rbf,0.7375,0.7455886385080466,0.00808863850804653,"{""model__C"": 10, ""model__epsilon"": 0.03, ""model__gamma"": ""scale""}"
105,3,arousal,svr_rbf,0.275,0.5528058018904293,0.27780580189042925,"{""model__C"": 10, ""model__epsilon"": 0.03, ""model__gamma"": ""scale""}"
114,3,arousal,svr_rbf,0.7375,0.5827417302244782,0.15475826977552187,"{""model__C"": 10, ""model__epsilon"": 0.03, ""model__gamma"": ""scale""}"
115,3,arousal,svr_rbf,0.8,0.743225424308399,0.05677457569160105,"{""model__C"": 10, ""model__epsilon"": 0.03, ""model__gamma"": ""scale""}"
132,3,arousal,svr_rbf,0.85,0.8301266182908482,0.01987338170915176,"{""model__C"": 10, ""model__epsilon"": 0.03, ""model__gamma"": ""scale""}"
135,3,arousal,svr_rbf,0.7375,0.6391978881249679,0.09830211187503213,"{""model__C"": 10, ""model__epsilon"": 0.03, ""model__gamma"": ""scale""}"
138,3,arousal,svr_rbf,0.6625,0.7023751256749646,0.03987512567496465,"{""model__C"": 10, ""model__epsilon"": 0.03, ""model__gamma"": ""scale""}"
148,3,arousal,svr_rbf,0.4,0.42169897452516325,0.021698974525163228,"{""model__C"": 10, ""model__epsilon"": 0.03, ""model__gamma"": ""scale""}"
150,3,arousal,svr_rbf,0.7375,0.6240290536203414,0.1134709463796586,"{""model__C"": 10, ""model__epsilon"": 0.03, ""model__gamma"": ""scale""}"
151,3,arousal,svr_rbf,0.325,0.31885539603831586,0.0061446039616841475,"{""model__C"": 10, ""model__epsilon"": 0.03, ""model__gamma"": ""scale""}"
158,3,arousal,svr_rbf,0.725,0.7135650275473431,0.0114349724526569,"{""model__C"": 10, ""model__epsilon"": 0.03, ""model__gamma"": ""scale""}"
168,3,arousal,svr_rbf,0.7125,0.5960092127058827,0.11649078729411733,"{""model__C"": 10, ""model__epsilon"": 0.03, ""model__gamma"": ""scale""}"
169,3,arousal,svr_rbf,0.675,0.6586540843255418,0.0163459156744582,"{""model__C"": 10, ""model__epsilon"": 0.03, ""model__gamma"": ""scale""}"
175,3,arousal,svr_rbf,0.475,0.4901643780114294,0.015164378011429447,"{""model__C"": 10, ""model__epsilon"": 0.03, ""model__gamma"": ""scale""}"
203,3,arousal,svr_rbf,0.775,0.740927819972814,0.03407218002718604,"{""model__C"": 10, ""model__epsilon"": 0.03, ""model__gamma"": ""scale""}"
209,3,arousal,svr_rbf,0.6875,0.8101467658720682,0.12264676587206824,"{""model__C"": 10, ""model__epsilon"": 0.03, ""model__gamma"": ""scale""}"
212,3,arousal,svr_rbf,0.6625,0.7979309013337358,0.1354309013337358,"{""model__C"": 10, ""model__epsilon"": 0.03, ""model__gamma"": ""scale""}"
213,3,arousal,svr_rbf,0.5625,0.4522609113581897,0.11023908864181031,"{""model__C"": 10, ""model__epsilon"": 0.03, ""model__gamma"": ""scale""}"
216,3,arousal,svr_rbf,0.65,0.6311767174167311,0.01882328258326893,"{""model__C"": 10, ""model__epsilon"": 0.03, ""model__gamma"": ""scale""}"
221,3,arousal,svr_rbf,0.8125,0.7895108861236334,0.022989113876366596,"{""model__C"": 10, ""model__epsilon"": 0.03, ""model__gamma"": ""scale""}"
224,3,arousal,svr_rbf,0.5875,0.2262785745755062,0.3612214254244938,"{""model__C"": 10, ""model__epsilon"": 0.03, ""model__gamma"": ""scale""}"
225,3,arousal,svr_rbf,0.4125,0.5392471862886744,0.12674718628867443,"{""model__C"": 10, ""model__epsilon"": 0.03, ""model__gamma"": ""scale""}"
227,3,arousal,svr_rbf,0.475,0.35491695141527313,0.12008304858472685,"{""model__C"": 10, ""model__epsilon"": 0.03, ""model__gamma"": ""scale""}"
232,3,arousal,svr_rbf,0.4125,0.439004767712286,0.026504767712286048,"{""model__C"": 10, ""model__epsilon"": 0.03, ""model__gamma"": ""scale""}"
241,3,arousal,svr_rbf,0.525,0.5716026622188242,0.04660266221882414,"{""model__C"": 10, ""model__epsilon"": 0.03, ""model__gamma"": ""scale""}"
282,3,arousal,svr_rbf,0.5375,0.5370950653810467,0.00040493461895330096,"{""model__C"": 10, ""model__epsilon"": 0.03, ""model__gamma"": ""scale""}"
287,3,arousal,svr_rbf,0.5,0.4438925786023049,0.05610742139769509,"{""model__C"": 10, ""model__epsilon"": 0.03, ""model__gamma"": ""scale""}"
293,3,arousal,svr_rbf,0.6375,0.7040593670998402,0.06655936709984023,"{""model__C"": 10, ""model__epsilon"": 0.03, ""model__gamma"": ""scale""}"
297,3,arousal,svr_rbf,0.675,0.594268524730192,0.08073147526980806,"{""model__C"": 10, ""model__epsilon"": 0.03, ""model__gamma"": ""scale""}"
302,3,arousal,svr_rbf,0.5,0.5034518744028207,0.003451874402820687,"{""model__C"": 10, ""model__epsilon"": 0.03, ""model__gamma"": ""scale""}"
305,3,arousal,svr_rbf,0.9375,0.8331911739236684,0.10430882607633163,"{""model__C"": 10, ""model__epsilon"": 0.03, ""model__gamma"": ""scale""}"
313,3,arousal,svr_rbf,0.5375,0.7092895189642486,0.17178951896424866,"{""model__C"": 10, ""model__epsilon"": 0.03, ""model__gamma"": ""scale""}"
325,3,arousal,svr_rbf,0.4875,0.5415127639038811,0.054012763903881156,"{""model__C"": 10, ""model__epsilon"": 0.03, ""model__gamma"": ""scale""}"
336,3,arousal,svr_rbf,0.75,0.7577773412505598,0.007777341250559844,"{""model__C"": 10, ""model__epsilon"": 0.03, ""model__gamma"": ""scale""}"
351,3,arousal,svr_rbf,0.275,0.5259353283741165,0.2509353283741165,"{""model__C"": 10, ""model__epsilon"": 0.03, ""model__gamma"": ""scale""}"
360,3,arousal,svr_rbf,0.5875,0.5608568631171557,0.026643136882844365,"{""model__C"": 10, ""model__epsilon"": 0.03, ""model__gamma"": ""scale""}"
364,3,arousal,svr_rbf,0.375,0.5039313096581539,0.12893130965815391,"{""model__C"": 10, ""model__epsilon"": 0.03, ""model__gamma"": ""scale""}"
366,3,arousal,svr_rbf,0.2625,0.46915667043014253,0.20665667043014252,"{""model__C"": 10, ""model__epsilon"": 0.03, ""model__gamma"": ""scale""}"
382,3,arousal,svr_rbf,0.886363636364,0.7622770406977537,0.12408659566624625,"{""model__C"": 10, ""model__epsilon"": 0.03, ""model__gamma"": ""scale""}"
394,3,arousal,svr_rbf,0.75,0.6822708844722678,0.0677291155277322,"{""model__C"": 10, ""model__epsilon"": 0.03, ""model__gamma"": ""scale""}"
398,3,arousal,svr_rbf,0.4375,0.34243582105155035,0.09506417894844965,"{""model__C"": 10, ""model__epsilon"": 0.03, ""model__gamma"": ""scale""}"
401,3,arousal,svr_rbf,0.35,0.46941484707622694,0.11941484707622696,"{""model__C"": 10, ""model__epsilon"": 0.03, ""model__gamma"": ""scale""}"
402,3,arousal,svr_rbf,0.85,0.8622112939459854,0.012211293945985413,"{""model__C"": 10, ""model__epsilon"": 0.03, ""model__gamma"": ""scale""}"
410,3,arousal,svr_rbf,0.7,0.6731135223996604,0.026886477600339576,"{""model__C"": 10, ""model__epsilon"": 0.03, ""model__gamma"": ""scale""}"
417,3,arousal,svr_rbf,0.8625,0.8792435912026383,0.01674359120263824,"{""model__C"": 10, ""model__epsilon"": 0.03, ""model__gamma"": ""scale""}"
421,3,arousal,svr_rbf,0.85,0.7502427557280458,0.0997572442719542,"{""model__C"": 10, ""model__epsilon"": 0.03, ""model__gamma"": ""scale""}"
424,3,arousal,svr_rbf,0.55,0.5227392381281992,0.02726076187180082,"{""model__C"": 10, ""model__epsilon"": 0.03, ""model__gamma"": ""scale""}"
429,3,arousal,svr_rbf,0.225,0.36530154262084935,0.14030154262084935,"{""model__C"": 10, ""model__epsilon"": 0.03, ""model__gamma"": ""scale""}"
431,3,arousal,svr_rbf,0.525,0.4383828307569748,0.0866171692430252,"{""model__C"": 10, ""model__epsilon"": 0.03, ""model__gamma"": ""scale""}"
437,3,arousal,svr_rbf,0.1875,0.4237711004111198,0.23627110041111982,"{""model__C"": 10, ""model__epsilon"": 0.03, ""model__gamma"": ""scale""}"
440,3,arousal,svr_rbf,0.3,0.48241443087771857,0.18241443087771858,"{""model__C"": 10, ""model__epsilon"": 0.03, ""model__gamma"": ""scale""}"
445,3,arousal,svr_rbf,0.5875,0.5723481217738124,0.015151878226187576,"{""model__C"": 10, ""model__epsilon"": 0.03, ""model__gamma"": ""scale""}"
446,3,arousal,svr_rbf,0.425,0.49052170544277496,0.06552170544277497,"{""model__C"": 10, ""model__epsilon"": 0.03, ""model__gamma"": ""scale""}"
447,3,arousal,svr_rbf,0.5875,0.5211369959304519,0.06636300406954809,"{""model__C"": 10, ""model__epsilon"": 0.03, ""model__gamma"": ""scale""}"
448,3,arousal,svr_rbf,0.775,0.7122989154117124,0.0627010845882876,"{""model__C"": 10, ""model__epsilon"": 0.03, ""model__gamma"": ""scale""}"
450,3,arousal,svr_rbf,0.75,0.7573723177116879,0.007372317711687892,"{""model__C"": 10, ""model__epsilon"": 0.03, ""model__gamma"": ""scale""}"
451,3,arousal,svr_rbf,0.9,0.834167962148106,0.06583203785189407,"{""model__C"": 10, ""model__epsilon"": 0.03, ""model__gamma"": ""scale""}"
456,3,arousal,svr_rbf,0.7,0.6057799358470535,0.09422006415294648,"{""model__C"": 10, ""model__epsilon"": 0.03, ""model__gamma"": ""scale""}"
482,3,arousal,svr_rbf,0.556818181818,0.6516412740587362,0.09482309224073615,"{""model__C"": 10, ""model__epsilon"": 0.03, ""model__gamma"": ""scale""}"
485,3,arousal,svr_rbf,0.7125,0.7752586239699781,0.06275862396997811,"{""model__C"": 10, ""model__epsilon"": 0.03, ""model__gamma"": ""scale""}"
488,3,arousal,svr_rbf,0.6625,0.5334255302448933,0.12907446975510672,"{""model__C"": 10, ""model__epsilon"": 0.03, ""model__gamma"": ""scale""}"
494,3,arousal,svr_rbf,0.8,0.768116735700171,0.03188326429982902,"{""model__C"": 10, ""model__epsilon"": 0.03, ""model__gamma"": ""scale""}"
510,3,arousal,svr_rbf,0.7125,0.7543690094681877,0.04186900946818772,"{""model__C"": 10, ""model__epsilon"": 0.03, ""model__gamma"": ""scale""}"
511,3,arousal,svr_rbf,0.6875,0.809987720336705,0.12248772033670496,"{""model__C"": 10, ""model__epsilon"": 0.03, ""model__gamma"": ""scale""}"
520,3,arousal,svr_rbf,0.6625,0.5755354185404977,0.08696458145950225,"{""model__C"": 10, ""model__epsilon"": 0.03, ""model__gamma"": ""scale""}"
523,3,arousal,svr_rbf,0.3375,0.4137112104867452,0.07621121048674517,"{""model__C"": 10, ""model__epsilon"": 0.03, ""model__gamma"": ""scale""}"
565,3,arousal,svr_rbf,0.725,0.82508400168343,0.10008400168343001,"{""model__C"": 10, ""model__epsilon"": 0.03, ""model__gamma"": ""scale""}"
568,3,arousal,svr_rbf,0.975,0.9018355427481678,0.07316445725183218,"{""model__C"": 10, ""model__epsilon"": 0.03, ""model__gamma"": ""scale""}"
579,3,arousal,svr_rbf,0.2625,0.5725256216796117,0.31002562167961173,"{""model__C"": 10, ""model__epsilon"": 0.03, ""model__gamma"": ""scale""}"
583,3,arousal,svr_rbf,0.5125,0.5587381964610412,0.046238196461041214,"{""model__C"": 10, ""model__epsilon"": 0.03, ""model__gamma"": ""scale""}"
585,3,arousal,svr_rbf,0.525,0.47850175582988774,0.04649824417011228,"{""model__C"": 10, ""model__epsilon"": 0.03, ""model__gamma"": ""scale""}"
587,3,arousal,svr_rbf,0.3875,0.5262482714567821,0.1387482714567821,"{""model__C"": 10, ""model__epsilon"": 0.03, ""model__gamma"": ""scale""}"
590,3,arousal,svr_rbf,0.4625,0.46032257088225265,0.002177429117747376,"{""model__C"": 10, ""model__epsilon"": 0.03, ""model__gamma"": ""scale""}"
597,3,arousal,svr_rbf,0.8,0.7058775047088816,0.09412249529111849,"{""model__C"": 10, ""model__epsilon"": 0.03, ""model__gamma"": ""scale""}"
605,3,arousal,svr_rbf,0.9375,0.8915946439272848,0.045905356072715175,"{""model__C"": 10, ""model__epsilon"": 0.03, ""model__gamma"": ""scale""}"
609,3,arousal,svr_rbf,0.4375,0.4935757761099155,0.05607577610991549,"{""model__C"": 10, ""model__epsilon"": 0.03, ""model__gamma"": ""scale""}"
612,3,arousal,svr_rbf,0.4625,0.4872534051969298,0.024753405196929756,"{""model__C"": 10, ""model__epsilon"": 0.03, ""model__gamma"": ""scale""}"
624,3,arousal,svr_rbf,0.575,0.5830808143492654,0.008080814349265442,"{""model__C"": 10, ""model__epsilon"": 0.03, ""model__gamma"": ""scale""}"
626,3,arousal,svr_rbf,0.9375,0.8536435077849094,0.08385649221509062,"{""model__C"": 10, ""model__epsilon"": 0.03, ""model__gamma"": ""scale""}"
627,3,arousal,svr_rbf,0.6125,0.703776004255404,0.09127600425540394,"{""model__C"": 10, ""model__epsilon"": 0.03, ""model__gamma"": ""scale""}"
631,3,arousal,svr_rbf,0.55,0.6420224773131717,0.0920224773131717,"{""model__C"": 10, ""model__epsilon"": 0.03, ""model__gamma"": ""scale""}"
636,3,arousal,svr_rbf,0.7625,0.7071974916671061,0.05530250833289385,"{""model__C"": 10, ""model__epsilon"": 0.03, ""model__gamma"": ""scale""}"
653,3,arousal,svr_rbf,0.575,0.7566630200913319,0.18166302009133195,"{""model__C"": 10, ""model__epsilon"": 0.03, ""model__gamma"": ""scale""}"
654,3,arousal,svr_rbf,0.8875,0.8850480237338458,0.002451976266154121,"{""model__C"": 10, ""model__epsilon"": 0.03, ""model__gamma"": ""scale""}"
660,3,arousal,svr_rbf,0.8375,0.5503810494314959,0.2871189505685041,"{""model__C"": 10, ""model__epsilon"": 0.03, ""model__gamma"": ""scale""}"
668,3,arousal,svr_rbf,0.725,0.6418633489281482,0.08313665107185175,"{""model__C"": 10, ""model__epsilon"": 0.03, ""model__gamma"": ""scale""}"
670,3,arousal,svr_rbf,0.35,0.35035986198163255,0.0003598619816325699,"{""model__C"": 10, ""model__epsilon"": 0.03, ""model__gamma"": ""scale""}"
672,3,arousal,svr_rbf,0.55,0.5486692972822151,0.001330702717784904,"{""model__C"": 10, ""model__epsilon"": 0.03, ""model__gamma"": ""scale""}"
677,3,arousal,svr_rbf,0.5625,0.5565694288183674,0.005930571181632649,"{""model__C"": 10, ""model__epsilon"": 0.03, ""model__gamma"": ""scale""}"
679,3,arousal,svr_rbf,0.7,0.6342561843224468,0.06574381567755316,"{""model__C"": 10, ""model__epsilon"": 0.03, ""model__gamma"": ""scale""}"
688,3,arousal,svr_rbf,0.4625,0.4746042601649845,0.012104260164984504,"{""model__C"": 10, ""model__epsilon"": 0.03, ""model__gamma"": ""scale""}"
689,3,arousal,svr_rbf,0.425,0.6805685205188057,0.2555685205188057,"{""model__C"": 10, ""model__epsilon"": 0.03, ""model__gamma"": ""scale""}"
700,3,arousal,svr_rbf,0.35,0.39136040723993876,0.04136040723993878,"{""model__C"": 10, ""model__epsilon"": 0.03, ""model__gamma"": ""scale""}"
704,3,arousal,svr_rbf,0.625,0.5579541715665016,0.06704582843349838,"{""model__C"": 10, ""model__epsilon"": 0.03, ""model__gamma"": ""scale""}"
706,3,arousal,svr_rbf,0.4,0.5089796573441574,0.10897965734415738,"{""model__C"": 10, ""model__epsilon"": 0.03, ""model__gamma"": ""scale""}"
713,3,arousal,svr_rbf,0.6875,0.7744733711814134,0.08697337118141335,"{""model__C"": 10, ""model__epsilon"": 0.03, ""model__gamma"": ""scale""}"
715,3,arousal,svr_rbf,0.325,0.4386969783035001,0.11369697830350006,"{""model__C"": 10, ""model__epsilon"": 0.03, ""model__gamma"": ""scale""}"
727,3,arousal,svr_rbf,0.55,0.5182621477407798,0.03173785225922021,"{""model__C"": 10, ""model__epsilon"": 0.03, ""model__gamma"": ""scale""}"
732,3,arousal,svr_rbf,0.6375,0.5402957284723715,0.09720427152762845,"{""model__C"": 10, ""model__epsilon"": 0.03, ""model__gamma"": ""scale""}"
733,3,arousal,svr_rbf,0.5,0.43859720652156997,0.06140279347843003,"{""model__C"": 10, ""model__epsilon"": 0.03, ""model__gamma"": ""scale""}"
736,3,arousal,svr_rbf,0.4875,0.666116625316845,0.17861662531684502,"{""model__C"": 10, ""model__epsilon"": 0.03, ""model__gamma"": ""scale""}"
741,3,arousal,svr_rbf,0.475,0.5123779796898864,0.03737797968988643,"{""model__C"": 10, ""model__epsilon"": 0.03, ""model__gamma"": ""scale""}"
745,3,arousal,svr_rbf,0.75,0.6110932584940724,0.13890674150592763,"{""model__C"": 10, ""model__epsilon"": 0.03, ""model__gamma"": ""scale""}"
747,3,arousal,svr_rbf,0.8,0.8464854234038524,0.04648542340385231,"{""model__C"": 10, ""model__epsilon"": 0.03, ""model__gamma"": ""scale""}"
752,3,arousal,svr_rbf,0.8375,0.5451194311838974,0.29238056881610264,"{""model__C"": 10, ""model__epsilon"": 0.03, ""model__gamma"": ""scale""}"
753,3,arousal,svr_rbf,0.7625,0.7655248267992918,0.0030248267992918354,"{""model__C"": 10, ""model__epsilon"": 0.03, ""model__gamma"": ""scale""}"
754,3,arousal,svr_rbf,0.65,0.6938425889944663,0.04384258899446625,"{""model__C"": 10, ""model__epsilon"": 0.03, ""model__gamma"": ""scale""}"
770,3,arousal,svr_rbf,0.5625,0.7203885481697972,0.15788854816979725,"{""model__C"": 10, ""model__epsilon"": 0.03, ""model__gamma"": ""scale""}"
779,3,arousal,svr_rbf,0.75,0.7768494796510732,0.026849479651073205,"{""model__C"": 10, ""model__epsilon"": 0.03, ""model__gamma"": ""scale""}"
783,3,arousal,svr_rbf,0.475,0.54459083066116,0.06959083066116001,"{""model__C"": 10, ""model__epsilon"": 0.03, ""model__gamma"": ""scale""}"
790,3,arousal,svr_rbf,0.6875,0.7626274010430748,0.0751274010430748,"{""model__C"": 10, ""model__epsilon"": 0.03, ""model__gamma"": ""scale""}"
792,3,arousal,svr_rbf,0.85,0.7099042142851817,0.1400957857148183,"{""model__C"": 10, ""model__epsilon"": 0.03, ""model__gamma"": ""scale""}"
793,3,arousal,svr_rbf,0.7125,0.6109468324822757,0.10155316751772436,"{""model__C"": 10, ""model__epsilon"": 0.03, ""model__gamma"": ""scale""}"
803,3,arousal,svr_rbf,0.6875,0.6748231069762816,0.012676893023718439,"{""model__C"": 10, ""model__epsilon"": 0.03, ""model__gamma"": ""scale""}"
807,3,arousal,svr_rbf,0.3375,0.3422544246829765,0.004754424682976488,"{""model__C"": 10, ""model__epsilon"": 0.03, ""model__gamma"": ""scale""}"
808,3,arousal,svr_rbf,0.325,0.40429106886563576,0.07929106886563575,"{""model__C"": 10, ""model__epsilon"": 0.03, ""model__gamma"": ""scale""}"
816,3,arousal,svr_rbf,0.3,0.4160172275460342,0.11601722754603422,"{""model__C"": 10, ""model__epsilon"": 0.03, ""model__gamma"": ""scale""}"
829,3,arousal,svr_rbf,0.8,0.7680020521865509,0.03199794781344911,"{""model__C"": 10, ""model__epsilon"": 0.03, ""model__gamma"": ""scale""}"
831,3,arousal,svr_rbf,0.8375,0.736027235509934,0.10147276449006604,"{""model__C"": 10, ""model__epsilon"": 0.03, ""model__gamma"": ""scale""}"
839,3,arousal,svr_rbf,0.75,0.7117503729334484,0.03824962706655155,"{""model__C"": 10, ""model__epsilon"": 0.03, ""model__gamma"": ""scale""}"
850,3,arousal,svr_rbf,0.775,0.7633870467088051,0.011612953291194938,"{""model__C"": 10, ""model__epsilon"": 0.03, ""model__gamma"": ""scale""}"
851,3,arousal,svr_rbf,0.4625,0.5969357152488828,0.13443571524888276,"{""model__C"": 10, ""model__epsilon"": 0.03, ""model__gamma"": ""scale""}"
857,3,arousal,svr_rbf,0.675,0.6249390351216606,0.05006096487833944,"{""model__C"": 10, ""model__epsilon"": 0.03, ""model__gamma"": ""scale""}"
863,3,arousal,svr_rbf,0.575,0.6072070755603133,0.032207075560313325,"{""model__C"": 10, ""model__epsilon"": 0.03, ""model__gamma"": ""scale""}"
864,3,arousal,svr_rbf,0.488636363636,0.48225405067245297,0.006382312963547021,"{""model__C"": 10, ""model__epsilon"": 0.03, ""model__gamma"": ""scale""}"
871,3,arousal,svr_rbf,0.75,0.6861230904490738,0.06387690955092618,"{""model__C"": 10, ""model__epsilon"": 0.03, ""model__gamma"": ""scale""}"
886,3,arousal,svr_rbf,0.525,0.5209643275019519,0.004035672498048148,"{""model__C"": 10, ""model__epsilon"": 0.03, ""model__gamma"": ""scale""}"
888,3,arousal,svr_rbf,0.675,0.5411545288101915,0.1338454711898085,"{""model__C"": 10, ""model__epsilon"": 0.03, ""model__gamma"": ""scale""}"
897,3,arousal,svr_rbf,0.3875,0.5083154949733356,0.1208154949733356,"{""model__C"": 10, ""model__epsilon"": 0.03, ""model__gamma"": ""scale""}"
904,3,arousal,svr_rbf,0.7,0.5997527128205915,0.10024728717940845,"{""model__C"": 10, ""model__epsilon"": 0.03, ""model__gamma"": ""scale""}"
905,3,arousal,svr_rbf,0.475,0.5385344554392867,0.06353445543928671,"{""model__C"": 10, ""model__epsilon"": 0.03, ""model__gamma"": ""scale""}"
911,3,arousal,svr_rbf,0.525,0.3680343960569395,0.15696560394306053,"{""model__C"": 10, ""model__epsilon"": 0.03, ""model__gamma"": ""scale""}"
919,3,arousal,svr_rbf,0.6,0.5923035504036631,0.007696449596336863,"{""model__C"": 10, ""model__epsilon"": 0.03, ""model__gamma"": ""scale""}"
926,3,arousal,svr_rbf,0.25,0.3170505952528925,0.06705059525289248,"{""model__C"": 10, ""model__epsilon"": 0.03, ""model__gamma"": ""scale""}"
937,3,arousal,svr_rbf,0.6,0.7019538611676619,0.10195386116766192,"{""model__C"": 10, ""model__epsilon"": 0.03, ""model__gamma"": ""scale""}"
941,3,arousal,svr_rbf,0.125,0.2880235195136095,0.1630235195136095,"{""model__C"": 10, ""model__epsilon"": 0.03, ""model__gamma"": ""scale""}"
943,3,arousal,svr_rbf,0.625,0.5575070196638634,0.0674929803361366,"{""model__C"": 10, ""model__epsilon"": 0.03, ""model__gamma"": ""scale""}"
945,3,arousal,svr_rbf,0.675,0.5519011834119663,0.12309881658803379,"{""model__C"": 10, ""model__epsilon"": 0.03, ""model__gamma"": ""scale""}"
953,3,arousal,svr_rbf,0.3375,0.41309117520292127,0.07559117520292125,"{""model__C"": 10, ""model__epsilon"": 0.03, ""model__gamma"": ""scale""}"
964,3,arousal,svr_rbf,0.5375,0.5378823622938788,0.0003823622938787796,"{""model__C"": 10, ""model__epsilon"": 0.03, ""model__gamma"": ""scale""}"
968,3,arousal,svr_rbf,0.4875,0.5826653994964678,0.0951653994964678,"{""model__C"": 10, ""model__epsilon"": 0.03, ""model__gamma"": ""scale""}"
971,3,arousal,svr_rbf,0.5875,0.5575728845563797,0.029927115443620367,"{""model__C"": 10, ""model__epsilon"": 0.03, ""model__gamma"": ""scale""}"
974,3,arousal,svr_rbf,0.625,0.6241993560613859,0.0008006439386141206,"{""model__C"": 10, ""model__epsilon"": 0.03, ""model__gamma"": ""scale""}"
983,3,arousal,svr_rbf,0.775,0.8617987059876059,0.08679870598760586,"{""model__C"": 10, ""model__epsilon"": 0.03, ""model__gamma"": ""scale""}"
21,4,arousal,svr_rbf,0.8625,0.8134265044518975,0.049073495548102586,"{""model__C"": 1, ""model__epsilon"": 0.03, ""model__gamma"": ""scale""}"
25,4,arousal,svr_rbf,0.761363636364,0.717458304124526,0.043905332239473904,"{""model__C"": 1, ""model__epsilon"": 0.03, ""model__gamma"": ""scale""}"
26,4,arousal,svr_rbf,0.825,0.7272218475314289,0.09777815246857102,"{""model__C"": 1, ""model__epsilon"": 0.03, ""model__gamma"": ""scale""}"
29,4,arousal,svr_rbf,0.7,0.7112964380509099,0.011296438050909963,"{""model__C"": 1, ""model__epsilon"": 0.03, ""model__gamma"": ""scale""}"
32,4,arousal,svr_rbf,0.575,0.5516144894634002,0.023385510536599763,"{""model__C"": 1, ""model__epsilon"": 0.03, ""model__gamma"": ""scale""}"
34,4,arousal,svr_rbf,0.6875,0.7096613454521425,0.022161345452142545,"{""model__C"": 1, ""model__epsilon"": 0.03, ""model__gamma"": ""scale""}"
35,4,arousal,svr_rbf,0.3375,0.36342724495578055,0.025927244955780526,"{""model__C"": 1, ""model__epsilon"": 0.03, ""model__gamma"": ""scale""}"
40,4,arousal,svr_rbf,0.375,0.5360624183880439,0.16106241838804392,"{""model__C"": 1, ""model__epsilon"": 0.03, ""model__gamma"": ""scale""}"
42,4,arousal,svr_rbf,0.7625,0.7481871112820953,0.014312888717904704,"{""model__C"": 1, ""model__epsilon"": 0.03, ""model__gamma"": ""scale""}"
48,4,arousal,svr_rbf,0.725,0.7886593500293653,0.06365935002936529,"{""model__C"": 1, ""model__epsilon"": 0.03, ""model__gamma"": ""scale""}"
54,4,arousal,svr_rbf,0.875,0.740759374762205,0.134240625237795,"{""model__C"": 1, ""model__epsilon"": 0.03, ""model__gamma"": ""scale""}"
58,4,arousal,svr_rbf,0.2625,0.3886827321281865,0.12618273212818648,"{""model__C"": 1, ""model__epsilon"": 0.03, ""model__gamma"": ""scale""}"
59,4,arousal,svr_rbf,0.6,0.5064518005556541,0.09354819944434589,"{""model__C"": 1, ""model__epsilon"": 0.03, ""model__gamma"": ""scale""}"
60,4,arousal,svr_rbf,0.420454545455,0.406013194646455,0.014441350808544973,"{""model__C"": 1, ""model__epsilon"": 0.03, ""model__gamma"": ""scale""}"
71,4,arousal,svr_rbf,0.7625,0.7008572140701866,0.061642785929813315,"{""model__C"": 1, ""model__epsilon"": 0.03, ""model__gamma"": ""scale""}"
80,4,arousal,svr_rbf,0.725,0.8225597295094966,0.09755972950949665,"{""model__C"": 1, ""model__epsilon"": 0.03, ""model__gamma"": ""scale""}"
81,4,arousal,svr_rbf,0.6125,0.6686832113106368,0.05618321131063675,"{""model__C"": 1, ""model__epsilon"": 0.03, ""model__gamma"": ""scale""}"
84,4,arousal,svr_rbf,0.5,0.6749374748760856,0.17493747487608557,"{""model__C"": 1, ""model__epsilon"": 0.03, ""model__gamma"": ""scale""}"
86,4,arousal,svr_rbf,0.7,0.6824843159754774,0.017515684024522526,"{""model__C"": 1, ""model__epsilon"": 0.03, ""model__gamma"": ""scale""}"
89,4,arousal,svr_rbf,0.6875,0.7099523360753426,0.022452336075342583,"{""model__C"": 1, ""model__epsilon"": 0.03, ""model__gamma"": ""scale""}"
91,4,arousal,svr_rbf,0.8625,0.7784684381715747,0.0840315618284253,"{""model__C"": 1, ""model__epsilon"": 0.03, ""model__gamma"": ""scale""}"
93,4,arousal,svr_rbf,0.6125,0.6180419498874951,0.005541949887495012,"{""model__C"": 1, ""model__epsilon"": 0.03, ""model__gamma"": ""scale""}"
96,4,arousal,svr_rbf,0.875,0.8831820959981325,0.008182095998132466,"{""model__C"": 1, ""model__epsilon"": 0.03, ""model__gamma"": ""scale""}"
103,4,arousal,svr_rbf,0.5875,0.6122542867806654,0.02475428678066538,"{""model__C"": 1, ""model__epsilon"": 0.03, ""model__gamma"": ""scale""}"
107,4,arousal,svr_rbf,0.6,0.5891511600354382,0.010848839964561763,"{""model__C"": 1, ""model__epsilon"": 0.03, ""model__gamma"": ""scale""}"
116,4,arousal,svr_rbf,0.9,0.8495132176141288,0.05048678238587123,"{""model__C"": 1, ""model__epsilon"": 0.03, ""model__gamma"": ""scale""}"
119,4,arousal,svr_rbf,0.4875,0.3998355980565427,0.08766440194345732,"{""model__C"": 1, ""model__epsilon"": 0.03, ""model__gamma"": ""scale""}"
120,4,arousal,svr_rbf,0.7625,0.5461536888556525,0.21634631114434744,"{""model__C"": 1, ""model__epsilon"": 0.03, ""model__gamma"": ""scale""}"
140,4,arousal,svr_rbf,0.5625,0.5970973302261754,0.03459733022617539,"{""model__C"": 1, ""model__epsilon"": 0.03, ""model__gamma"": ""scale""}"
144,4,arousal,svr_rbf,0.8625,0.8600509235398063,0.0024490764601937665,"{""model__C"": 1, ""model__epsilon"": 0.03, ""model__gamma"": ""scale""}"
145,4,arousal,svr_rbf,0.7625,0.8163080108601872,0.05380801086018727,"{""model__C"": 1, ""model__epsilon"": 0.03, ""model__gamma"": ""scale""}"
159,4,arousal,svr_rbf,0.875,0.8696373026883415,0.005362697311658504,"{""model__C"": 1, ""model__epsilon"": 0.03, ""model__gamma"": ""scale""}"
167,4,arousal,svr_rbf,0.8875,0.854051263115471,0.033448736884528985,"{""model__C"": 1, ""model__epsilon"": 0.03, ""model__gamma"": ""scale""}"
171,4,arousal,svr_rbf,0.85,0.888999783256991,0.03899978325699105,"{""model__C"": 1, ""model__epsilon"": 0.03, ""model__gamma"": ""scale""}"
188,4,arousal,svr_rbf,0.3125,0.5405010621132672,0.2280010621132672,"{""model__C"": 1, ""model__epsilon"": 0.03, ""model__gamma"": ""scale""}"
201,4,arousal,svr_rbf,0.625,0.544804758813934,0.08019524118606602,"{""model__C"": 1, ""model__epsilon"": 0.03, ""model__gamma"": ""scale""}"
215,4,arousal,svr_rbf,0.525,0.6316399693702264,0.10663996937022635,"{""model__C"": 1, ""model__epsilon"": 0.03, ""model__gamma"": ""scale""}"
229,4,arousal,svr_rbf,0.45,0.4747919568016629,0.024791956801662907,"{""model__C"": 1, ""model__epsilon"": 0.03, ""model__gamma"": ""scale""}"
235,4,arousal,svr_rbf,0.45,0.5197256760259367,0.06972567602593666,"{""model__C"": 1, ""model__epsilon"": 0.03, ""model__gamma"": ""scale""}"
258,4,arousal,svr_rbf,0.675,0.5031931826208215,0.17180681737917858,"{""model__C"": 1, ""model__epsilon"": 0.03, ""model__gamma"": ""scale""}"
260,4,arousal,svr_rbf,0.4625,0.5100238115524038,0.047523811552403816,"{""model__C"": 1, ""model__epsilon"": 0.03, ""model__gamma"": ""scale""}"
276,4,arousal,svr_rbf,0.65,0.6068322942417019,0.04316770575829809,"{""model__C"": 1, ""model__epsilon"": 0.03, ""model__gamma"": ""scale""}"
284,4,arousal,svr_rbf,0.4625,0.5700096860239493,0.10750968602394928,"{""model__C"": 1, ""model__epsilon"": 0.03, ""model__gamma"": ""scale""}"
285,4,arousal,svr_rbf,0.5125,0.4902046107437288,0.02229538925627117,"{""model__C"": 1, ""model__epsilon"": 0.03, ""model__gamma"": ""scale""}"
300,4,arousal,svr_rbf,0.55,0.6577116042868703,0.10771160428687021,"{""model__C"": 1, ""model__epsilon"": 0.03, ""model__gamma"": ""scale""}"
303,4,arousal,svr_rbf,0.7375,0.5211772201583698,0.21632277984163029,"{""model__C"": 1, ""model__epsilon"": 0.03, ""model__gamma"": ""scale""}"
316,4,arousal,svr_rbf,0.8875,0.894887977692224,0.00738797769222399,"{""model__C"": 1, ""model__epsilon"": 0.03, ""model__gamma"": ""scale""}"
321,4,arousal,svr_rbf,0.6875,0.655458600180204,0.032041399819796035,"{""model__C"": 1, ""model__epsilon"": 0.03, ""model__gamma"": ""scale""}"
326,4,arousal,svr_rbf,0.6875,0.7922066304293293,0.10470663042932926,"{""model__C"": 1, ""model__epsilon"": 0.03, ""model__gamma"": ""scale""}"
331,4,arousal,svr_rbf,0.85,0.8703090170575334,0.020309017057533407,"{""model__C"": 1, ""model__epsilon"": 0.03, ""model__gamma"": ""scale""}"
337,4,arousal,svr_rbf,0.675,0.7938097484589974,0.11880974845899739,"{""model__C"": 1, ""model__epsilon"": 0.03, ""model__gamma"": ""scale""}"
339,4,arousal,svr_rbf,0.725,0.5982428691008915,0.12675713089910845,"{""model__C"": 1, ""model__epsilon"": 0.03, ""model__gamma"": ""scale""}"
348,4,arousal,svr_rbf,0.4625,0.4049769918856809,0.057523008114319096,"{""model__C"": 1, ""model__epsilon"": 0.03, ""model__gamma"": ""scale""}"
350,4,arousal,svr_rbf,0.2625,0.37870822511270985,0.11620822511270984,"{""model__C"": 1, ""model__epsilon"": 0.03, ""model__gamma"": ""scale""}"
354,4,arousal,svr_rbf,0.35,0.42945099750749915,0.07945099750749918,"{""model__C"": 1, ""model__epsilon"": 0.03, ""model__gamma"": ""scale""}"
355,4,arousal,svr_rbf,0.45,0.4777275667248275,0.027727566724827513,"{""model__C"": 1, ""model__epsilon"": 0.03, ""model__gamma"": ""scale""}"
358,4,arousal,svr_rbf,0.3875,0.4941713455481788,0.10667134554817881,"{""model__C"": 1, ""model__epsilon"": 0.03, ""model__gamma"": ""scale""}"
383,4,arousal,svr_rbf,0.5,0.5566139131356062,0.05661391313560615,"{""model__C"": 1, ""model__epsilon"": 0.03, ""model__gamma"": ""scale""}"
388,4,arousal,svr_rbf,0.575,0.7169360562554348,0.14193605625543482,"{""model__C"": 1, ""model__epsilon"": 0.03, ""model__gamma"": ""scale""}"
389,4,arousal,svr_rbf,0.225,0.41111127688129756,0.18611127688129755,"{""model__C"": 1, ""model__epsilon"": 0.03, ""model__gamma"": ""scale""}"
393,4,arousal,svr_rbf,0.5375,0.6243519192220022,0.0868519192220022,"{""model__C"": 1, ""model__epsilon"": 0.03, ""model__gamma"": ""scale""}"
395,4,arousal,svr_rbf,0.7125,0.7192155707734119,0.006715570773411894,"{""model__C"": 1, ""model__epsilon"": 0.03, ""model__gamma"": ""scale""}"
396,4,arousal,svr_rbf,0.65,0.6927872146116372,0.04278721461163715,"{""model__C"": 1, ""model__epsilon"": 0.03, ""model__gamma"": ""scale""}"
409,4,arousal,svr_rbf,0.9125,0.8877940691368043,0.024705930863195724,"{""model__C"": 1, ""model__epsilon"": 0.03, ""model__gamma"": ""scale""}"
413,4,arousal,svr_rbf,0.575,0.711301444093329,0.136301444093329,"{""model__C"": 1, ""model__epsilon"": 0.03, ""model__gamma"": ""scale""}"
419,4,arousal,svr_rbf,0.0875,0.5105085671689762,0.42300856716897617,"{""model__C"": 1, ""model__epsilon"": 0.03, ""model__gamma"": ""scale""}"
423,4,arousal,svr_rbf,0.8875,0.7485936021959892,0.1389063978040107,"{""model__C"": 1, ""model__epsilon"": 0.03, ""model__gamma"": ""scale""}"
428,4,arousal,svr_rbf,0.4875,0.43994215243152646,0.04755784756847353,"{""model__C"": 1, ""model__epsilon"": 0.03, ""model__gamma"": ""scale""}"
433,4,arousal,svr_rbf,0.3625,0.32430580232174955,0.03819419767825044,"{""model__C"": 1, ""model__epsilon"": 0.03, ""model__gamma"": ""scale""}"
438,4,arousal,svr_rbf,0.3375,0.30764843481060133,0.029851565189398688,"{""model__C"": 1, ""model__epsilon"": 0.03, ""model__gamma"": ""scale""}"
439,4,arousal,svr_rbf,0.225,0.2562979547733862,0.03129795477338618,"{""model__C"": 1, ""model__epsilon"": 0.03, ""model__gamma"": ""scale""}"
444,4,arousal,svr_rbf,0.7375,0.792193680218228,0.05469368021822796,"{""model__C"": 1, ""model__epsilon"": 0.03, ""model__gamma"": ""scale""}"
457,4,arousal,svr_rbf,0.6625,0.6185252367867538,0.043974763213246226,"{""model__C"": 1, ""model__epsilon"": 0.03, ""model__gamma"": ""scale""}"
458,4,arousal,svr_rbf,0.75,0.8220621002017123,0.07206210020171233,"{""model__C"": 1, ""model__epsilon"": 0.03, ""model__gamma"": ""scale""}"
460,4,arousal,svr_rbf,0.8,0.7306122329518641,0.06938776704813598,"{""model__C"": 1, ""model__epsilon"": 0.03, ""model__gamma"": ""scale""}"
468,4,arousal,svr_rbf,0.7625,0.6632289597839477,0.09927104021605226,"{""model__C"": 1, ""model__epsilon"": 0.03, ""model__gamma"": ""scale""}"
470,4,arousal,svr_rbf,0.7625,0.7010774957657318,0.061422504234268205,"{""model__C"": 1, ""model__epsilon"": 0.03, ""model__gamma"": ""scale""}"
476,4,arousal,svr_rbf,0.7,0.638688235275867,0.06131176472413291,"{""model__C"": 1, ""model__epsilon"": 0.03, ""model__gamma"": ""scale""}"
477,4,arousal,svr_rbf,0.575,0.6497310776417635,0.07473107764176357,"{""model__C"": 1, ""model__epsilon"": 0.03, ""model__gamma"": ""scale""}"
481,4,arousal,svr_rbf,0.6875,0.7195601552540234,0.03206015525402339,"{""model__C"": 1, ""model__epsilon"": 0.03, ""model__gamma"": ""scale""}"
490,4,arousal,svr_rbf,0.825,0.7632761979864258,0.06172380201357419,"{""model__C"": 1, ""model__epsilon"": 0.03, ""model__gamma"": ""scale""}"
505,4,arousal,svr_rbf,0.65,0.7546961143954058,0.10469611439540583,"{""model__C"": 1, ""model__epsilon"": 0.03, ""model__gamma"": ""scale""}"
506,4,arousal,svr_rbf,0.275,0.5504844312313533,0.27548443123135324,"{""model__C"": 1, ""model__epsilon"": 0.03, ""model__gamma"": ""scale""}"
508,4,arousal,svr_rbf,0.3625,0.4110463410582322,0.04854634105823219,"{""model__C"": 1, ""model__epsilon"": 0.03, ""model__gamma"": ""scale""}"
514,4,arousal,svr_rbf,0.85,0.7792462682762352,0.07075373172376476,"{""model__C"": 1, ""model__epsilon"": 0.03, ""model__gamma"": ""scale""}"
518,4,arousal,svr_rbf,0.425,0.45179798896164486,0.02679798896164487,"{""model__C"": 1, ""model__epsilon"": 0.03, ""model__gamma"": ""scale""}"
524,4,arousal,svr_rbf,0.5125,0.546549655797952,0.03404965579795205,"{""model__C"": 1, ""model__epsilon"": 0.03, ""model__gamma"": ""scale""}"
532,4,arousal,svr_rbf,0.5375,0.33754349784757137,0.1999565021524286,"{""model__C"": 1, ""model__epsilon"": 0.03, ""model__gamma"": ""scale""}"
534,4,arousal,svr_rbf,0.1625,0.4397340488398109,0.27723404883981084,"{""model__C"": 1, ""model__epsilon"": 0.03, ""model__gamma"": ""scale""}"
537,4,arousal,svr_rbf,0.7625,0.7991256589076887,0.03662565890768876,"{""model__C"": 1, ""model__epsilon"": 0.03, ""model__gamma"": ""scale""}"
539,4,arousal,svr_rbf,0.6125,0.5861877958591764,0.026312204140823692,"{""model__C"": 1, ""model__epsilon"": 0.03, ""model__gamma"": ""scale""}"
540,4,arousal,svr_rbf,0.5125,0.6739046517442826,0.16140465174428265,"{""model__C"": 1, ""model__epsilon"": 0.03, ""model__gamma"": ""scale""}"
541,4,arousal,svr_rbf,0.275,0.3687013695642788,0.09370136956427877,"{""model__C"": 1, ""model__epsilon"": 0.03, ""model__gamma"": ""scale""}"
561,4,arousal,svr_rbf,0.825,0.8385861002024675,0.013586100202467533,"{""model__C"": 1, ""model__epsilon"": 0.03, ""model__gamma"": ""scale""}"
563,4,arousal,svr_rbf,0.7375,0.642660040197547,0.09483995980245308,"{""model__C"": 1, ""model__epsilon"": 0.03, ""model__gamma"": ""scale""}"
564,4,arousal,svr_rbf,0.9,0.7173023229095687,0.18269767709043128,"{""model__C"": 1, ""model__epsilon"": 0.03, ""model__gamma"": ""scale""}"
567,4,arousal,svr_rbf,0.875,0.824124951470658,0.05087504852934199,"{""model__C"": 1, ""model__epsilon"": 0.03, ""model__gamma"": ""scale""}"
573,4,arousal,svr_rbf,0.7625,0.7732951196306009,0.01079511963060098,"{""model__C"": 1, ""model__epsilon"": 0.03, ""model__gamma"": ""scale""}"
575,4,arousal,svr_rbf,0.825,0.7474790278914325,0.07752097210856745,"{""model__C"": 1, ""model__epsilon"": 0.03, ""model__gamma"": ""scale""}"
584,4,arousal,svr_rbf,0.375,0.48416094450811537,0.10916094450811537,"{""model__C"": 1, ""model__epsilon"": 0.03, ""model__gamma"": ""scale""}"
594,4,arousal,svr_rbf,0.5125,0.4941356118781359,0.018364388121864028,"{""model__C"": 1, ""model__epsilon"": 0.03, ""model__gamma"": ""scale""}"
595,4,arousal,svr_rbf,0.3875,0.41083681672153327,0.02333681672153326,"{""model__C"": 1, ""model__epsilon"": 0.03, ""model__gamma"": ""scale""}"
600,4,arousal,svr_rbf,0.4125,0.40262229487374873,0.009877705126251246,"{""model__C"": 1, ""model__epsilon"": 0.03, ""model__gamma"": ""scale""}"
602,4,arousal,svr_rbf,0.6125,0.6156858769213427,0.0031858769213426452,"{""model__C"": 1, ""model__epsilon"": 0.03, ""model__gamma"": ""scale""}"
603,4,arousal,svr_rbf,0.8125,0.8552802769412156,0.042780276941215556,"{""model__C"": 1, ""model__epsilon"": 0.03, ""model__gamma"": ""scale""}"
607,4,arousal,svr_rbf,0.7125,0.8033719269163655,0.09087192691636548,"{""model__C"": 1, ""model__epsilon"": 0.03, ""model__gamma"": ""scale""}"
611,4,arousal,svr_rbf,0.675,0.5192170127019176,0.1557829872980825,"{""model__C"": 1, ""model__epsilon"": 0.03, ""model__gamma"": ""scale""}"
613,4,arousal,svr_rbf,0.5875,0.7192921849216849,0.13179218492168487,"{""model__C"": 1, ""model__epsilon"": 0.03, ""model__gamma"": ""scale""}"
615,4,arousal,svr_rbf,0.7375,0.7584198151362866,0.0209198151362866,"{""model__C"": 1, ""model__epsilon"": 0.03, ""model__gamma"": ""scale""}"
616,4,arousal,svr_rbf,0.8625,0.7483349873824535,0.11416501261754652,"{""model__C"": 1, ""model__epsilon"": 0.03, ""model__gamma"": ""scale""}"
639,4,arousal,svr_rbf,0.775,0.7482350599544548,0.026764940045545194,"{""model__C"": 1, ""model__epsilon"": 0.03, ""model__gamma"": ""scale""}"
644,4,arousal,svr_rbf,0.7375,0.6303116727417611,0.1071883272582389,"{""model__C"": 1, ""model__epsilon"": 0.03, ""model__gamma"": ""scale""}"
650,4,arousal,svr_rbf,0.6375,0.626271535156091,0.011228464843908936,"{""model__C"": 1, ""model__epsilon"": 0.03, ""model__gamma"": ""scale""}"
657,4,arousal,svr_rbf,0.6,0.5277257766043896,0.0722742233956104,"{""model__C"": 1, ""model__epsilon"": 0.03, ""model__gamma"": ""scale""}"
659,4,arousal,svr_rbf,0.3875,0.5081873121029445,0.12068731210294453,"{""model__C"": 1, ""model__epsilon"": 0.03, ""model__gamma"": ""scale""}"
674,4,arousal,svr_rbf,0.3875,0.5769480515799157,0.18944805157991568,"{""model__C"": 1, ""model__epsilon"": 0.03, ""model__gamma"": ""scale""}"
683,4,arousal,svr_rbf,0.2375,0.21504279149770872,0.02245720850229127,"{""model__C"": 1, ""model__epsilon"": 0.03, ""model__gamma"": ""scale""}"
693,4,arousal,svr_rbf,0.6,0.523769541239765,0.07623045876023493,"{""model__C"": 1, ""model__epsilon"": 0.03, ""model__gamma"": ""scale""}"
703,4,arousal,svr_rbf,0.545454545455,0.5694874164827275,0.024032871027727443,"{""model__C"": 1, ""model__epsilon"": 0.03, ""model__gamma"": ""scale""}"
716,4,arousal,svr_rbf,0.5,0.5283994126661745,0.028399412666174517,"{""model__C"": 1, ""model__epsilon"": 0.03, ""model__gamma"": ""scale""}"
726,4,arousal,svr_rbf,0.7375,0.8098465855614048,0.07234658556140472,"{""model__C"": 1, ""model__epsilon"": 0.03, ""model__gamma"": ""scale""}"
734,4,arousal,svr_rbf,0.8375,0.6805196956690109,0.15698030433098908,"{""model__C"": 1, ""model__epsilon"": 0.03, ""model__gamma"": ""scale""}"
740,4,arousal,svr_rbf,0.7954545454549999,0.7499152476564315,0.04553929779856847,"{""model__C"": 1, ""model__epsilon"": 0.03, ""model__gamma"": ""scale""}"
744,4,arousal,svr_rbf,0.8125,0.7338207670753537,0.07867923292464629,"{""model__C"": 1, ""model__epsilon"": 0.03, ""model__gamma"": ""scale""}"
760,4,arousal,svr_rbf,0.7875,0.7690484391317639,0.018451560868236072,"{""model__C"": 1, ""model__epsilon"": 0.03, ""model__gamma"": ""scale""}"
771,4,arousal,svr_rbf,0.425,0.7057005071007663,0.28070050710076627,"{""model__C"": 1, ""model__epsilon"": 0.03, ""model__gamma"": ""scale""}"
774,4,arousal,svr_rbf,0.6375,0.7308802623942461,0.09338026239424613,"{""model__C"": 1, ""model__epsilon"": 0.03, ""model__gamma"": ""scale""}"
775,4,arousal,svr_rbf,0.3375,0.599653829480595,0.26215382948059496,"{""model__C"": 1, ""model__epsilon"": 0.03, ""model__gamma"": ""scale""}"
778,4,arousal,svr_rbf,0.9125,0.8060680974021308,0.10643190259786917,"{""model__C"": 1, ""model__epsilon"": 0.03, ""model__gamma"": ""scale""}"
786,4,arousal,svr_rbf,0.725,0.5776780396158143,0.14732196038418566,"{""model__C"": 1, ""model__epsilon"": 0.03, ""model__gamma"": ""scale""}"
794,4,arousal,svr_rbf,0.575,0.4643074451899545,0.11069255481004547,"{""model__C"": 1, ""model__epsilon"": 0.03, ""model__gamma"": ""scale""}"
798,4,arousal,svr_rbf,0.7375,0.7106596764409372,0.02684032355906285,"{""model__C"": 1, ""model__epsilon"": 0.03, ""model__gamma"": ""scale""}"
799,4,arousal,svr_rbf,0.7625,0.680445130779812,0.08205486922018801,"{""model__C"": 1, ""model__epsilon"": 0.03, ""model__gamma"": ""scale""}"
806,4,arousal,svr_rbf,0.6125,0.56392615823,0.048573841770000015,"{""model__C"": 1, ""model__epsilon"": 0.03, ""model__gamma"": ""scale""}"
815,4,arousal,svr_rbf,0.2875,0.38216012936569854,0.09466012936569856,"{""model__C"": 1, ""model__epsilon"": 0.03, ""model__gamma"": ""scale""}"
824,4,arousal,svr_rbf,0.8625,0.8052622355194847,0.05723776448051532,"{""model__C"": 1, ""model__epsilon"": 0.03, ""model__gamma"": ""scale""}"
827,4,arousal,svr_rbf,0.6,0.574224839091304,0.025775160908696026,"{""model__C"": 1, ""model__epsilon"": 0.03, ""model__gamma"": ""scale""}"
830,4,arousal,svr_rbf,0.775,0.8146689348593359,0.03966893485933587,"{""model__C"": 1, ""model__epsilon"": 0.03, ""model__gamma"": ""scale""}"
832,4,arousal,svr_rbf,0.85,0.8302098882876583,0.019790111712341685,"{""model__C"": 1, ""model__epsilon"": 0.03, ""model__gamma"": ""scale""}"
848,4,arousal,svr_rbf,0.7125,0.7865416579477841,0.07404165794778406,"{""model__C"": 1, ""model__epsilon"": 0.03, ""model__gamma"": ""scale""}"
861,4,arousal,svr_rbf,0.7625,0.7746564164422255,0.012156416442225537,"{""model__C"": 1, ""model__epsilon"": 0.03, ""model__gamma"": ""scale""}"
868,4,arousal,svr_rbf,0.7,0.5824123823396692,0.11758761766033077,"{""model__C"": 1, ""model__epsilon"": 0.03, ""model__gamma"": ""scale""}"
913,4,arousal,svr_rbf,0.35,0.43376225586850337,0.08376225586850339,"{""model__C"": 1, ""model__epsilon"": 0.03, ""model__gamma"": ""scale""}"
927,4,arousal,svr_rbf,0.5625,0.7342183681857045,0.17171836818570452,"{""model__C"": 1, ""model__epsilon"": 0.03, ""model__gamma"": ""scale""}"
932,4,arousal,svr_rbf,0.7,0.7053530201445447,0.005353020144544751,"{""model__C"": 1, ""model__epsilon"": 0.03, ""model__gamma"": ""scale""}"
933,4,arousal,svr_rbf,0.8125,0.7788627492939577,0.03363725070604229,"{""model__C"": 1, ""model__epsilon"": 0.03, ""model__gamma"": ""scale""}"
950,4,arousal,svr_rbf,0.7,0.6445710221708032,0.05542897782919676,"{""model__C"": 1, ""model__epsilon"": 0.03, ""model__gamma"": ""scale""}"
958,4,arousal,svr_rbf,0.825,0.7538491853580629,0.07115081464193707,"{""model__C"": 1, ""model__epsilon"": 0.03, ""model__gamma"": ""scale""}"
959,4,arousal,svr_rbf,0.8,0.6603021228121992,0.1396978771878008,"{""model__C"": 1, ""model__epsilon"": 0.03, ""model__gamma"": ""scale""}"
962,4,arousal,svr_rbf,0.6375,0.6390597838751997,0.0015597838751997273,"{""model__C"": 1, ""model__epsilon"": 0.03, ""model__gamma"": ""scale""}"
969,4,arousal,svr_rbf,0.5125,0.5600002049325774,0.04750020493257745,"{""model__C"": 1, ""model__epsilon"": 0.03, ""model__gamma"": ""scale""}"
970,4,arousal,svr_rbf,0.7,0.5479848198792099,0.15201518012079007,"{""model__C"": 1, ""model__epsilon"": 0.03, ""model__gamma"": ""scale""}"
980,4,arousal,svr_rbf,0.6375,0.6766405595629097,0.03914055956290974,"{""model__C"": 1, ""model__epsilon"": 0.03, ""model__gamma"": ""scale""}"
5,0,valence,dummy_mean,0.2,0.5951523802461827,0.39515238024618266,{}
9,0,valence,dummy_mean,0.2875,0.5951523802461827,0.3076523802461827,{}
12,0,valence,dummy_mean,0.575,0.5951523802461827,0.02015238024618271,{}
18,0,valence,dummy_mean,0.8375,0.5951523802461827,0.24234761975381736,{}
20,0,valence,dummy_mean,0.6375,0.5951523802461827,0.04234761975381729,{}
23,0,valence,dummy_mean,0.675,0.5951523802461827,0.07984761975381738,{}
30,0,valence,dummy_mean,0.5375,0.5951523802461827,0.05765238024618269,{}
33,0,valence,dummy_mean,0.75,0.5951523802461827,0.15484761975381733,{}
37,0,valence,dummy_mean,0.75,0.5951523802461827,0.15484761975381733,{}
38,0,valence,dummy_mean,0.8375,0.5951523802461827,0.24234761975381736,{}
49,0,valence,dummy_mean,0.7125,0.5951523802461827,0.11734761975381736,{}
63,0,valence,dummy_mean,0.4625,0.5951523802461827,0.13265238024618264,{}
65,0,valence,dummy_mean,0.75,0.5951523802461827,0.15484761975381733,{}
69,0,valence,dummy_mean,0.775,0.5951523802461827,0.17984761975381736,{}
70,0,valence,dummy_mean,0.525,0.5951523802461827,0.07015238024618264,{}
75,0,valence,dummy_mean,0.7375,0.5951523802461827,0.14234761975381738,{}
87,0,valence,dummy_mean,0.6,0.5951523802461827,0.004847619753817312,{}
90,0,valence,dummy_mean,0.4875,0.5951523802461827,0.10765238024618268,{}
92,0,valence,dummy_mean,0.575,0.5951523802461827,0.02015238024618271,{}
100,0,valence,dummy_mean,0.3,0.5951523802461827,0.2951523802461827,{}
113,0,valence,dummy_mean,0.7125,0.5951523802461827,0.11734761975381736,{}
124,0,valence,dummy_mean,0.8375,0.5951523802461827,0.24234761975381736,{}
126,0,valence,dummy_mean,0.7,0.5951523802461827,0.10484761975381729,{}
128,0,valence,dummy_mean,0.6,0.5951523802461827,0.004847619753817312,{}
136,0,valence,dummy_mean,0.525,0.5951523802461827,0.07015238024618264,{}
141,0,valence,dummy_mean,0.65,0.5951523802461827,0.054847619753817356,{}
142,0,valence,dummy_mean,0.625,0.5951523802461827,0.029847619753817334,{}
166,0,valence,dummy_mean,0.575,0.5951523802461827,0.02015238024618271,{}
174,0,valence,dummy_mean,0.534090909091,0.5951523802461827,0.06106147115518268,{}
176,0,valence,dummy_mean,0.65,0.5951523802461827,0.054847619753817356,{}
181,0,valence,dummy_mean,0.625,0.5951523802461827,0.029847619753817334,{}
184,0,valence,dummy_mean,0.6375,0.5951523802461827,0.04234761975381729,{}
187,0,valence,dummy_mean,0.675,0.5951523802461827,0.07984761975381738,{}
199,0,valence,dummy_mean,0.6875,0.5951523802461827,0.09234761975381733,{}
200,0,valence,dummy_mean,0.5625,0.5951523802461827,0.032652380246182666,{}
202,0,valence,dummy_mean,0.7625,0.5951523802461827,0.1673476197538173,{}
210,0,valence,dummy_mean,0.725,0.5951523802461827,0.1298476197538173,{}
217,0,valence,dummy_mean,0.575,0.5951523802461827,0.02015238024618271,{}
219,0,valence,dummy_mean,0.75,0.5951523802461827,0.15484761975381733,{}
231,0,valence,dummy_mean,0.55,0.5951523802461827,0.04515238024618262,{}
234,0,valence,dummy_mean,0.4375,0.5951523802461827,0.15765238024618267,{}
239,0,valence,dummy_mean,0.6875,0.5951523802461827,0.09234761975381733,{}
242,0,valence,dummy_mean,0.6125,0.5951523802461827,0.017347619753817378,{}
251,0,valence,dummy_mean,0.4659090909089999,0.5951523802461827,0.12924328933718277,{}
253,0,valence,dummy_mean,0.525,0.5951523802461827,0.07015238024618264,{}
263,0,valence,dummy_mean,0.35,0.5951523802461827,0.2451523802461827,{}
267,0,valence,dummy_mean,0.35,0.5951523802461827,0.2451523802461827,{}
269,0,valence,dummy_mean,0.6375,0.5951523802461827,0.04234761975381729,{}
273,0,valence,dummy_mean,0.3625,0.5951523802461827,0.23265238024618268,{}
280,0,valence,dummy_mean,0.525,0.5951523802461827,0.07015238024618264,{}
292,0,valence,dummy_mean,0.8625,0.5951523802461827,0.2673476197538174,{}
296,0,valence,dummy_mean,0.8,0.5951523802461827,0.20484761975381738,{}
306,0,valence,dummy_mean,0.875,0.5951523802461827,0.27984761975381733,{}
307,0,valence,dummy_mean,0.575,0.5951523802461827,0.02015238024618271,{}
310,0,valence,dummy_mean,0.675,0.5951523802461827,0.07984761975381738,{}
312,0,valence,dummy_mean,0.7875,0.5951523802461827,0.1923476197538173,{}
318,0,valence,dummy_mean,0.825,0.5951523802461827,0.2298476197538173,{}
323,0,valence,dummy_mean,0.725,0.5951523802461827,0.1298476197538173,{}
329,0,valence,dummy_mean,0.7875,0.5951523802461827,0.1923476197538173,{}
332,0,valence,dummy_mean,0.725,0.5951523802461827,0.1298476197538173,{}
338,0,valence,dummy_mean,0.7125,0.5951523802461827,0.11734761975381736,{}
341,0,valence,dummy_mean,0.8,0.5951523802461827,0.20484761975381738,{}
347,0,valence,dummy_mean,0.3375,0.5951523802461827,0.25765238024618264,{}
353,0,valence,dummy_mean,0.5875,0.5951523802461827,0.007652380246182644,{}
375,0,valence,dummy_mean,0.775,0.5951523802461827,0.17984761975381736,{}
376,0,valence,dummy_mean,0.6625,0.5951523802461827,0.06734761975381731,{}
399,0,valence,dummy_mean,0.45,0.5951523802461827,0.14515238024618266,{}
411,0,valence,dummy_mean,0.6375,0.5951523802461827,0.04234761975381729,{}
418,0,valence,dummy_mean,0.375,0.5951523802461827,0.22015238024618267,{}
420,0,valence,dummy_mean,0.55,0.5951523802461827,0.04515238024618262,{}
432,0,valence,dummy_mean,0.4,0.5951523802461827,0.19515238024618264,{}
434,0,valence,dummy_mean,0.3875,0.5951523802461827,0.20765238024618266,{}
455,0,valence,dummy_mean,0.7375,0.5951523802461827,0.14234761975381738,{}
466,0,valence,dummy_mean,0.7375,0.5951523802461827,0.14234761975381738,{}
478,0,valence,dummy_mean,0.675,0.5951523802461827,0.07984761975381738,{}
484,0,valence,dummy_mean,0.625,0.5951523802461827,0.029847619753817334,{}
486,0,valence,dummy_mean,0.575,0.5951523802461827,0.02015238024618271,{}
489,0,valence,dummy_mean,0.7954545454549999,0.5951523802461827,0.20030216520881727,{}
491,0,valence,dummy_mean,0.4375,0.5951523802461827,0.15765238024618267,{}
492,0,valence,dummy_mean,0.7875,0.5951523802461827,0.1923476197538173,{}
493,0,valence,dummy_mean,0.75,0.5951523802461827,0.15484761975381733,{}
499,0,valence,dummy_mean,0.825,0.5951523802461827,0.2298476197538173,{}
515,0,valence,dummy_mean,0.7875,0.5951523802461827,0.1923476197538173,{}
517,0,valence,dummy_mean,0.425,0.5951523802461827,0.17015238024618268,{}
519,0,valence,dummy_mean,0.2625,0.5951523802461827,0.33265238024618266,{}
522,0,valence,dummy_mean,0.4625,0.5951523802461827,0.13265238024618264,{}
530,0,valence,dummy_mean,0.3409090909089999,0.5951523802461827,0.25424328933718277,{}
542,0,valence,dummy_mean,0.6125,0.5951523802461827,0.017347619753817378,{}
544,0,valence,dummy_mean,0.625,0.5951523802461827,0.029847619753817334,{}
548,0,valence,dummy_mean,0.55,0.5951523802461827,0.04515238024618262,{}
550,0,valence,dummy_mean,0.375,0.5951523802461827,0.22015238024618267,{}
555,0,valence,dummy_mean,0.6875,0.5951523802461827,0.09234761975381733,{}
560,0,valence,dummy_mean,0.5125,0.5951523802461827,0.08265238024618271,{}
569,0,valence,dummy_mean,0.65,0.5951523802461827,0.054847619753817356,{}
571,0,valence,dummy_mean,0.725,0.5951523802461827,0.1298476197538173,{}
578,0,valence,dummy_mean,0.625,0.5951523802461827,0.029847619753817334,{}
599,0,valence,dummy_mean,0.55,0.5951523802461827,0.04515238024618262,{}
601,0,valence,dummy_mean,0.7,0.5951523802461827,0.10484761975381729,{}
629,0,valence,dummy_mean,0.5625,0.5951523802461827,0.032652380246182666,{}
632,0,valence,dummy_mean,0.6875,0.5951523802461827,0.09234761975381733,{}
638,0,valence,dummy_mean,0.775,0.5951523802461827,0.17984761975381736,{}
646,0,valence,dummy_mean,0.7875,0.5951523802461827,0.1923476197538173,{}
649,0,valence,dummy_mean,0.3125,0.5951523802461827,0.28265238024618267,{}
662,0,valence,dummy_mean,0.525,0.5951523802461827,0.07015238024618264,{}
675,0,valence,dummy_mean,0.3,0.5951523802461827,0.2951523802461827,{}
684,0,valence,dummy_mean,0.45,0.5951523802461827,0.14515238024618266,{}
685,0,valence,dummy_mean,0.7375,0.5951523802461827,0.14234761975381738,{}
686,0,valence,dummy_mean,0.725,0.5951523802461827,0.1298476197538173,{}
698,0,valence,dummy_mean,0.2625,0.5951523802461827,0.33265238024618266,{}
699,0,valence,dummy_mean,0.775,0.5951523802461827,0.17984761975381736,{}
707,0,valence,dummy_mean,0.3,0.5951523802461827,0.2951523802461827,{}
719,0,valence,dummy_mean,0.5625,0.5951523802461827,0.032652380246182666,{}
720,0,valence,dummy_mean,0.6375,0.5951523802461827,0.04234761975381729,{}
729,0,valence,dummy_mean,0.4,0.5951523802461827,0.19515238024618264,{}
742,0,valence,dummy_mean,0.725,0.5951523802461827,0.1298476197538173,{}
743,0,valence,dummy_mean,0.725,0.5951523802461827,0.1298476197538173,{}
746,0,valence,dummy_mean,0.7875,0.5951523802461827,0.1923476197538173,{}
749,0,valence,dummy_mean,0.4875,0.5951523802461827,0.10765238024618268,{}
769,0,valence,dummy_mean,0.475,0.5951523802461827,0.12015238024618269,{}
772,0,valence,dummy_mean,0.6125,0.5951523802461827,0.017347619753817378,{}
776,0,valence,dummy_mean,0.5125,0.5951523802461827,0.08265238024618271,{}
780,0,valence,dummy_mean,0.4375,0.5951523802461827,0.15765238024618267,{}
784,0,valence,dummy_mean,0.35,0.5951523802461827,0.2451523802461827,{}
788,0,valence,dummy_mean,0.525,0.5951523802461827,0.07015238024618264,{}
789,0,valence,dummy_mean,0.125,0.5951523802461827,0.47015238024618267,{}
791,0,valence,dummy_mean,0.7125,0.5951523802461827,0.11734761975381736,{}
809,0,valence,dummy_mean,0.65,0.5951523802461827,0.054847619753817356,{}
810,0,valence,dummy_mean,0.65,0.5951523802461827,0.054847619753817356,{}
812,0,valence,dummy_mean,0.6875,0.5951523802461827,0.09234761975381733,{}
820,0,valence,dummy_mean,0.6,0.5951523802461827,0.004847619753817312,{}
821,0,valence,dummy_mean,0.75,0.5951523802461827,0.15484761975381733,{}
835,0,valence,dummy_mean,0.6125,0.5951523802461827,0.017347619753817378,{}
842,0,valence,dummy_mean,0.35,0.5951523802461827,0.2451523802461827,{}
854,0,valence,dummy_mean,0.7875,0.5951523802461827,0.1923476197538173,{}
858,0,valence,dummy_mean,0.6125,0.5951523802461827,0.017347619753817378,{}
865,0,valence,dummy_mean,0.7875,0.5951523802461827,0.1923476197538173,{}
870,0,valence,dummy_mean,0.5625,0.5951523802461827,0.032652380246182666,{}
876,0,valence,dummy_mean,0.775,0.5951523802461827,0.17984761975381736,{}
883,0,valence,dummy_mean,0.725,0.5951523802461827,0.1298476197538173,{}
890,0,valence,dummy_mean,0.7875,0.5951523802461827,0.1923476197538173,{}
895,0,valence,dummy_mean,0.5125,0.5951523802461827,0.08265238024618271,{}
903,0,valence,dummy_mean,0.6,0.5951523802461827,0.004847619753817312,{}
906,0,valence,dummy_mean,0.4375,0.5951523802461827,0.15765238024618267,{}
917,0,valence,dummy_mean,0.6625,0.5951523802461827,0.06734761975381731,{}
924,0,valence,dummy_mean,0.65,0.5951523802461827,0.054847619753817356,{}
938,0,valence,dummy_mean,0.75,0.5951523802461827,0.15484761975381733,{}
939,0,valence,dummy_mean,0.6625,0.5951523802461827,0.06734761975381731,{}
940,0,valence,dummy_mean,0.5,0.5951523802461827,0.09515238024618267,{}
946,0,valence,dummy_mean,0.4,0.5951523802461827,0.19515238024618264,{}
952,0,valence,dummy_mean,0.4875,0.5951523802461827,0.10765238024618268,{}
965,0,valence,dummy_mean,0.5375,0.5951523802461827,0.05765238024618269,{}
978,0,valence,dummy_mean,0.725,0.5951523802461827,0.1298476197538173,{}
996,0,valence,dummy_mean,0.5625,0.5951523802461827,0.032652380246182666,{}
1000,0,valence,dummy_mean,0.575,0.5951523802461827,0.02015238024618271,{}
1,1,valence,dummy_mean,0.575,0.5969004893964127,0.02190048939641276,{}
4,1,valence,dummy_mean,0.2875,0.5969004893964127,0.30940048939641274,{}
8,1,valence,dummy_mean,0.225,0.5969004893964127,0.37190048939641274,{}
28,1,valence,dummy_mean,0.575,0.5969004893964127,0.02190048939641276,{}
39,1,valence,dummy_mean,0.590909090909,0.5969004893964127,0.005991398487412702,{}
46,1,valence,dummy_mean,0.575,0.5969004893964127,0.02190048939641276,{}
52,1,valence,dummy_mean,0.4625,0.5969004893964127,0.1344004893964127,{}
55,1,valence,dummy_mean,0.4,0.5969004893964127,0.1969004893964127,{}
61,1,valence,dummy_mean,0.275,0.5969004893964127,0.3219004893964127,{}
66,1,valence,dummy_mean,0.7625,0.5969004893964127,0.16559951060358724,{}
67,1,valence,dummy_mean,0.5875,0.5969004893964127,0.009400489396412692,{}
72,1,valence,dummy_mean,0.6875,0.5969004893964127,0.09059951060358729,{}
73,1,valence,dummy_mean,0.6875,0.5969004893964127,0.09059951060358729,{}
74,1,valence,dummy_mean,0.775,0.5969004893964127,0.1780995106035873,{}
88,1,valence,dummy_mean,0.5875,0.5969004893964127,0.009400489396412692,{}
94,1,valence,dummy_mean,0.8,0.5969004893964127,0.20309951060358733,{}
102,1,valence,dummy_mean,0.825,0.5969004893964127,0.22809951060358724,{}
104,1,valence,dummy_mean,0.825,0.5969004893964127,0.22809951060358724,{}
108,1,valence,dummy_mean,0.8625,0.5969004893964127,0.26559951060358733,{}
139,1,valence,dummy_mean,0.775,0.5969004893964127,0.1780995106035873,{}
143,1,valence,dummy_mean,0.625,0.5969004893964127,0.028099510603587285,{}
146,1,valence,dummy_mean,0.7375,0.5969004893964127,0.14059951060358733,{}
149,1,valence,dummy_mean,0.2625,0.5969004893964127,0.3344004893964127,{}
152,1,valence,dummy_mean,0.725,0.5969004893964127,0.12809951060358726,{}
156,1,valence,dummy_mean,0.55,0.5969004893964127,0.04690048939641267,{}
160,1,valence,dummy_mean,0.8125,0.5969004893964127,0.21559951060358729,{}
165,1,valence,dummy_mean,0.675,0.5969004893964127,0.07809951060358733,{}
177,1,valence,dummy_mean,0.5375,0.5969004893964127,0.05940048939641274,{}
180,1,valence,dummy_mean,0.6875,0.5969004893964127,0.09059951060358729,{}
189,1,valence,dummy_mean,0.6375,0.5969004893964127,0.04059951060358724,{}
191,1,valence,dummy_mean,0.825,0.5969004893964127,0.22809951060358724,{}
192,1,valence,dummy_mean,0.5375,0.5969004893964127,0.05940048939641274,{}
204,1,valence,dummy_mean,0.5875,0.5969004893964127,0.009400489396412692,{}
207,1,valence,dummy_mean,0.7375,0.5969004893964127,0.14059951060358733,{}
220,1,valence,dummy_mean,0.675,0.5969004893964127,0.07809951060358733,{}
222,1,valence,dummy_mean,0.35,0.5969004893964127,0.24690048939641274,{}
233,1,valence,dummy_mean,0.4875,0.5969004893964127,0.10940048939641273,{}
257,1,valence,dummy_mean,0.3125,0.5969004893964127,0.2844004893964127,{}
265,1,valence,dummy_mean,0.675,0.5969004893964127,0.07809951060358733,{}
279,1,valence,dummy_mean,0.4625,0.5969004893964127,0.1344004893964127,{}
294,1,valence,dummy_mean,0.55,0.5969004893964127,0.04690048939641267,{}
299,1,valence,dummy_mean,0.65,0.5969004893964127,0.05309951060358731,{}
301,1,valence,dummy_mean,0.7875,0.5969004893964127,0.19059951060358726,{}
304,1,valence,dummy_mean,0.7375,0.5969004893964127,0.14059951060358733,{}
314,1,valence,dummy_mean,0.65,0.5969004893964127,0.05309951060358731,{}
317,1,valence,dummy_mean,0.8625,0.5969004893964127,0.26559951060358733,{}
324,1,valence,dummy_mean,0.55,0.5969004893964127,0.04690048939641267,{}
334,1,valence,dummy_mean,0.5625,0.5969004893964127,0.034400489396412715,{}
362,1,valence,dummy_mean,0.4625,0.5969004893964127,0.1344004893964127,{}
368,1,valence,dummy_mean,0.575,0.5969004893964127,0.02190048939641276,{}
370,1,valence,dummy_mean,0.25,0.5969004893964127,0.3469004893964127,{}
372,1,valence,dummy_mean,0.175,0.5969004893964127,0.4219004893964127,{}
379,1,valence,dummy_mean,0.9125,0.5969004893964127,0.31559951060358726,{}
391,1,valence,dummy_mean,0.6,0.5969004893964127,0.0030995106035872633,{}
403,1,valence,dummy_mean,0.8125,0.5969004893964127,0.21559951060358729,{}
408,1,valence,dummy_mean,0.6125,0.5969004893964127,0.01559951060358733,{}
425,1,valence,dummy_mean,0.8125,0.5969004893964127,0.21559951060358729,{}
426,1,valence,dummy_mean,0.7125,0.5969004893964127,0.11559951060358731,{}
435,1,valence,dummy_mean,0.35,0.5969004893964127,0.24690048939641274,{}
436,1,valence,dummy_mean,0.35,0.5969004893964127,0.24690048939641274,{}
441,1,valence,dummy_mean,0.6875,0.5969004893964127,0.09059951060358729,{}
442,1,valence,dummy_mean,0.6125,0.5969004893964127,0.01559951060358733,{}
461,1,valence,dummy_mean,0.6375,0.5969004893964127,0.04059951060358724,{}
465,1,valence,dummy_mean,0.425,0.5969004893964127,0.17190048939641273,{}
469,1,valence,dummy_mean,0.7125,0.5969004893964127,0.11559951060358731,{}
471,1,valence,dummy_mean,0.7875,0.5969004893964127,0.19059951060358726,{}
480,1,valence,dummy_mean,0.6375,0.5969004893964127,0.04059951060358724,{}
487,1,valence,dummy_mean,0.775,0.5969004893964127,0.1780995106035873,{}
496,1,valence,dummy_mean,0.5375,0.5969004893964127,0.05940048939641274,{}
500,1,valence,dummy_mean,0.425,0.5969004893964127,0.17190048939641273,{}
503,1,valence,dummy_mean,0.488636363636,0.5969004893964127,0.10826412576041272,{}
507,1,valence,dummy_mean,0.6625,0.5969004893964127,0.06559951060358726,{}
512,1,valence,dummy_mean,0.425,0.5969004893964127,0.17190048939641273,{}
521,1,valence,dummy_mean,0.375,0.5969004893964127,0.22190048939641271,{}
525,1,valence,dummy_mean,0.275,0.5969004893964127,0.3219004893964127,{}
536,1,valence,dummy_mean,0.825,0.5969004893964127,0.22809951060358724,{}
546,1,valence,dummy_mean,0.575,0.5969004893964127,0.02190048939641276,{}
549,1,valence,dummy_mean,0.3125,0.5969004893964127,0.2844004893964127,{}
562,1,valence,dummy_mean,0.6875,0.5969004893964127,0.09059951060358729,{}
566,1,valence,dummy_mean,0.725,0.5969004893964127,0.12809951060358726,{}
572,1,valence,dummy_mean,0.525,0.5969004893964127,0.07190048939641269,{}
574,1,valence,dummy_mean,0.775,0.5969004893964127,0.1780995106035873,{}
576,1,valence,dummy_mean,0.7125,0.5969004893964127,0.11559951060358731,{}
588,1,valence,dummy_mean,0.775,0.5969004893964127,0.1780995106035873,{}
591,1,valence,dummy_mean,0.35,0.5969004893964127,0.24690048939641274,{}
598,1,valence,dummy_mean,0.8125,0.5969004893964127,0.21559951060358729,{}
614,1,valence,dummy_mean,0.4875,0.5969004893964127,0.10940048939641273,{}
617,1,valence,dummy_mean,0.8125,0.5969004893964127,0.21559951060358729,{}
623,1,valence,dummy_mean,0.775,0.5969004893964127,0.1780995106035873,{}
634,1,valence,dummy_mean,0.2375,0.5969004893964127,0.3594004893964127,{}
635,1,valence,dummy_mean,0.825,0.5969004893964127,0.22809951060358724,{}
637,1,valence,dummy_mean,0.65,0.5969004893964127,0.05309951060358731,{}
648,1,valence,dummy_mean,0.7,0.5969004893964127,0.10309951060358724,{}
651,1,valence,dummy_mean,0.775,0.5969004893964127,0.1780995106035873,{}
652,1,valence,dummy_mean,0.675,0.5969004893964127,0.07809951060358733,{}
661,1,valence,dummy_mean,0.55,0.5969004893964127,0.04690048939641267,{}
666,1,valence,dummy_mean,0.7,0.5969004893964127,0.10309951060358724,{}
671,1,valence,dummy_mean,0.4125,0.5969004893964127,0.18440048939641274,{}
673,1,valence,dummy_mean,0.2,0.5969004893964127,0.3969004893964127,{}
678,1,valence,dummy_mean,0.8625,0.5969004893964127,0.26559951060358733,{}
692,1,valence,dummy_mean,0.5125,0.5969004893964127,0.08440048939641276,{}
694,1,valence,dummy_mean,0.3375,0.5969004893964127,0.2594004893964127,{}
708,1,valence,dummy_mean,0.5875,0.5969004893964127,0.009400489396412692,{}
710,1,valence,dummy_mean,0.775,0.5969004893964127,0.1780995106035873,{}
718,1,valence,dummy_mean,0.5875,0.5969004893964127,0.009400489396412692,{}
722,1,valence,dummy_mean,0.65,0.5969004893964127,0.05309951060358731,{}
730,1,valence,dummy_mean,0.575,0.5969004893964127,0.02190048939641276,{}
731,1,valence,dummy_mean,0.7,0.5969004893964127,0.10309951060358724,{}
738,1,valence,dummy_mean,0.7125,0.5969004893964127,0.11559951060358731,{}
739,1,valence,dummy_mean,0.6875,0.5969004893964127,0.09059951060358729,{}
750,1,valence,dummy_mean,0.2625,0.5969004893964127,0.3344004893964127,{}
751,1,valence,dummy_mean,0.525,0.5969004893964127,0.07190048939641269,{}
757,1,valence,dummy_mean,0.375,0.5969004893964127,0.22190048939641271,{}
758,1,valence,dummy_mean,0.625,0.5969004893964127,0.028099510603587285,{}
763,1,valence,dummy_mean,0.55,0.5969004893964127,0.04690048939641267,{}
773,1,valence,dummy_mean,0.65,0.5969004893964127,0.05309951060358731,{}
796,1,valence,dummy_mean,0.375,0.5969004893964127,0.22190048939641271,{}
797,1,valence,dummy_mean,0.775,0.5969004893964127,0.1780995106035873,{}
801,1,valence,dummy_mean,0.2875,0.5969004893964127,0.30940048939641274,{}
813,1,valence,dummy_mean,0.675,0.5969004893964127,0.07809951060358733,{}
818,1,valence,dummy_mean,0.1375,0.5969004893964127,0.4594004893964127,{}
825,1,valence,dummy_mean,0.8375,0.5969004893964127,0.2405995106035873,{}
828,1,valence,dummy_mean,0.6,0.5969004893964127,0.0030995106035872633,{}
833,1,valence,dummy_mean,0.7,0.5969004893964127,0.10309951060358724,{}
834,1,valence,dummy_mean,0.8125,0.5969004893964127,0.21559951060358729,{}
836,1,valence,dummy_mean,0.7875,0.5969004893964127,0.19059951060358726,{}
837,1,valence,dummy_mean,0.725,0.5969004893964127,0.12809951060358726,{}
847,1,valence,dummy_mean,0.7625,0.5969004893964127,0.16559951060358724,{}
852,1,valence,dummy_mean,0.45,0.5969004893964127,0.1469004893964127,{}
853,1,valence,dummy_mean,0.625,0.5969004893964127,0.028099510603587285,{}
859,1,valence,dummy_mean,0.725,0.5969004893964127,0.12809951060358726,{}
860,1,valence,dummy_mean,0.6375,0.5969004893964127,0.04059951060358724,{}
862,1,valence,dummy_mean,0.85,0.5969004893964127,0.25309951060358726,{}
869,1,valence,dummy_mean,0.5125,0.5969004893964127,0.08440048939641276,{}
879,1,valence,dummy_mean,0.6375,0.5969004893964127,0.04059951060358724,{}
880,1,valence,dummy_mean,0.5375,0.5969004893964127,0.05940048939641274,{}
881,1,valence,dummy_mean,0.6,0.5969004893964127,0.0030995106035872633,{}
885,1,valence,dummy_mean,0.4875,0.5969004893964127,0.10940048939641273,{}
892,1,valence,dummy_mean,0.65,0.5969004893964127,0.05309951060358731,{}
896,1,valence,dummy_mean,0.636363636364,0.5969004893964127,0.03946314696758724,{}
908,1,valence,dummy_mean,0.6625,0.5969004893964127,0.06559951060358726,{}
909,1,valence,dummy_mean,0.6625,0.5969004893964127,0.06559951060358726,{}
918,1,valence,dummy_mean,0.6375,0.5969004893964127,0.04059951060358724,{}
921,1,valence,dummy_mean,0.5625,0.5969004893964127,0.034400489396412715,{}
925,1,valence,dummy_mean,0.6125,0.5969004893964127,0.01559951060358733,{}
928,1,valence,dummy_mean,0.825,0.5969004893964127,0.22809951060358724,{}
929,1,valence,dummy_mean,0.3375,0.5969004893964127,0.2594004893964127,{}
935,1,valence,dummy_mean,0.386363636364,0.5969004893964127,0.2105368530324127,{}
948,1,valence,dummy_mean,0.4,0.5969004893964127,0.1969004893964127,{}
957,1,valence,dummy_mean,0.3375,0.5969004893964127,0.2594004893964127,{}
966,1,valence,dummy_mean,0.45,0.5969004893964127,0.1469004893964127,{}
981,1,valence,dummy_mean,0.6,0.5969004893964127,0.0030995106035872633,{}
984,1,valence,dummy_mean,0.7375,0.5969004893964127,0.14059951060358733,{}
989,1,valence,dummy_mean,0.3125,0.5969004893964127,0.2844004893964127,{}
6,2,valence,dummy_mean,0.35,0.5968537163162589,0.24685371631625896,{}
10,2,valence,dummy_mean,0.425,0.5968537163162589,0.17185371631625895,{}
15,2,valence,dummy_mean,0.6625,0.5968537163162589,0.06564628368374104,{}
16,2,valence,dummy_mean,0.575,0.5968537163162589,0.021853716316258986,{}
19,2,valence,dummy_mean,0.75,0.5968537163162589,0.15314628368374106,{}
43,2,valence,dummy_mean,0.7875,0.5968537163162589,0.19064628368374104,{}
44,2,valence,dummy_mean,0.675,0.5968537163162589,0.0781462836837411,{}
47,2,valence,dummy_mean,0.4625,0.5968537163162589,0.13435371631625892,{}
50,2,valence,dummy_mean,0.5875,0.5968537163162589,0.00935371631625892,{}
51,2,valence,dummy_mean,0.7625,0.5968537163162589,0.165646283683741,{}
56,2,valence,dummy_mean,0.275,0.5968537163162589,0.3218537163162589,{}
68,2,valence,dummy_mean,0.575,0.5968537163162589,0.021853716316258986,{}
78,2,valence,dummy_mean,0.659090909091,0.5968537163162589,0.062237192774741046,{}
97,2,valence,dummy_mean,0.75,0.5968537163162589,0.15314628368374106,{}
99,2,valence,dummy_mean,0.6875,0.5968537163162589,0.09064628368374106,{}
106,2,valence,dummy_mean,0.675,0.5968537163162589,0.0781462836837411,{}
109,2,valence,dummy_mean,0.7875,0.5968537163162589,0.19064628368374104,{}
117,2,valence,dummy_mean,0.7,0.5968537163162589,0.10314628368374101,{}
123,2,valence,dummy_mean,0.4875,0.5968537163162589,0.10935371631625895,{}
127,2,valence,dummy_mean,0.825,0.5968537163162589,0.228146283683741,{}
133,2,valence,dummy_mean,0.7375,0.5968537163162589,0.1406462836837411,{}
134,2,valence,dummy_mean,0.7125,0.5968537163162589,0.11564628368374108,{}
137,2,valence,dummy_mean,0.7,0.5968537163162589,0.10314628368374101,{}
147,2,valence,dummy_mean,0.65,0.5968537163162589,0.05314628368374108,{}
153,2,valence,dummy_mean,0.65,0.5968537163162589,0.05314628368374108,{}
157,2,valence,dummy_mean,0.6818181818179999,0.5968537163162589,0.08496446550174097,{}
161,2,valence,dummy_mean,0.7125,0.5968537163162589,0.11564628368374108,{}
162,2,valence,dummy_mean,0.7375,0.5968537163162589,0.1406462836837411,{}
170,2,valence,dummy_mean,0.6,0.5968537163162589,0.0031462836837410357,{}
172,2,valence,dummy_mean,0.625,0.5968537163162589,0.028146283683741058,{}
179,2,valence,dummy_mean,0.3125,0.5968537163162589,0.28435371631625894,{}
185,2,valence,dummy_mean,0.475,0.5968537163162589,0.12185371631625896,{}
186,2,valence,dummy_mean,0.7125,0.5968537163162589,0.11564628368374108,{}
196,2,valence,dummy_mean,0.3625,0.5968537163162589,0.23435371631625895,{}
197,2,valence,dummy_mean,0.4375,0.5968537163162589,0.15935371631625894,{}
198,2,valence,dummy_mean,0.75,0.5968537163162589,0.15314628368374106,{}
211,2,valence,dummy_mean,0.65,0.5968537163162589,0.05314628368374108,{}
228,2,valence,dummy_mean,0.425,0.5968537163162589,0.17185371631625895,{}
230,2,valence,dummy_mean,0.7375,0.5968537163162589,0.1406462836837411,{}
236,2,valence,dummy_mean,0.3,0.5968537163162589,0.29685371631625895,{}
237,2,valence,dummy_mean,0.3125,0.5968537163162589,0.28435371631625894,{}
238,2,valence,dummy_mean,0.5625,0.5968537163162589,0.03435371631625894,{}
244,2,valence,dummy_mean,0.4125,0.5968537163162589,0.18435371631625896,{}
249,2,valence,dummy_mean,0.45,0.5968537163162589,0.14685371631625893,{}
252,2,valence,dummy_mean,0.3625,0.5968537163162589,0.23435371631625895,{}
275,2,valence,dummy_mean,0.4125,0.5968537163162589,0.18435371631625896,{}
277,2,valence,dummy_mean,0.3875,0.5968537163162589,0.20935371631625893,{}
283,2,valence,dummy_mean,0.5375,0.5968537163162589,0.059353716316258964,{}
295,2,valence,dummy_mean,0.75,0.5968537163162589,0.15314628368374106,{}
298,2,valence,dummy_mean,0.7375,0.5968537163162589,0.1406462836837411,{}
308,2,valence,dummy_mean,0.85,0.5968537163162589,0.25314628368374104,{}
309,2,valence,dummy_mean,0.3875,0.5968537163162589,0.20935371631625893,{}
315,2,valence,dummy_mean,0.65,0.5968537163162589,0.05314628368374108,{}
319,2,valence,dummy_mean,0.5,0.5968537163162589,0.09685371631625894,{}
327,2,valence,dummy_mean,0.7375,0.5968537163162589,0.1406462836837411,{}
333,2,valence,dummy_mean,0.775,0.5968537163162589,0.17814628368374108,{}
342,2,valence,dummy_mean,0.6875,0.5968537163162589,0.09064628368374106,{}
343,2,valence,dummy_mean,0.55,0.5968537163162589,0.0468537163162589,{}
349,2,valence,dummy_mean,0.3375,0.5968537163162589,0.2593537163162589,{}
356,2,valence,dummy_mean,0.5625,0.5968537163162589,0.03435371631625894,{}
361,2,valence,dummy_mean,0.55,0.5968537163162589,0.0468537163162589,{}
367,2,valence,dummy_mean,0.3125,0.5968537163162589,0.28435371631625894,{}
373,2,valence,dummy_mean,0.725,0.5968537163162589,0.12814628368374104,{}
381,2,valence,dummy_mean,0.8,0.5968537163162589,0.2031462836837411,{}
385,2,valence,dummy_mean,0.75,0.5968537163162589,0.15314628368374106,{}
386,2,valence,dummy_mean,0.5875,0.5968537163162589,0.00935371631625892,{}
397,2,valence,dummy_mean,0.3375,0.5968537163162589,0.2593537163162589,{}
405,2,valence,dummy_mean,0.7125,0.5968537163162589,0.11564628368374108,{}
407,2,valence,dummy_mean,0.5625,0.5968537163162589,0.03435371631625894,{}
412,2,valence,dummy_mean,0.4375,0.5968537163162589,0.15935371631625894,{}
414,2,valence,dummy_mean,0.545454545455,0.5968537163162589,0.05139917086125889,{}
415,2,valence,dummy_mean,0.5227272727269999,0.5968537163162589,0.07412644358925902,{}
427,2,valence,dummy_mean,0.7,0.5968537163162589,0.10314628368374101,{}
443,2,valence,dummy_mean,0.675,0.5968537163162589,0.0781462836837411,{}
449,2,valence,dummy_mean,0.7375,0.5968537163162589,0.1406462836837411,{}
452,2,valence,dummy_mean,0.7375,0.5968537163162589,0.1406462836837411,{}
454,2,valence,dummy_mean,0.8125,0.5968537163162589,0.21564628368374106,{}
462,2,valence,dummy_mean,0.65,0.5968537163162589,0.05314628368374108,{}
463,2,valence,dummy_mean,0.5625,0.5968537163162589,0.03435371631625894,{}
472,2,valence,dummy_mean,0.6625,0.5968537163162589,0.06564628368374104,{}
479,2,valence,dummy_mean,0.3875,0.5968537163162589,0.20935371631625893,{}
483,2,valence,dummy_mean,0.5125,0.5968537163162589,0.08435371631625899,{}
495,2,valence,dummy_mean,0.475,0.5968537163162589,0.12185371631625896,{}
501,2,valence,dummy_mean,0.8125,0.5968537163162589,0.21564628368374106,{}
504,2,valence,dummy_mean,0.675,0.5968537163162589,0.0781462836837411,{}
516,2,valence,dummy_mean,0.4625,0.5968537163162589,0.13435371631625892,{}
526,2,valence,dummy_mean,0.525,0.5968537163162589,0.07185371631625892,{}
531,2,valence,dummy_mean,0.3,0.5968537163162589,0.29685371631625895,{}
535,2,valence,dummy_mean,0.7875,0.5968537163162589,0.19064628368374104,{}
551,2,valence,dummy_mean,0.375,0.5968537163162589,0.22185371631625894,{}
552,2,valence,dummy_mean,0.8125,0.5968537163162589,0.21564628368374106,{}
554,2,valence,dummy_mean,0.65,0.5968537163162589,0.05314628368374108,{}
558,2,valence,dummy_mean,0.5125,0.5968537163162589,0.08435371631625899,{}
570,2,valence,dummy_mean,0.5375,0.5968537163162589,0.059353716316258964,{}
577,2,valence,dummy_mean,0.575,0.5968537163162589,0.021853716316258986,{}
580,2,valence,dummy_mean,0.7875,0.5968537163162589,0.19064628368374104,{}
582,2,valence,dummy_mean,0.5,0.5968537163162589,0.09685371631625894,{}
589,2,valence,dummy_mean,0.4875,0.5968537163162589,0.10935371631625895,{}
592,2,valence,dummy_mean,0.4125,0.5968537163162589,0.18435371631625896,{}
606,2,valence,dummy_mean,0.8,0.5968537163162589,0.2031462836837411,{}
608,2,valence,dummy_mean,0.5625,0.5968537163162589,0.03435371631625894,{}
621,2,valence,dummy_mean,0.55,0.5968537163162589,0.0468537163162589,{}
622,2,valence,dummy_mean,0.675,0.5968537163162589,0.0781462836837411,{}
625,2,valence,dummy_mean,0.65,0.5968537163162589,0.05314628368374108,{}
628,2,valence,dummy_mean,0.625,0.5968537163162589,0.028146283683741058,{}
630,2,valence,dummy_mean,0.775,0.5968537163162589,0.17814628368374108,{}
643,2,valence,dummy_mean,0.5875,0.5968537163162589,0.00935371631625892,{}
645,2,valence,dummy_mean,0.6125,0.5968537163162589,0.015646283683741102,{}
647,2,valence,dummy_mean,0.6125,0.5968537163162589,0.015646283683741102,{}
656,2,valence,dummy_mean,0.4125,0.5968537163162589,0.18435371631625896,{}
665,2,valence,dummy_mean,0.75,0.5968537163162589,0.15314628368374106,{}
676,2,valence,dummy_mean,0.475,0.5968537163162589,0.12185371631625896,{}
681,2,valence,dummy_mean,0.7,0.5968537163162589,0.10314628368374101,{}
682,2,valence,dummy_mean,0.6125,0.5968537163162589,0.015646283683741102,{}
697,2,valence,dummy_mean,0.4875,0.5968537163162589,0.10935371631625895,{}
705,2,valence,dummy_mean,0.4375,0.5968537163162589,0.15935371631625894,{}
711,2,valence,dummy_mean,0.675,0.5968537163162589,0.0781462836837411,{}
717,2,valence,dummy_mean,0.6875,0.5968537163162589,0.09064628368374106,{}
728,2,valence,dummy_mean,0.275,0.5968537163162589,0.3218537163162589,{}
748,2,valence,dummy_mean,0.4625,0.5968537163162589,0.13435371631625892,{}
755,2,valence,dummy_mean,0.625,0.5968537163162589,0.028146283683741058,{}
759,2,valence,dummy_mean,0.8375,0.5968537163162589,0.24064628368374108,{}
761,2,valence,dummy_mean,0.7875,0.5968537163162589,0.19064628368374104,{}
765,2,valence,dummy_mean,0.7625,0.5968537163162589,0.165646283683741,{}
767,2,valence,dummy_mean,0.5125,0.5968537163162589,0.08435371631625899,{}
777,2,valence,dummy_mean,0.475,0.5968537163162589,0.12185371631625896,{}
804,2,valence,dummy_mean,0.65,0.5968537163162589,0.05314628368374108,{}
814,2,valence,dummy_mean,0.7375,0.5968537163162589,0.1406462836837411,{}
823,2,valence,dummy_mean,0.6625,0.5968537163162589,0.06564628368374104,{}
844,2,valence,dummy_mean,0.75,0.5968537163162589,0.15314628368374106,{}
846,2,valence,dummy_mean,0.5375,0.5968537163162589,0.059353716316258964,{}
855,2,valence,dummy_mean,0.775,0.5968537163162589,0.17814628368374108,{}
882,2,valence,dummy_mean,0.6,0.5968537163162589,0.0031462836837410357,{}
884,2,valence,dummy_mean,0.7625,0.5968537163162589,0.165646283683741,{}
889,2,valence,dummy_mean,0.75,0.5968537163162589,0.15314628368374106,{}
894,2,valence,dummy_mean,0.375,0.5968537163162589,0.22185371631625894,{}
900,2,valence,dummy_mean,0.5375,0.5968537163162589,0.059353716316258964,{}
907,2,valence,dummy_mean,0.5625,0.5968537163162589,0.03435371631625894,{}
915,2,valence,dummy_mean,0.575,0.5968537163162589,0.021853716316258986,{}
916,2,valence,dummy_mean,0.3375,0.5968537163162589,0.2593537163162589,{}
922,2,valence,dummy_mean,0.7375,0.5968537163162589,0.1406462836837411,{}
931,2,valence,dummy_mean,0.5,0.5968537163162589,0.09685371631625894,{}
934,2,valence,dummy_mean,0.3875,0.5968537163162589,0.20935371631625893,{}
936,2,valence,dummy_mean,0.45,0.5968537163162589,0.14685371631625893,{}
951,2,valence,dummy_mean,0.75,0.5968537163162589,0.15314628368374106,{}
967,2,valence,dummy_mean,0.5125,0.5968537163162589,0.08435371631625899,{}
973,2,valence,dummy_mean,0.6,0.5968537163162589,0.0031462836837410357,{}
979,2,valence,dummy_mean,0.5125,0.5968537163162589,0.08435371631625899,{}
985,2,valence,dummy_mean,0.7,0.5968537163162589,0.10314628368374101,{}
992,2,valence,dummy_mean,0.3625,0.5968537163162589,0.23435371631625895,{}
993,2,valence,dummy_mean,0.7625,0.5968537163162589,0.165646283683741,{}
997,2,valence,dummy_mean,0.6625,0.5968537163162589,0.06564628368374104,{}
999,2,valence,dummy_mean,0.775,0.5968537163162589,0.17814628368374108,{}
7,3,valence,dummy_mean,0.725,0.6011178560852851,0.12388214391471486,{}
13,3,valence,dummy_mean,0.5875,0.6011178560852851,0.013617856085285096,{}
14,3,valence,dummy_mean,0.575,0.6011178560852851,0.026117856085285163,{}
17,3,valence,dummy_mean,0.675,0.6011178560852851,0.07388214391471493,{}
31,3,valence,dummy_mean,0.4375,0.6011178560852851,0.16361785608528512,{}
57,3,valence,dummy_mean,0.3625,0.6011178560852851,0.23861785608528513,{}
76,3,valence,dummy_mean,0.65,0.6011178560852851,0.048882143914714904,{}
79,3,valence,dummy_mean,0.625,0.6011178560852851,0.023882143914714882,{}
83,3,valence,dummy_mean,0.725,0.6011178560852851,0.12388214391471486,{}
98,3,valence,dummy_mean,0.65,0.6011178560852851,0.048882143914714904,{}
105,3,valence,dummy_mean,0.3875,0.6011178560852851,0.2136178560852851,{}
114,3,valence,dummy_mean,0.7375,0.6011178560852851,0.13638214391471493,{}
115,3,valence,dummy_mean,0.8,0.6011178560852851,0.19888214391471493,{}
132,3,valence,dummy_mean,0.7125,0.6011178560852851,0.1113821439147149,{}
135,3,valence,dummy_mean,0.4,0.6011178560852851,0.2011178560852851,{}
138,3,valence,dummy_mean,0.5875,0.6011178560852851,0.013617856085285096,{}
148,3,valence,dummy_mean,0.5,0.6011178560852851,0.10111785608528512,{}
150,3,valence,dummy_mean,0.725,0.6011178560852851,0.12388214391471486,{}
151,3,valence,dummy_mean,0.6125,0.6011178560852851,0.011382143914714926,{}
158,3,valence,dummy_mean,0.7875,0.6011178560852851,0.18638214391471486,{}
168,3,valence,dummy_mean,0.625,0.6011178560852851,0.023882143914714882,{}
169,3,valence,dummy_mean,0.6,0.6011178560852851,0.0011178560852851405,{}
175,3,valence,dummy_mean,0.45,0.6011178560852851,0.1511178560852851,{}
203,3,valence,dummy_mean,0.6875,0.6011178560852851,0.08638214391471488,{}
209,3,valence,dummy_mean,0.775,0.6011178560852851,0.1738821439147149,{}
212,3,valence,dummy_mean,0.6,0.6011178560852851,0.0011178560852851405,{}
213,3,valence,dummy_mean,0.3625,0.6011178560852851,0.23861785608528513,{}
216,3,valence,dummy_mean,0.6625,0.6011178560852851,0.06138214391471486,{}
221,3,valence,dummy_mean,0.7,0.6011178560852851,0.09888214391471484,{}
224,3,valence,dummy_mean,0.5,0.6011178560852851,0.10111785608528512,{}
225,3,valence,dummy_mean,0.525,0.6011178560852851,0.0761178560852851,{}
227,3,valence,dummy_mean,0.425,0.6011178560852851,0.17611785608528513,{}
232,3,valence,dummy_mean,0.475,0.6011178560852851,0.12611785608528514,{}
241,3,valence,dummy_mean,0.5625,0.6011178560852851,0.03861785608528512,{}
282,3,valence,dummy_mean,0.525,0.6011178560852851,0.0761178560852851,{}
287,3,valence,dummy_mean,0.6875,0.6011178560852851,0.08638214391471488,{}
293,3,valence,dummy_mean,0.6375,0.6011178560852851,0.03638214391471484,{}
297,3,valence,dummy_mean,0.7,0.6011178560852851,0.09888214391471484,{}
302,3,valence,dummy_mean,0.575,0.6011178560852851,0.026117856085285163,{}
305,3,valence,dummy_mean,0.75,0.6011178560852851,0.14888214391471488,{}
313,3,valence,dummy_mean,0.6625,0.6011178560852851,0.06138214391471486,{}
325,3,valence,dummy_mean,0.6125,0.6011178560852851,0.011382143914714926,{}
336,3,valence,dummy_mean,0.725,0.6011178560852851,0.12388214391471486,{}
351,3,valence,dummy_mean,0.55,0.6011178560852851,0.051117856085285074,{}
360,3,valence,dummy_mean,0.55,0.6011178560852851,0.051117856085285074,{}
364,3,valence,dummy_mean,0.4,0.6011178560852851,0.2011178560852851,{}
366,3,valence,dummy_mean,0.2875,0.6011178560852851,0.31361785608528514,{}
382,3,valence,dummy_mean,0.863636363636,0.6011178560852851,0.26251850755071493,{}
394,3,valence,dummy_mean,0.675,0.6011178560852851,0.07388214391471493,{}
398,3,valence,dummy_mean,0.4375,0.6011178560852851,0.16361785608528512,{}
401,3,valence,dummy_mean,0.25,0.6011178560852851,0.3511178560852851,{}
402,3,valence,dummy_mean,0.6875,0.6011178560852851,0.08638214391471488,{}
410,3,valence,dummy_mean,0.45,0.6011178560852851,0.1511178560852851,{}
417,3,valence,dummy_mean,0.775,0.6011178560852851,0.1738821439147149,{}
421,3,valence,dummy_mean,0.725,0.6011178560852851,0.12388214391471486,{}
424,3,valence,dummy_mean,0.65,0.6011178560852851,0.048882143914714904,{}
429,3,valence,dummy_mean,0.4,0.6011178560852851,0.2011178560852851,{}
431,3,valence,dummy_mean,0.6375,0.6011178560852851,0.03638214391471484,{}
437,3,valence,dummy_mean,0.375,0.6011178560852851,0.22611785608528512,{}
440,3,valence,dummy_mean,0.2875,0.6011178560852851,0.31361785608528514,{}
445,3,valence,dummy_mean,0.4625,0.6011178560852851,0.1386178560852851,{}
446,3,valence,dummy_mean,0.4875,0.6011178560852851,0.11361785608528513,{}
447,3,valence,dummy_mean,0.6,0.6011178560852851,0.0011178560852851405,{}
448,3,valence,dummy_mean,0.7375,0.6011178560852851,0.13638214391471493,{}
450,3,valence,dummy_mean,0.7625,0.6011178560852851,0.16138214391471484,{}
451,3,valence,dummy_mean,0.8375,0.6011178560852851,0.2363821439147149,{}
456,3,valence,dummy_mean,0.525,0.6011178560852851,0.0761178560852851,{}
482,3,valence,dummy_mean,0.568181818182,0.6011178560852851,0.03293603790328514,{}
485,3,valence,dummy_mean,0.7,0.6011178560852851,0.09888214391471484,{}
488,3,valence,dummy_mean,0.6,0.6011178560852851,0.0011178560852851405,{}
494,3,valence,dummy_mean,0.4625,0.6011178560852851,0.1386178560852851,{}
510,3,valence,dummy_mean,0.825,0.6011178560852851,0.22388214391471484,{}
511,3,valence,dummy_mean,0.7375,0.6011178560852851,0.13638214391471493,{}
520,3,valence,dummy_mean,0.15,0.6011178560852851,0.4511178560852851,{}
523,3,valence,dummy_mean,0.3375,0.6011178560852851,0.2636178560852851,{}
565,3,valence,dummy_mean,0.6375,0.6011178560852851,0.03638214391471484,{}
568,3,valence,dummy_mean,0.825,0.6011178560852851,0.22388214391471484,{}
579,3,valence,dummy_mean,0.225,0.6011178560852851,0.37611785608528514,{}
583,3,valence,dummy_mean,0.5,0.6011178560852851,0.10111785608528512,{}
585,3,valence,dummy_mean,0.4625,0.6011178560852851,0.1386178560852851,{}
587,3,valence,dummy_mean,0.6,0.6011178560852851,0.0011178560852851405,{}
590,3,valence,dummy_mean,0.3625,0.6011178560852851,0.23861785608528513,{}
597,3,valence,dummy_mean,0.7,0.6011178560852851,0.09888214391471484,{}
605,3,valence,dummy_mean,0.875,0.6011178560852851,0.2738821439147149,{}
609,3,valence,dummy_mean,0.5125,0.6011178560852851,0.08861785608528516,{}
612,3,valence,dummy_mean,0.375,0.6011178560852851,0.22611785608528512,{}
624,3,valence,dummy_mean,0.55,0.6011178560852851,0.051117856085285074,{}
626,3,valence,dummy_mean,0.775,0.6011178560852851,0.1738821439147149,{}
627,3,valence,dummy_mean,0.675,0.6011178560852851,0.07388214391471493,{}
631,3,valence,dummy_mean,0.5625,0.6011178560852851,0.03861785608528512,{}
636,3,valence,dummy_mean,0.75,0.6011178560852851,0.14888214391471488,{}
653,3,valence,dummy_mean,0.6625,0.6011178560852851,0.06138214391471486,{}
654,3,valence,dummy_mean,0.875,0.6011178560852851,0.2738821439147149,{}
660,3,valence,dummy_mean,0.825,0.6011178560852851,0.22388214391471484,{}
668,3,valence,dummy_mean,0.65,0.6011178560852851,0.048882143914714904,{}
670,3,valence,dummy_mean,0.425,0.6011178560852851,0.17611785608528513,{}
672,3,valence,dummy_mean,0.4625,0.6011178560852851,0.1386178560852851,{}
677,3,valence,dummy_mean,0.3625,0.6011178560852851,0.23861785608528513,{}
679,3,valence,dummy_mean,0.6,0.6011178560852851,0.0011178560852851405,{}
688,3,valence,dummy_mean,0.4625,0.6011178560852851,0.1386178560852851,{}
689,3,valence,dummy_mean,0.35,0.6011178560852851,0.25111785608528514,{}
700,3,valence,dummy_mean,0.475,0.6011178560852851,0.12611785608528514,{}
704,3,valence,dummy_mean,0.7,0.6011178560852851,0.09888214391471484,{}
706,3,valence,dummy_mean,0.6125,0.6011178560852851,0.011382143914714926,{}
713,3,valence,dummy_mean,0.7375,0.6011178560852851,0.13638214391471493,{}
715,3,valence,dummy_mean,0.525,0.6011178560852851,0.0761178560852851,{}
727,3,valence,dummy_mean,0.475,0.6011178560852851,0.12611785608528514,{}
732,3,valence,dummy_mean,0.6125,0.6011178560852851,0.011382143914714926,{}
733,3,valence,dummy_mean,0.6,0.6011178560852851,0.0011178560852851405,{}
736,3,valence,dummy_mean,0.4125,0.6011178560852851,0.18861785608528514,{}
741,3,valence,dummy_mean,0.425,0.6011178560852851,0.17611785608528513,{}
745,3,valence,dummy_mean,0.6125,0.6011178560852851,0.011382143914714926,{}
747,3,valence,dummy_mean,0.775,0.6011178560852851,0.1738821439147149,{}
752,3,valence,dummy_mean,0.7875,0.6011178560852851,0.18638214391471486,{}
753,3,valence,dummy_mean,0.625,0.6011178560852851,0.023882143914714882,{}
754,3,valence,dummy_mean,0.8,0.6011178560852851,0.19888214391471493,{}
770,3,valence,dummy_mean,0.6125,0.6011178560852851,0.011382143914714926,{}
779,3,valence,dummy_mean,0.4125,0.6011178560852851,0.18861785608528514,{}
783,3,valence,dummy_mean,0.45,0.6011178560852851,0.1511178560852851,{}
790,3,valence,dummy_mean,0.725,0.6011178560852851,0.12388214391471486,{}
792,3,valence,dummy_mean,0.625,0.6011178560852851,0.023882143914714882,{}
793,3,valence,dummy_mean,0.6375,0.6011178560852851,0.03638214391471484,{}
803,3,valence,dummy_mean,0.75,0.6011178560852851,0.14888214391471488,{}
807,3,valence,dummy_mean,0.3625,0.6011178560852851,0.23861785608528513,{}
808,3,valence,dummy_mean,0.25,0.6011178560852851,0.3511178560852851,{}
816,3,valence,dummy_mean,0.425,0.6011178560852851,0.17611785608528513,{}
829,3,valence,dummy_mean,0.8125,0.6011178560852851,0.21138214391471488,{}
831,3,valence,dummy_mean,0.9125,0.6011178560852851,0.31138214391471486,{}
839,3,valence,dummy_mean,0.625,0.6011178560852851,0.023882143914714882,{}
850,3,valence,dummy_mean,0.6125,0.6011178560852851,0.011382143914714926,{}
851,3,valence,dummy_mean,0.4125,0.6011178560852851,0.18861785608528514,{}
857,3,valence,dummy_mean,0.2125,0.6011178560852851,0.3886178560852851,{}
863,3,valence,dummy_mean,0.625,0.6011178560852851,0.023882143914714882,{}
864,3,valence,dummy_mean,0.409090909091,0.6011178560852851,0.19202694699428513,{}
871,3,valence,dummy_mean,0.65,0.6011178560852851,0.048882143914714904,{}
886,3,valence,dummy_mean,0.725,0.6011178560852851,0.12388214391471486,{}
888,3,valence,dummy_mean,0.675,0.6011178560852851,0.07388214391471493,{}
897,3,valence,dummy_mean,0.5625,0.6011178560852851,0.03861785608528512,{}
904,3,valence,dummy_mean,0.5625,0.6011178560852851,0.03861785608528512,{}
905,3,valence,dummy_mean,0.575,0.6011178560852851,0.026117856085285163,{}
911,3,valence,dummy_mean,0.3875,0.6011178560852851,0.2136178560852851,{}
919,3,valence,dummy_mean,0.7375,0.6011178560852851,0.13638214391471493,{}
926,3,valence,dummy_mean,0.4875,0.6011178560852851,0.11361785608528513,{}
937,3,valence,dummy_mean,0.5875,0.6011178560852851,0.013617856085285096,{}
941,3,valence,dummy_mean,0.3,0.6011178560852851,0.30111785608528513,{}
943,3,valence,dummy_mean,0.4875,0.6011178560852851,0.11361785608528513,{}
945,3,valence,dummy_mean,0.575,0.6011178560852851,0.026117856085285163,{}
953,3,valence,dummy_mean,0.55,0.6011178560852851,0.051117856085285074,{}
964,3,valence,dummy_mean,0.6,0.6011178560852851,0.0011178560852851405,{}
968,3,valence,dummy_mean,0.4,0.6011178560852851,0.2011178560852851,{}
971,3,valence,dummy_mean,0.55,0.6011178560852851,0.051117856085285074,{}
974,3,valence,dummy_mean,0.5875,0.6011178560852851,0.013617856085285096,{}
983,3,valence,dummy_mean,0.5,0.6011178560852851,0.10111785608528512,{}
21,4,valence,dummy_mean,0.775,0.5928764435889853,0.18212355641101474,{}
25,4,valence,dummy_mean,0.784090909091,0.5928764435889853,0.1912144655020147,{}
26,4,valence,dummy_mean,0.7625,0.5928764435889853,0.16962355641101468,{}
29,4,valence,dummy_mean,0.675,0.5928764435889853,0.08212355641101476,{}
32,4,valence,dummy_mean,0.3875,0.5928764435889853,0.20537644358898527,{}
34,4,valence,dummy_mean,0.8375,0.5928764435889853,0.24462355641101474,{}
35,4,valence,dummy_mean,0.625,0.5928764435889853,0.03212355641101472,{}
40,4,valence,dummy_mean,0.6625,0.5928764435889853,0.0696235564110147,{}
42,4,valence,dummy_mean,0.6,0.5928764435889853,0.007123556411014698,{}
48,4,valence,dummy_mean,0.8375,0.5928764435889853,0.24462355641101474,{}
54,4,valence,dummy_mean,0.775,0.5928764435889853,0.18212355641101474,{}
58,4,valence,dummy_mean,0.25,0.5928764435889853,0.3428764435889853,{}
59,4,valence,dummy_mean,0.6,0.5928764435889853,0.007123556411014698,{}
60,4,valence,dummy_mean,0.409090909091,0.5928764435889853,0.1837855344979853,{}
71,4,valence,dummy_mean,0.5875,0.5928764435889853,0.005376443588985258,{}
80,4,valence,dummy_mean,0.7625,0.5928764435889853,0.16962355641101468,{}
81,4,valence,dummy_mean,0.7,0.5928764435889853,0.10712355641101468,{}
84,4,valence,dummy_mean,0.8,0.5928764435889853,0.20712355641101476,{}
86,4,valence,dummy_mean,0.725,0.5928764435889853,0.1321235564110147,{}
89,4,valence,dummy_mean,0.75,0.5928764435889853,0.15712355641101472,{}
91,4,valence,dummy_mean,0.7375,0.5928764435889853,0.14462355641101476,{}
93,4,valence,dummy_mean,0.65,0.5928764435889853,0.05712355641101474,{}
96,4,valence,dummy_mean,0.825,0.5928764435889853,0.23212355641101468,{}
103,4,valence,dummy_mean,0.775,0.5928764435889853,0.18212355641101474,{}
107,4,valence,dummy_mean,0.6125,0.5928764435889853,0.019623556411014764,{}
116,4,valence,dummy_mean,0.7625,0.5928764435889853,0.16962355641101468,{}
119,4,valence,dummy_mean,0.6625,0.5928764435889853,0.0696235564110147,{}
120,4,valence,dummy_mean,0.7625,0.5928764435889853,0.16962355641101468,{}
140,4,valence,dummy_mean,0.65,0.5928764435889853,0.05712355641101474,{}
144,4,valence,dummy_mean,0.825,0.5928764435889853,0.23212355641101468,{}
145,4,valence,dummy_mean,0.75,0.5928764435889853,0.15712355641101472,{}
159,4,valence,dummy_mean,0.675,0.5928764435889853,0.08212355641101476,{}
167,4,valence,dummy_mean,0.775,0.5928764435889853,0.18212355641101474,{}
171,4,valence,dummy_mean,0.8125,0.5928764435889853,0.21962355641101472,{}
188,4,valence,dummy_mean,0.4,0.5928764435889853,0.19287644358898526,{}
201,4,valence,dummy_mean,0.6875,0.5928764435889853,0.09462355641101472,{}
215,4,valence,dummy_mean,0.5125,0.5928764435889853,0.08037644358898532,{}
229,4,valence,dummy_mean,0.4,0.5928764435889853,0.19287644358898526,{}
235,4,valence,dummy_mean,0.7,0.5928764435889853,0.10712355641101468,{}
258,4,valence,dummy_mean,0.475,0.5928764435889853,0.1178764435889853,{}
260,4,valence,dummy_mean,0.3,0.5928764435889853,0.2928764435889853,{}
276,4,valence,dummy_mean,0.5125,0.5928764435889853,0.08037644358898532,{}
284,4,valence,dummy_mean,0.4875,0.5928764435889853,0.10537644358898529,{}
285,4,valence,dummy_mean,0.525,0.5928764435889853,0.06787644358898526,{}
300,4,valence,dummy_mean,0.7625,0.5928764435889853,0.16962355641101468,{}
303,4,valence,dummy_mean,0.6125,0.5928764435889853,0.019623556411014764,{}
316,4,valence,dummy_mean,0.8625,0.5928764435889853,0.26962355641101476,{}
321,4,valence,dummy_mean,0.4875,0.5928764435889853,0.10537644358898529,{}
326,4,valence,dummy_mean,0.7,0.5928764435889853,0.10712355641101468,{}
331,4,valence,dummy_mean,0.8,0.5928764435889853,0.20712355641101476,{}
337,4,valence,dummy_mean,0.8125,0.5928764435889853,0.21962355641101472,{}
339,4,valence,dummy_mean,0.7875,0.5928764435889853,0.1946235564110147,{}
348,4,valence,dummy_mean,0.3,0.5928764435889853,0.2928764435889853,{}
350,4,valence,dummy_mean,0.375,0.5928764435889853,0.21787644358898528,{}
354,4,valence,dummy_mean,0.5125,0.5928764435889853,0.08037644358898532,{}
355,4,valence,dummy_mean,0.325,0.5928764435889853,0.26787644358898527,{}
358,4,valence,dummy_mean,0.6875,0.5928764435889853,0.09462355641101472,{}
383,4,valence,dummy_mean,0.4125,0.5928764435889853,0.1803764435889853,{}
388,4,valence,dummy_mean,0.7125,0.5928764435889853,0.11962355641101474,{}
389,4,valence,dummy_mean,0.3625,0.5928764435889853,0.2303764435889853,{}
393,4,valence,dummy_mean,0.4625,0.5928764435889853,0.13037644358898526,{}
395,4,valence,dummy_mean,0.675,0.5928764435889853,0.08212355641101476,{}
396,4,valence,dummy_mean,0.7125,0.5928764435889853,0.11962355641101474,{}
409,4,valence,dummy_mean,0.6625,0.5928764435889853,0.0696235564110147,{}
413,4,valence,dummy_mean,0.675,0.5928764435889853,0.08212355641101476,{}
419,4,valence,dummy_mean,0.225,0.5928764435889853,0.3678764435889853,{}
423,4,valence,dummy_mean,0.65,0.5928764435889853,0.05712355641101474,{}
428,4,valence,dummy_mean,0.5625,0.5928764435889853,0.03037644358898528,{}
433,4,valence,dummy_mean,0.5,0.5928764435889853,0.09287644358898528,{}
438,4,valence,dummy_mean,0.325,0.5928764435889853,0.26787644358898527,{}
439,4,valence,dummy_mean,0.2625,0.5928764435889853,0.33037644358898527,{}
444,4,valence,dummy_mean,0.7625,0.5928764435889853,0.16962355641101468,{}
457,4,valence,dummy_mean,0.7875,0.5928764435889853,0.1946235564110147,{}
458,4,valence,dummy_mean,0.7375,0.5928764435889853,0.14462355641101476,{}
460,4,valence,dummy_mean,0.7,0.5928764435889853,0.10712355641101468,{}
468,4,valence,dummy_mean,0.7875,0.5928764435889853,0.1946235564110147,{}
470,4,valence,dummy_mean,0.85,0.5928764435889853,0.2571235564110147,{}
476,4,valence,dummy_mean,0.8625,0.5928764435889853,0.26962355641101476,{}
477,4,valence,dummy_mean,0.7125,0.5928764435889853,0.11962355641101474,{}
481,4,valence,dummy_mean,0.6125,0.5928764435889853,0.019623556411014764,{}
490,4,valence,dummy_mean,0.6875,0.5928764435889853,0.09462355641101472,{}
505,4,valence,dummy_mean,0.6125,0.5928764435889853,0.019623556411014764,{}
506,4,valence,dummy_mean,0.375,0.5928764435889853,0.21787644358898528,{}
508,4,valence,dummy_mean,0.5375,0.5928764435889853,0.0553764435889853,{}
514,4,valence,dummy_mean,0.75,0.5928764435889853,0.15712355641101472,{}
518,4,valence,dummy_mean,0.5125,0.5928764435889853,0.08037644358898532,{}
524,4,valence,dummy_mean,0.275,0.5928764435889853,0.31787644358898526,{}
532,4,valence,dummy_mean,0.3375,0.5928764435889853,0.25537644358898526,{}
534,4,valence,dummy_mean,0.2875,0.5928764435889853,0.3053764435889853,{}
537,4,valence,dummy_mean,0.7125,0.5928764435889853,0.11962355641101474,{}
539,4,valence,dummy_mean,0.65,0.5928764435889853,0.05712355641101474,{}
540,4,valence,dummy_mean,0.3875,0.5928764435889853,0.20537644358898527,{}
541,4,valence,dummy_mean,0.35,0.5928764435889853,0.2428764435889853,{}
561,4,valence,dummy_mean,0.8875,0.5928764435889853,0.2946235564110147,{}
563,4,valence,dummy_mean,0.6875,0.5928764435889853,0.09462355641101472,{}
564,4,valence,dummy_mean,0.475,0.5928764435889853,0.1178764435889853,{}
567,4,valence,dummy_mean,0.825,0.5928764435889853,0.23212355641101468,{}
573,4,valence,dummy_mean,0.7625,0.5928764435889853,0.16962355641101468,{}
575,4,valence,dummy_mean,0.7875,0.5928764435889853,0.1946235564110147,{}
584,4,valence,dummy_mean,0.4625,0.5928764435889853,0.13037644358898526,{}
594,4,valence,dummy_mean,0.4375,0.5928764435889853,0.15537644358898528,{}
595,4,valence,dummy_mean,0.4,0.5928764435889853,0.19287644358898526,{}
600,4,valence,dummy_mean,0.65,0.5928764435889853,0.05712355641101474,{}
602,4,valence,dummy_mean,0.5375,0.5928764435889853,0.0553764435889853,{}
603,4,valence,dummy_mean,0.7125,0.5928764435889853,0.11962355641101474,{}
607,4,valence,dummy_mean,0.6375,0.5928764435889853,0.044623556411014675,{}
611,4,valence,dummy_mean,0.475,0.5928764435889853,0.1178764435889853,{}
613,4,valence,dummy_mean,0.6875,0.5928764435889853,0.09462355641101472,{}
615,4,valence,dummy_mean,0.675,0.5928764435889853,0.08212355641101476,{}
616,4,valence,dummy_mean,0.7875,0.5928764435889853,0.1946235564110147,{}
639,4,valence,dummy_mean,0.6875,0.5928764435889853,0.09462355641101472,{}
644,4,valence,dummy_mean,0.7625,0.5928764435889853,0.16962355641101468,{}
650,4,valence,dummy_mean,0.5375,0.5928764435889853,0.0553764435889853,{}
657,4,valence,dummy_mean,0.5125,0.5928764435889853,0.08037644358898532,{}
659,4,valence,dummy_mean,0.375,0.5928764435889853,0.21787644358898528,{}
674,4,valence,dummy_mean,0.25,0.5928764435889853,0.3428764435889853,{}
683,4,valence,dummy_mean,0.7375,0.5928764435889853,0.14462355641101476,{}
693,4,valence,dummy_mean,0.4,0.5928764435889853,0.19287644358898526,{}
703,4,valence,dummy_mean,0.545454545455,0.5928764435889853,0.04742189813398523,{}
716,4,valence,dummy_mean,0.525,0.5928764435889853,0.06787644358898526,{}
726,4,valence,dummy_mean,0.7125,0.5928764435889853,0.11962355641101474,{}
734,4,valence,dummy_mean,0.825,0.5928764435889853,0.23212355641101468,{}
740,4,valence,dummy_mean,0.75,0.5928764435889853,0.15712355641101472,{}
744,4,valence,dummy_mean,0.725,0.5928764435889853,0.1321235564110147,{}
760,4,valence,dummy_mean,0.7375,0.5928764435889853,0.14462355641101476,{}
771,4,valence,dummy_mean,0.5625,0.5928764435889853,0.03037644358898528,{}
774,4,valence,dummy_mean,0.75,0.5928764435889853,0.15712355641101472,{}
775,4,valence,dummy_mean,0.475,0.5928764435889853,0.1178764435889853,{}
778,4,valence,dummy_mean,0.8125,0.5928764435889853,0.21962355641101472,{}
786,4,valence,dummy_mean,0.45,0.5928764435889853,0.14287644358898527,{}
794,4,valence,dummy_mean,0.575,0.5928764435889853,0.017876443588985325,{}
798,4,valence,dummy_mean,0.6,0.5928764435889853,0.007123556411014698,{}
799,4,valence,dummy_mean,0.5375,0.5928764435889853,0.0553764435889853,{}
806,4,valence,dummy_mean,0.725,0.5928764435889853,0.1321235564110147,{}
815,4,valence,dummy_mean,0.3125,0.5928764435889853,0.2803764435889853,{}
824,4,valence,dummy_mean,0.825,0.5928764435889853,0.23212355641101468,{}
827,4,valence,dummy_mean,0.825,0.5928764435889853,0.23212355641101468,{}
830,4,valence,dummy_mean,0.6,0.5928764435889853,0.007123556411014698,{}
832,4,valence,dummy_mean,0.625,0.5928764435889853,0.03212355641101472,{}
848,4,valence,dummy_mean,0.5125,0.5928764435889853,0.08037644358898532,{}
861,4,valence,dummy_mean,0.7625,0.5928764435889853,0.16962355641101468,{}
868,4,valence,dummy_mean,0.625,0.5928764435889853,0.03212355641101472,{}
913,4,valence,dummy_mean,0.275,0.5928764435889853,0.31787644358898526,{}
927,4,valence,dummy_mean,0.65,0.5928764435889853,0.05712355641101474,{}
932,4,valence,dummy_mean,0.6625,0.5928764435889853,0.0696235564110147,{}
933,4,valence,dummy_mean,0.7375,0.5928764435889853,0.14462355641101476,{}
950,4,valence,dummy_mean,0.6875,0.5928764435889853,0.09462355641101472,{}
958,4,valence,dummy_mean,0.8625,0.5928764435889853,0.26962355641101476,{}
959,4,valence,dummy_mean,0.45,0.5928764435889853,0.14287644358898527,{}
962,4,valence,dummy_mean,0.2,0.5928764435889853,0.39287644358898527,{}
969,4,valence,dummy_mean,0.175,0.5928764435889853,0.4178764435889853,{}
970,4,valence,dummy_mean,0.4875,0.5928764435889853,0.10537644358898529,{}
980,4,valence,dummy_mean,0.725,0.5928764435889853,0.1321235564110147,{}
5,0,valence,elastic_net,0.2,0.22164074095146546,0.021640740951465454,"{""model__alpha"": 0.01, ""model__l1_ratio"": 0.1}"
9,0,valence,elastic_net,0.2875,0.4871612128663818,0.19966121286638183,"{""model__alpha"": 0.01, ""model__l1_ratio"": 0.1}"
12,0,valence,elastic_net,0.575,0.6296523199679257,0.054652319967925744,"{""model__alpha"": 0.01, ""model__l1_ratio"": 0.1}"
18,0,valence,elastic_net,0.8375,0.6585934231471717,0.1789065768528283,"{""model__alpha"": 0.01, ""model__l1_ratio"": 0.1}"
20,0,valence,elastic_net,0.6375,0.6112332042417417,0.0262667957582583,"{""model__alpha"": 0.01, ""model__l1_ratio"": 0.1}"
23,0,valence,elastic_net,0.675,0.7145586726545444,0.03955867265454438,"{""model__alpha"": 0.01, ""model__l1_ratio"": 0.1}"
30,0,valence,elastic_net,0.5375,0.5990298450430275,0.0615298450430275,"{""model__alpha"": 0.01, ""model__l1_ratio"": 0.1}"
33,0,valence,elastic_net,0.75,0.5907520080717127,0.1592479919282873,"{""model__alpha"": 0.01, ""model__l1_ratio"": 0.1}"
37,0,valence,elastic_net,0.75,0.6802994241362068,0.06970057586379319,"{""model__alpha"": 0.01, ""model__l1_ratio"": 0.1}"
38,0,valence,elastic_net,0.8375,0.7570863990188696,0.08041360098113037,"{""model__alpha"": 0.01, ""model__l1_ratio"": 0.1}"
49,0,valence,elastic_net,0.7125,0.6802031582360277,0.032296841763972295,"{""model__alpha"": 0.01, ""model__l1_ratio"": 0.1}"
63,0,valence,elastic_net,0.4625,0.4288626511303807,0.03363734886961933,"{""model__alpha"": 0.01, ""model__l1_ratio"": 0.1}"
65,0,valence,elastic_net,0.75,0.5562355892849942,0.19376441071500583,"{""model__alpha"": 0.01, ""model__l1_ratio"": 0.1}"
69,0,valence,elastic_net,0.775,0.7877275580070392,0.012727558007039175,"{""model__alpha"": 0.01, ""model__l1_ratio"": 0.1}"
70,0,valence,elastic_net,0.525,0.6165965222104841,0.09159652221048409,"{""model__alpha"": 0.01, ""model__l1_ratio"": 0.1}"
75,0,valence,elastic_net,0.7375,0.7988564773820717,0.06135647738207162,"{""model__alpha"": 0.01, ""model__l1_ratio"": 0.1}"
87,0,valence,elastic_net,0.6,0.6120339601828927,0.012033960182892711,"{""model__alpha"": 0.01, ""model__l1_ratio"": 0.1}"
90,0,valence,elastic_net,0.4875,0.706671650635802,0.21917165063580196,"{""model__alpha"": 0.01, ""model__l1_ratio"": 0.1}"
92,0,valence,elastic_net,0.575,0.706671650635802,0.131671650635802,"{""model__alpha"": 0.01, ""model__l1_ratio"": 0.1}"
100,0,valence,elastic_net,0.3,0.49599649951883534,0.19599649951883535,"{""model__alpha"": 0.01, ""model__l1_ratio"": 0.1}"
113,0,valence,elastic_net,0.7125,0.5998496773746427,0.11265032262535735,"{""model__alpha"": 0.01, ""model__l1_ratio"": 0.1}"
124,0,valence,elastic_net,0.8375,0.6757321046734136,0.16176789532658642,"{""model__alpha"": 0.01, ""model__l1_ratio"": 0.1}"
126,0,valence,elastic_net,0.7,0.6657913508602988,0.03420864913970112,"{""model__alpha"": 0.01, ""model__l1_ratio"": 0.1}"
128,0,valence,elastic_net,0.6,0.5533803444322805,0.04661965556771952,"{""model__alpha"": 0.01, ""model__l1_ratio"": 0.1}"
136,0,valence,elastic_net,0.525,0.45714852294383923,0.06785147705616079,"{""model__alpha"": 0.01, ""model__l1_ratio"": 0.1}"
141,0,valence,elastic_net,0.65,0.5358539097558241,0.11414609024417588,"{""model__alpha"": 0.01, ""model__l1_ratio"": 0.1}"
142,0,valence,elastic_net,0.625,0.5416249810311158,0.08337501896888422,"{""model__alpha"": 0.01, ""model__l1_ratio"": 0.1}"
166,0,valence,elastic_net,0.575,0.6977613589972227,0.12276135899722274,"{""model__alpha"": 0.01, ""model__l1_ratio"": 0.1}"
174,0,valence,elastic_net,0.534090909091,0.5051390866987083,0.02895182239229166,"{""model__alpha"": 0.01, ""model__l1_ratio"": 0.1}"
176,0,valence,elastic_net,0.65,0.6530638133602237,0.003063813360223655,"{""model__alpha"": 0.01, ""model__l1_ratio"": 0.1}"
181,0,valence,elastic_net,0.625,0.47851457549998844,0.14648542450001156,"{""model__alpha"": 0.01, ""model__l1_ratio"": 0.1}"
184,0,valence,elastic_net,0.6375,0.5708792736446303,0.06662072635536964,"{""model__alpha"": 0.01, ""model__l1_ratio"": 0.1}"
187,0,valence,elastic_net,0.675,0.5327338647880796,0.14226613521192044,"{""model__alpha"": 0.01, ""model__l1_ratio"": 0.1}"
199,0,valence,elastic_net,0.6875,0.665342547793263,0.02215745220673704,"{""model__alpha"": 0.01, ""model__l1_ratio"": 0.1}"
200,0,valence,elastic_net,0.5625,0.5345951660661573,0.027904833933842688,"{""model__alpha"": 0.01, ""model__l1_ratio"": 0.1}"
202,0,valence,elastic_net,0.7625,0.7292048187588414,0.0332951812411586,"{""model__alpha"": 0.01, ""model__l1_ratio"": 0.1}"
210,0,valence,elastic_net,0.725,0.8521500650353311,0.1271500650353311,"{""model__alpha"": 0.01, ""model__l1_ratio"": 0.1}"
217,0,valence,elastic_net,0.575,0.6922073307543387,0.11720733075433876,"{""model__alpha"": 0.01, ""model__l1_ratio"": 0.1}"
219,0,valence,elastic_net,0.75,0.6807447461967583,0.06925525380324171,"{""model__alpha"": 0.01, ""model__l1_ratio"": 0.1}"
231,0,valence,elastic_net,0.55,0.4489292620954055,0.10107073790459453,"{""model__alpha"": 0.01, ""model__l1_ratio"": 0.1}"
234,0,valence,elastic_net,0.4375,0.4098709933220606,0.027629006677939383,"{""model__alpha"": 0.01, ""model__l1_ratio"": 0.1}"
239,0,valence,elastic_net,0.6875,0.46826013863408156,0.21923986136591844,"{""model__alpha"": 0.01, ""model__l1_ratio"": 0.1}"
242,0,valence,elastic_net,0.6125,0.4936227550234836,0.11887724497651647,"{""model__alpha"": 0.01, ""model__l1_ratio"": 0.1}"
251,0,valence,elastic_net,0.4659090909089999,0.45518546593293957,0.01072362497606033,"{""model__alpha"": 0.01, ""model__l1_ratio"": 0.1}"
253,0,valence,elastic_net,0.525,0.3352815857207108,0.1897184142792892,"{""model__alpha"": 0.01, ""model__l1_ratio"": 0.1}"
263,0,valence,elastic_net,0.35,0.2711616061985282,0.07883839380147178,"{""model__alpha"": 0.01, ""model__l1_ratio"": 0.1}"
267,0,valence,elastic_net,0.35,0.2675799302828398,0.0824200697171602,"{""model__alpha"": 0.01, ""model__l1_ratio"": 0.1}"
269,0,valence,elastic_net,0.6375,0.5630806217645897,0.07441937823541023,"{""model__alpha"": 0.01, ""model__l1_ratio"": 0.1}"
273,0,valence,elastic_net,0.3625,0.3040846688519421,0.058415331148057914,"{""model__alpha"": 0.01, ""model__l1_ratio"": 0.1}"
280,0,valence,elastic_net,0.525,0.29555234985948253,0.2294476501405175,"{""model__alpha"": 0.01, ""model__l1_ratio"": 0.1}"
292,0,valence,elastic_net,0.8625,0.6817522860572008,0.1807477139427992,"{""model__alpha"": 0.01, ""model__l1_ratio"": 0.1}"
296,0,valence,elastic_net,0.8,0.7754284100350426,0.024571589964957452,"{""model__alpha"": 0.01, ""model__l1_ratio"": 0.1}"
306,0,valence,elastic_net,0.875,0.7625865117624471,0.11241348823755293,"{""model__alpha"": 0.01, ""model__l1_ratio"": 0.1}"
307,0,valence,elastic_net,0.575,0.6764222295657609,0.10142222956576097,"{""model__alpha"": 0.01, ""model__l1_ratio"": 0.1}"
310,0,valence,elastic_net,0.675,0.5352878989431469,0.13971210105685317,"{""model__alpha"": 0.01, ""model__l1_ratio"": 0.1}"
312,0,valence,elastic_net,0.7875,0.8115365057817803,0.024036505781780293,"{""model__alpha"": 0.01, ""model__l1_ratio"": 0.1}"
318,0,valence,elastic_net,0.825,0.7482280578972167,0.07677194210278326,"{""model__alpha"": 0.01, ""model__l1_ratio"": 0.1}"
323,0,valence,elastic_net,0.725,0.697347876959158,0.02765212304084197,"{""model__alpha"": 0.01, ""model__l1_ratio"": 0.1}"
329,0,valence,elastic_net,0.7875,0.7463803573968042,0.04111964260319578,"{""model__alpha"": 0.01, ""model__l1_ratio"": 0.1}"
332,0,valence,elastic_net,0.725,0.7129178072403745,0.01208219275962552,"{""model__alpha"": 0.01, ""model__l1_ratio"": 0.1}"
338,0,valence,elastic_net,0.7125,0.7465063578495681,0.03400635784956807,"{""model__alpha"": 0.01, ""model__l1_ratio"": 0.1}"
341,0,valence,elastic_net,0.8,0.6125554933485049,0.18744450665149515,"{""model__alpha"": 0.01, ""model__l1_ratio"": 0.1}"
347,0,valence,elastic_net,0.3375,0.5060019602270217,0.16850196022702169,"{""model__alpha"": 0.01, ""model__l1_ratio"": 0.1}"
353,0,valence,elastic_net,0.5875,0.5920001340344216,0.004500134034421621,"{""model__alpha"": 0.01, ""model__l1_ratio"": 0.1}"
375,0,valence,elastic_net,0.775,0.6415328101960746,0.13346718980392547,"{""model__alpha"": 0.01, ""model__l1_ratio"": 0.1}"
376,0,valence,elastic_net,0.6625,0.4849046489348674,0.17759535106513258,"{""model__alpha"": 0.01, ""model__l1_ratio"": 0.1}"
399,0,valence,elastic_net,0.45,0.5087018741838252,0.058701874183825165,"{""model__alpha"": 0.01, ""model__l1_ratio"": 0.1}"
411,0,valence,elastic_net,0.6375,0.4818671617607502,0.15563283823924978,"{""model__alpha"": 0.01, ""model__l1_ratio"": 0.1}"
418,0,valence,elastic_net,0.375,0.43054872438382397,0.055548724383823966,"{""model__alpha"": 0.01, ""model__l1_ratio"": 0.1}"
420,0,valence,elastic_net,0.55,0.608612113045915,0.05861211304591496,"{""model__alpha"": 0.01, ""model__l1_ratio"": 0.1}"
432,0,valence,elastic_net,0.4,0.3998601244363648,0.0001398755636352056,"{""model__alpha"": 0.01, ""model__l1_ratio"": 0.1}"
434,0,valence,elastic_net,0.3875,0.5362494806095264,0.14874948060952636,"{""model__alpha"": 0.01, ""model__l1_ratio"": 0.1}"
455,0,valence,elastic_net,0.7375,0.6898950252402384,0.047604974759761665,"{""model__alpha"": 0.01, ""model__l1_ratio"": 0.1}"
466,0,valence,elastic_net,0.7375,0.690707934329726,0.04679206567027405,"{""model__alpha"": 0.01, ""model__l1_ratio"": 0.1}"
478,0,valence,elastic_net,0.675,0.5873081869380204,0.0876918130619796,"{""model__alpha"": 0.01, ""model__l1_ratio"": 0.1}"
484,0,valence,elastic_net,0.625,0.5936002043162131,0.031399795683786924,"{""model__alpha"": 0.01, ""model__l1_ratio"": 0.1}"
486,0,valence,elastic_net,0.575,0.4668536910838955,0.10814630891610444,"{""model__alpha"": 0.01, ""model__l1_ratio"": 0.1}"
489,0,valence,elastic_net,0.7954545454549999,0.7809870457448195,0.014467499710180465,"{""model__alpha"": 0.01, ""model__l1_ratio"": 0.1}"
491,0,valence,elastic_net,0.4375,0.514720726429932,0.07722072642993205,"{""model__alpha"": 0.01, ""model__l1_ratio"": 0.1}"
492,0,valence,elastic_net,0.7875,0.679994775347479,0.10750522465252099,"{""model__alpha"": 0.01, ""model__l1_ratio"": 0.1}"
493,0,valence,elastic_net,0.75,0.7583017068322229,0.008301706832222866,"{""model__alpha"": 0.01, ""model__l1_ratio"": 0.1}"
499,0,valence,elastic_net,0.825,0.7948222793720989,0.030177720627901028,"{""model__alpha"": 0.01, ""model__l1_ratio"": 0.1}"
515,0,valence,elastic_net,0.7875,0.6862915705539863,0.10120842944601371,"{""model__alpha"": 0.01, ""model__l1_ratio"": 0.1}"
517,0,valence,elastic_net,0.425,0.5200712545220887,0.0950712545220887,"{""model__alpha"": 0.01, ""model__l1_ratio"": 0.1}"
519,0,valence,elastic_net,0.2625,0.26906416073079736,0.006564160730797353,"{""model__alpha"": 0.01, ""model__l1_ratio"": 0.1}"
522,0,valence,elastic_net,0.4625,0.3709154602851643,0.09158453971483571,"{""model__alpha"": 0.01, ""model__l1_ratio"": 0.1}"
530,0,valence,elastic_net,0.3409090909089999,0.45711903843294754,0.11620994752394764,"{""model__alpha"": 0.01, ""model__l1_ratio"": 0.1}"
542,0,valence,elastic_net,0.6125,0.5191115780658515,0.09338842193414854,"{""model__alpha"": 0.01, ""model__l1_ratio"": 0.1}"
544,0,valence,elastic_net,0.625,0.5968329042833216,0.028167095716678414,"{""model__alpha"": 0.01, ""model__l1_ratio"": 0.1}"
548,0,valence,elastic_net,0.55,0.41157971858888176,0.13842028141111828,"{""model__alpha"": 0.01, ""model__l1_ratio"": 0.1}"
550,0,valence,elastic_net,0.375,0.45849160878416817,0.08349160878416817,"{""model__alpha"": 0.01, ""model__l1_ratio"": 0.1}"
555,0,valence,elastic_net,0.6875,0.745581455901135,0.058081455901135004,"{""model__alpha"": 0.01, ""model__l1_ratio"": 0.1}"
560,0,valence,elastic_net,0.5125,0.6880646918436304,0.17556469184363044,"{""model__alpha"": 0.01, ""model__l1_ratio"": 0.1}"
569,0,valence,elastic_net,0.65,0.6193922743373771,0.03060772566262293,"{""model__alpha"": 0.01, ""model__l1_ratio"": 0.1}"
571,0,valence,elastic_net,0.725,0.642163691524888,0.08283630847511203,"{""model__alpha"": 0.01, ""model__l1_ratio"": 0.1}"
578,0,valence,elastic_net,0.625,0.5114396432682903,0.11356035673170972,"{""model__alpha"": 0.01, ""model__l1_ratio"": 0.1}"
599,0,valence,elastic_net,0.55,0.6585481359711667,0.10854813597116664,"{""model__alpha"": 0.01, ""model__l1_ratio"": 0.1}"
601,0,valence,elastic_net,0.7,0.6677311050871934,0.0322688949128066,"{""model__alpha"": 0.01, ""model__l1_ratio"": 0.1}"
629,0,valence,elastic_net,0.5625,0.5108079612979338,0.05169203870206618,"{""model__alpha"": 0.01, ""model__l1_ratio"": 0.1}"
632,0,valence,elastic_net,0.6875,0.6814330754011674,0.006066924598832624,"{""model__alpha"": 0.01, ""model__l1_ratio"": 0.1}"
638,0,valence,elastic_net,0.775,0.8639047509259274,0.08890475092592742,"{""model__alpha"": 0.01, ""model__l1_ratio"": 0.1}"
646,0,valence,elastic_net,0.7875,0.756141738944575,0.03135826105542494,"{""model__alpha"": 0.01, ""model__l1_ratio"": 0.1}"
649,0,valence,elastic_net,0.3125,0.6099302475143903,0.2974302475143903,"{""model__alpha"": 0.01, ""model__l1_ratio"": 0.1}"
662,0,valence,elastic_net,0.525,0.5883914800548955,0.06339148005489548,"{""model__alpha"": 0.01, ""model__l1_ratio"": 0.1}"
675,0,valence,elastic_net,0.3,0.25562728351201724,0.044372716487982744,"{""model__alpha"": 0.01, ""model__l1_ratio"": 0.1}"
684,0,valence,elastic_net,0.45,0.6763482509823572,0.22634825098235717,"{""model__alpha"": 0.01, ""model__l1_ratio"": 0.1}"
685,0,valence,elastic_net,0.7375,0.7315015232599877,0.005998476740012304,"{""model__alpha"": 0.01, ""model__l1_ratio"": 0.1}"
686,0,valence,elastic_net,0.725,0.6372133760205442,0.0877866239794558,"{""model__alpha"": 0.01, ""model__l1_ratio"": 0.1}"
698,0,valence,elastic_net,0.2625,0.48034691457223866,0.21784691457223865,"{""model__alpha"": 0.01, ""model__l1_ratio"": 0.1}"
699,0,valence,elastic_net,0.775,0.6437350887858012,0.1312649112141988,"{""model__alpha"": 0.01, ""model__l1_ratio"": 0.1}"
707,0,valence,elastic_net,0.3,0.3524183336946659,0.05241833369466592,"{""model__alpha"": 0.01, ""model__l1_ratio"": 0.1}"
719,0,valence,elastic_net,0.5625,0.5588260382455211,0.0036739617544788716,"{""model__alpha"": 0.01, ""model__l1_ratio"": 0.1}"
720,0,valence,elastic_net,0.6375,0.6610943697409922,0.02359436974099227,"{""model__alpha"": 0.01, ""model__l1_ratio"": 0.1}"
729,0,valence,elastic_net,0.4,0.5106061740599342,0.11060617405993423,"{""model__alpha"": 0.01, ""model__l1_ratio"": 0.1}"
742,0,valence,elastic_net,0.725,0.5784234882996794,0.1465765117003206,"{""model__alpha"": 0.01, ""model__l1_ratio"": 0.1}"
743,0,valence,elastic_net,0.725,0.6642196948372094,0.06078030516279054,"{""model__alpha"": 0.01, ""model__l1_ratio"": 0.1}"
746,0,valence,elastic_net,0.7875,0.713607001720206,0.07389299827979401,"{""model__alpha"": 0.01, ""model__l1_ratio"": 0.1}"
749,0,valence,elastic_net,0.4875,0.5570069496022194,0.06950694960221943,"{""model__alpha"": 0.01, ""model__l1_ratio"": 0.1}"
769,0,valence,elastic_net,0.475,0.5246811306895075,0.049681130689507524,"{""model__alpha"": 0.01, ""model__l1_ratio"": 0.1}"
772,0,valence,elastic_net,0.6125,0.7135570641417659,0.10105706414176585,"{""model__alpha"": 0.01, ""model__l1_ratio"": 0.1}"
776,0,valence,elastic_net,0.5125,0.7219794247460674,0.2094794247460674,"{""model__alpha"": 0.01, ""model__l1_ratio"": 0.1}"
780,0,valence,elastic_net,0.4375,0.5199069674825001,0.0824069674825001,"{""model__alpha"": 0.01, ""model__l1_ratio"": 0.1}"
784,0,valence,elastic_net,0.35,0.45196285316406337,0.1019628531640634,"{""model__alpha"": 0.01, ""model__l1_ratio"": 0.1}"
788,0,valence,elastic_net,0.525,0.6358306417156149,0.11083064171561485,"{""model__alpha"": 0.01, ""model__l1_ratio"": 0.1}"
789,0,valence,elastic_net,0.125,0.33723903718722575,0.21223903718722575,"{""model__alpha"": 0.01, ""model__l1_ratio"": 0.1}"
791,0,valence,elastic_net,0.7125,0.7692497657371701,0.056749765737170055,"{""model__alpha"": 0.01, ""model__l1_ratio"": 0.1}"
809,0,valence,elastic_net,0.65,0.48878972918232,0.16121027081768002,"{""model__alpha"": 0.01, ""model__l1_ratio"": 0.1}"
810,0,valence,elastic_net,0.65,0.5016106712377743,0.14838932876222577,"{""model__alpha"": 0.01, ""model__l1_ratio"": 0.1}"
812,0,valence,elastic_net,0.6875,0.6829540455049516,0.004545954495048354,"{""model__alpha"": 0.01, ""model__l1_ratio"": 0.1}"
820,0,valence,elastic_net,0.6,0.665274926347987,0.06527492634798704,"{""model__alpha"": 0.01, ""model__l1_ratio"": 0.1}"
821,0,valence,elastic_net,0.75,0.7550189145186408,0.005018914518640782,"{""model__alpha"": 0.01, ""model__l1_ratio"": 0.1}"
835,0,valence,elastic_net,0.6125,0.7355424321136336,0.12304243211363353,"{""model__alpha"": 0.01, ""model__l1_ratio"": 0.1}"
842,0,valence,elastic_net,0.35,0.6466630990035449,0.29666309900354493,"{""model__alpha"": 0.01, ""model__l1_ratio"": 0.1}"
854,0,valence,elastic_net,0.7875,0.8384820104748002,0.05098201047480022,"{""model__alpha"": 0.01, ""model__l1_ratio"": 0.1}"
858,0,valence,elastic_net,0.6125,0.6743399368383621,0.061839936838362086,"{""model__alpha"": 0.01, ""model__l1_ratio"": 0.1}"
865,0,valence,elastic_net,0.7875,0.7395251249432794,0.0479748750567206,"{""model__alpha"": 0.01, ""model__l1_ratio"": 0.1}"
870,0,valence,elastic_net,0.5625,0.6742032128661736,0.11170321286617357,"{""model__alpha"": 0.01, ""model__l1_ratio"": 0.1}"
876,0,valence,elastic_net,0.775,0.7392281256202018,0.03577187437979823,"{""model__alpha"": 0.01, ""model__l1_ratio"": 0.1}"
883,0,valence,elastic_net,0.725,0.7378595700091451,0.012859570009145171,"{""model__alpha"": 0.01, ""model__l1_ratio"": 0.1}"
890,0,valence,elastic_net,0.7875,0.708247434359906,0.07925256564009397,"{""model__alpha"": 0.01, ""model__l1_ratio"": 0.1}"
895,0,valence,elastic_net,0.5125,0.5519105502373646,0.03941055023736462,"{""model__alpha"": 0.01, ""model__l1_ratio"": 0.1}"
903,0,valence,elastic_net,0.6,0.7286993727987193,0.12869937279871935,"{""model__alpha"": 0.01, ""model__l1_ratio"": 0.1}"
906,0,valence,elastic_net,0.4375,0.5336593576072424,0.09615935760724237,"{""model__alpha"": 0.01, ""model__l1_ratio"": 0.1}"
917,0,valence,elastic_net,0.6625,0.6904548054257504,0.027954805425750462,"{""model__alpha"": 0.01, ""model__l1_ratio"": 0.1}"
924,0,valence,elastic_net,0.65,0.5561716366057569,0.09382836339424316,"{""model__alpha"": 0.01, ""model__l1_ratio"": 0.1}"
938,0,valence,elastic_net,0.75,0.6942649220885538,0.05573507791144616,"{""model__alpha"": 0.01, ""model__l1_ratio"": 0.1}"
939,0,valence,elastic_net,0.6625,0.7311579868998584,0.06865798689985847,"{""model__alpha"": 0.01, ""model__l1_ratio"": 0.1}"
940,0,valence,elastic_net,0.5,0.4900193971252853,0.009980602874714695,"{""model__alpha"": 0.01, ""model__l1_ratio"": 0.1}"
946,0,valence,elastic_net,0.4,0.5367750919341647,0.1367750919341647,"{""model__alpha"": 0.01, ""model__l1_ratio"": 0.1}"
952,0,valence,elastic_net,0.4875,0.5391667432757926,0.051666743275792626,"{""model__alpha"": 0.01, ""model__l1_ratio"": 0.1}"
965,0,valence,elastic_net,0.5375,0.4897189622304339,0.047781037769566104,"{""model__alpha"": 0.01, ""model__l1_ratio"": 0.1}"
978,0,valence,elastic_net,0.725,0.7075691851881747,0.01743081481182529,"{""model__alpha"": 0.01, ""model__l1_ratio"": 0.1}"
996,0,valence,elastic_net,0.5625,0.7277134343693444,0.16521343436934444,"{""model__alpha"": 0.01, ""model__l1_ratio"": 0.1}"
1000,0,valence,elastic_net,0.575,0.732370140419059,0.15737014041905906,"{""model__alpha"": 0.01, ""model__l1_ratio"": 0.1}"
1,1,valence,elastic_net,0.575,0.4935274489621361,0.08147255103786388,"{""model__alpha"": 0.001, ""model__l1_ratio"": 0.5}"
4,1,valence,elastic_net,0.2875,0.3660427675359452,0.07854276753594525,"{""model__alpha"": 0.001, ""model__l1_ratio"": 0.5}"
8,1,valence,elastic_net,0.225,0.504376163691447,0.279376163691447,"{""model__alpha"": 0.001, ""model__l1_ratio"": 0.5}"
28,1,valence,elastic_net,0.575,0.517934086758825,0.05706591324117494,"{""model__alpha"": 0.001, ""model__l1_ratio"": 0.5}"
39,1,valence,elastic_net,0.590909090909,0.7861397222828337,0.19523063137383367,"{""model__alpha"": 0.001, ""model__l1_ratio"": 0.5}"
46,1,valence,elastic_net,0.575,0.7104425990725025,0.13544259907250256,"{""model__alpha"": 0.001, ""model__l1_ratio"": 0.5}"
52,1,valence,elastic_net,0.4625,0.49903125155302175,0.036531251553021726,"{""model__alpha"": 0.001, ""model__l1_ratio"": 0.5}"
55,1,valence,elastic_net,0.4,0.3734321078199077,0.026567892180092312,"{""model__alpha"": 0.001, ""model__l1_ratio"": 0.5}"
61,1,valence,elastic_net,0.275,0.3216099006738855,0.046609900673885485,"{""model__alpha"": 0.001, ""model__l1_ratio"": 0.5}"
66,1,valence,elastic_net,0.7625,0.7939462737766081,0.031446273776608136,"{""model__alpha"": 0.001, ""model__l1_ratio"": 0.5}"
67,1,valence,elastic_net,0.5875,0.7271991849221933,0.13969918492219324,"{""model__alpha"": 0.001, ""model__l1_ratio"": 0.5}"
72,1,valence,elastic_net,0.6875,0.7081023059848162,0.02060230598481616,"{""model__alpha"": 0.001, ""model__l1_ratio"": 0.5}"
73,1,valence,elastic_net,0.6875,0.7197279062364502,0.03222790623645022,"{""model__alpha"": 0.001, ""model__l1_ratio"": 0.5}"
74,1,valence,elastic_net,0.775,0.7191882530539986,0.05581174694600144,"{""model__alpha"": 0.001, ""model__l1_ratio"": 0.5}"
88,1,valence,elastic_net,0.5875,0.6103775241797432,0.022877524179743203,"{""model__alpha"": 0.001, ""model__l1_ratio"": 0.5}"
94,1,valence,elastic_net,0.8,0.42164036649649705,0.378359633503503,"{""model__alpha"": 0.001, ""model__l1_ratio"": 0.5}"
102,1,valence,elastic_net,0.825,0.7350520343322052,0.08994796566779473,"{""model__alpha"": 0.001, ""model__l1_ratio"": 0.5}"
104,1,valence,elastic_net,0.825,0.6554250787731228,0.16957492122687712,"{""model__alpha"": 0.001, ""model__l1_ratio"": 0.5}"
108,1,valence,elastic_net,0.8625,0.8084493813013929,0.05405061869860717,"{""model__alpha"": 0.001, ""model__l1_ratio"": 0.5}"
139,1,valence,elastic_net,0.775,0.5383052681722097,0.23669473182779033,"{""model__alpha"": 0.001, ""model__l1_ratio"": 0.5}"
143,1,valence,elastic_net,0.625,0.6798447886900486,0.05484478869004861,"{""model__alpha"": 0.001, ""model__l1_ratio"": 0.5}"
146,1,valence,elastic_net,0.7375,0.6923534225994274,0.045146577400572596,"{""model__alpha"": 0.001, ""model__l1_ratio"": 0.5}"
149,1,valence,elastic_net,0.2625,0.5025612510520079,0.24006125105200787,"{""model__alpha"": 0.001, ""model__l1_ratio"": 0.5}"
152,1,valence,elastic_net,0.725,0.7583439167237295,0.033343916723729494,"{""model__alpha"": 0.001, ""model__l1_ratio"": 0.5}"
156,1,valence,elastic_net,0.55,0.43939100854500723,0.11060899145499281,"{""model__alpha"": 0.001, ""model__l1_ratio"": 0.5}"
160,1,valence,elastic_net,0.8125,0.7068777686651799,0.10562223133482007,"{""model__alpha"": 0.001, ""model__l1_ratio"": 0.5}"
165,1,valence,elastic_net,0.675,0.6462924935942008,0.02870750640579922,"{""model__alpha"": 0.001, ""model__l1_ratio"": 0.5}"
177,1,valence,elastic_net,0.5375,0.48169437302858087,0.05580562697141911,"{""model__alpha"": 0.001, ""model__l1_ratio"": 0.5}"
180,1,valence,elastic_net,0.6875,0.4773201634619991,0.21017983653800087,"{""model__alpha"": 0.001, ""model__l1_ratio"": 0.5}"
189,1,valence,elastic_net,0.6375,0.5506096052911588,0.08689039470884119,"{""model__alpha"": 0.001, ""model__l1_ratio"": 0.5}"
191,1,valence,elastic_net,0.825,0.6598710013595857,0.1651289986404143,"{""model__alpha"": 0.001, ""model__l1_ratio"": 0.5}"
192,1,valence,elastic_net,0.5375,0.42411262786392667,0.1133873721360733,"{""model__alpha"": 0.001, ""model__l1_ratio"": 0.5}"
204,1,valence,elastic_net,0.5875,0.5308042448817506,0.056695755118249425,"{""model__alpha"": 0.001, ""model__l1_ratio"": 0.5}"
207,1,valence,elastic_net,0.7375,0.7166249279616095,0.020875072038390563,"{""model__alpha"": 0.001, ""model__l1_ratio"": 0.5}"
220,1,valence,elastic_net,0.675,0.681707821060834,0.006707821060834007,"{""model__alpha"": 0.001, ""model__l1_ratio"": 0.5}"
222,1,valence,elastic_net,0.35,0.6109906803725496,0.2609906803725496,"{""model__alpha"": 0.001, ""model__l1_ratio"": 0.5}"
233,1,valence,elastic_net,0.4875,0.47227301370738484,0.015226986292615152,"{""model__alpha"": 0.001, ""model__l1_ratio"": 0.5}"
257,1,valence,elastic_net,0.3125,0.37205388299785314,0.059553882997853136,"{""model__alpha"": 0.001, ""model__l1_ratio"": 0.5}"
265,1,valence,elastic_net,0.675,0.47659415688791473,0.1984058431120853,"{""model__alpha"": 0.001, ""model__l1_ratio"": 0.5}"
279,1,valence,elastic_net,0.4625,0.4588606623157655,0.0036393376842345226,"{""model__alpha"": 0.001, ""model__l1_ratio"": 0.5}"
294,1,valence,elastic_net,0.55,0.718696706436342,0.16869670643634194,"{""model__alpha"": 0.001, ""model__l1_ratio"": 0.5}"
299,1,valence,elastic_net,0.65,0.6792769631889488,0.02927696318894879,"{""model__alpha"": 0.001, ""model__l1_ratio"": 0.5}"
301,1,valence,elastic_net,0.7875,0.6659206100893111,0.12157938991068884,"{""model__alpha"": 0.001, ""model__l1_ratio"": 0.5}"
304,1,valence,elastic_net,0.7375,0.722466932899003,0.015033067100997055,"{""model__alpha"": 0.001, ""model__l1_ratio"": 0.5}"
314,1,valence,elastic_net,0.65,0.6443867549672498,0.00561324503275018,"{""model__alpha"": 0.001, ""model__l1_ratio"": 0.5}"
317,1,valence,elastic_net,0.8625,0.6588594285553017,0.20364057144469838,"{""model__alpha"": 0.001, ""model__l1_ratio"": 0.5}"
324,1,valence,elastic_net,0.55,0.7241801320458476,0.1741801320458476,"{""model__alpha"": 0.001, ""model__l1_ratio"": 0.5}"
334,1,valence,elastic_net,0.5625,0.48370879750832985,0.07879120249167015,"{""model__alpha"": 0.001, ""model__l1_ratio"": 0.5}"
362,1,valence,elastic_net,0.4625,0.35008978486554265,0.11241021513445737,"{""model__alpha"": 0.001, ""model__l1_ratio"": 0.5}"
368,1,valence,elastic_net,0.575,0.34749351047251165,0.2275064895274883,"{""model__alpha"": 0.001, ""model__l1_ratio"": 0.5}"
370,1,valence,elastic_net,0.25,0.3142755148716314,0.06427551487163141,"{""model__alpha"": 0.001, ""model__l1_ratio"": 0.5}"
372,1,valence,elastic_net,0.175,0.6305465160664405,0.45554651606644053,"{""model__alpha"": 0.001, ""model__l1_ratio"": 0.5}"
379,1,valence,elastic_net,0.9125,0.8000831956257046,0.11241680437429535,"{""model__alpha"": 0.001, ""model__l1_ratio"": 0.5}"
391,1,valence,elastic_net,0.6,0.6411749563774979,0.04117495637749791,"{""model__alpha"": 0.001, ""model__l1_ratio"": 0.5}"
403,1,valence,elastic_net,0.8125,0.6774637050475463,0.13503629495245373,"{""model__alpha"": 0.001, ""model__l1_ratio"": 0.5}"
408,1,valence,elastic_net,0.6125,0.6684189987059016,0.05591899870590156,"{""model__alpha"": 0.001, ""model__l1_ratio"": 0.5}"
425,1,valence,elastic_net,0.8125,0.6256028203143252,0.18689717968567476,"{""model__alpha"": 0.001, ""model__l1_ratio"": 0.5}"
426,1,valence,elastic_net,0.7125,0.5149036129824859,0.19759638701751414,"{""model__alpha"": 0.001, ""model__l1_ratio"": 0.5}"
435,1,valence,elastic_net,0.35,0.307962858660067,0.04203714133993297,"{""model__alpha"": 0.001, ""model__l1_ratio"": 0.5}"
436,1,valence,elastic_net,0.35,0.31120080269683653,0.038799197303163446,"{""model__alpha"": 0.001, ""model__l1_ratio"": 0.5}"
441,1,valence,elastic_net,0.6875,0.6847971428561428,0.002702857143857207,"{""model__alpha"": 0.001, ""model__l1_ratio"": 0.5}"
442,1,valence,elastic_net,0.6125,0.5132909702015123,0.09920902979848778,"{""model__alpha"": 0.001, ""model__l1_ratio"": 0.5}"
461,1,valence,elastic_net,0.6375,0.6172912008817654,0.02020879911823459,"{""model__alpha"": 0.001, ""model__l1_ratio"": 0.5}"
465,1,valence,elastic_net,0.425,0.5419674965518472,0.11696749655184718,"{""model__alpha"": 0.001, ""model__l1_ratio"": 0.5}"
469,1,valence,elastic_net,0.7125,0.7428911226964037,0.03039112269640365,"{""model__alpha"": 0.001, ""model__l1_ratio"": 0.5}"
471,1,valence,elastic_net,0.7875,0.676280969651481,0.11121903034851899,"{""model__alpha"": 0.001, ""model__l1_ratio"": 0.5}"
480,1,valence,elastic_net,0.6375,0.7237586328432372,0.0862586328432372,"{""model__alpha"": 0.001, ""model__l1_ratio"": 0.5}"
487,1,valence,elastic_net,0.775,0.7090480712049128,0.06595192879508727,"{""model__alpha"": 0.001, ""model__l1_ratio"": 0.5}"
496,1,valence,elastic_net,0.5375,0.4273702553913698,0.11012974460863018,"{""model__alpha"": 0.001, ""model__l1_ratio"": 0.5}"
500,1,valence,elastic_net,0.425,0.5818192447792954,0.15681924477929537,"{""model__alpha"": 0.001, ""model__l1_ratio"": 0.5}"
503,1,valence,elastic_net,0.488636363636,0.5555223914293225,0.06688602779332248,"{""model__alpha"": 0.001, ""model__l1_ratio"": 0.5}"
507,1,valence,elastic_net,0.6625,0.7799835852626857,0.11748358526268576,"{""model__alpha"": 0.001, ""model__l1_ratio"": 0.5}"
512,1,valence,elastic_net,0.425,0.4652689094910859,0.040268909491085914,"{""model__alpha"": 0.001, ""model__l1_ratio"": 0.5}"
521,1,valence,elastic_net,0.375,0.4630907801428482,0.08809078014284821,"{""model__alpha"": 0.001, ""model__l1_ratio"": 0.5}"
525,1,valence,elastic_net,0.275,0.38564040823172413,0.11064040823172411,"{""model__alpha"": 0.001, ""model__l1_ratio"": 0.5}"
536,1,valence,elastic_net,0.825,0.7519014332519871,0.07309856674801285,"{""model__alpha"": 0.001, ""model__l1_ratio"": 0.5}"
546,1,valence,elastic_net,0.575,0.602624455714057,0.027624455714057028,"{""model__alpha"": 0.001, ""model__l1_ratio"": 0.5}"
549,1,valence,elastic_net,0.3125,0.44762190038883887,0.13512190038883887,"{""model__alpha"": 0.001, ""model__l1_ratio"": 0.5}"
562,1,valence,elastic_net,0.6875,0.6969831870732036,0.009483187073203614,"{""model__alpha"": 0.001, ""model__l1_ratio"": 0.5}"
566,1,valence,elastic_net,0.725,0.744329799028852,0.019329799028852013,"{""model__alpha"": 0.001, ""model__l1_ratio"": 0.5}"
572,1,valence,elastic_net,0.525,0.7283030260645106,0.20330302606451056,"{""model__alpha"": 0.001, ""model__l1_ratio"": 0.5}"
574,1,valence,elastic_net,0.775,0.7390093121336829,0.035990687866317095,"{""model__alpha"": 0.001, ""model__l1_ratio"": 0.5}"
576,1,valence,elastic_net,0.7125,0.7090962100958268,0.0034037899041732267,"{""model__alpha"": 0.001, ""model__l1_ratio"": 0.5}"
588,1,valence,elastic_net,0.775,0.5002067592172916,0.2747932407827084,"{""model__alpha"": 0.001, ""model__l1_ratio"": 0.5}"
591,1,valence,elastic_net,0.35,0.19262390246665345,0.15737609753334653,"{""model__alpha"": 0.001, ""model__l1_ratio"": 0.5}"
598,1,valence,elastic_net,0.8125,0.6000803606058311,0.21241963939416886,"{""model__alpha"": 0.001, ""model__l1_ratio"": 0.5}"
614,1,valence,elastic_net,0.4875,0.6135174808178389,0.12601748081783887,"{""model__alpha"": 0.001, ""model__l1_ratio"": 0.5}"
617,1,valence,elastic_net,0.8125,0.7463972122421004,0.06610278775789957,"{""model__alpha"": 0.001, ""model__l1_ratio"": 0.5}"
623,1,valence,elastic_net,0.775,0.7303785378668128,0.044621462133187184,"{""model__alpha"": 0.001, ""model__l1_ratio"": 0.5}"
634,1,valence,elastic_net,0.2375,0.4007119092182901,0.1632119092182901,"{""model__alpha"": 0.001, ""model__l1_ratio"": 0.5}"
635,1,valence,elastic_net,0.825,0.7320026805483807,0.09299731945161926,"{""model__alpha"": 0.001, ""model__l1_ratio"": 0.5}"
637,1,valence,elastic_net,0.65,0.727578988967805,0.07757898896780502,"{""model__alpha"": 0.001, ""model__l1_ratio"": 0.5}"
648,1,valence,elastic_net,0.7,0.6271301469266023,0.07286985307339766,"{""model__alpha"": 0.001, ""model__l1_ratio"": 0.5}"
651,1,valence,elastic_net,0.775,0.6912843610581401,0.08371563894185996,"{""model__alpha"": 0.001, ""model__l1_ratio"": 0.5}"
652,1,valence,elastic_net,0.675,0.5903149486071354,0.08468505139286464,"{""model__alpha"": 0.001, ""model__l1_ratio"": 0.5}"
661,1,valence,elastic_net,0.55,0.6320861657555565,0.0820861657555565,"{""model__alpha"": 0.001, ""model__l1_ratio"": 0.5}"
666,1,valence,elastic_net,0.7,0.6473694450636754,0.052630554936324514,"{""model__alpha"": 0.001, ""model__l1_ratio"": 0.5}"
671,1,valence,elastic_net,0.4125,0.5888760691803165,0.17637606918031656,"{""model__alpha"": 0.001, ""model__l1_ratio"": 0.5}"
673,1,valence,elastic_net,0.2,0.5513540399633019,0.3513540399633019,"{""model__alpha"": 0.001, ""model__l1_ratio"": 0.5}"
678,1,valence,elastic_net,0.8625,0.7651641484090318,0.09733585159096825,"{""model__alpha"": 0.001, ""model__l1_ratio"": 0.5}"
692,1,valence,elastic_net,0.5125,0.47142480853724605,0.0410751914627539,"{""model__alpha"": 0.001, ""model__l1_ratio"": 0.5}"
694,1,valence,elastic_net,0.3375,0.6123732689935577,0.2748732689935577,"{""model__alpha"": 0.001, ""model__l1_ratio"": 0.5}"
708,1,valence,elastic_net,0.5875,0.5702341314141333,0.01726586858586676,"{""model__alpha"": 0.001, ""model__l1_ratio"": 0.5}"
710,1,valence,elastic_net,0.775,0.7819862932794913,0.006986293279491296,"{""model__alpha"": 0.001, ""model__l1_ratio"": 0.5}"
718,1,valence,elastic_net,0.5875,0.4974405467821701,0.09005945321782993,"{""model__alpha"": 0.001, ""model__l1_ratio"": 0.5}"
722,1,valence,elastic_net,0.65,0.5788614357220722,0.07113856427792786,"{""model__alpha"": 0.001, ""model__l1_ratio"": 0.5}"
730,1,valence,elastic_net,0.575,0.3694020043189667,0.20559799568103326,"{""model__alpha"": 0.001, ""model__l1_ratio"": 0.5}"
731,1,valence,elastic_net,0.7,0.7742524028970434,0.07425240289704349,"{""model__alpha"": 0.001, ""model__l1_ratio"": 0.5}"
738,1,valence,elastic_net,0.7125,0.7133229913576744,0.0008229913576743852,"{""model__alpha"": 0.001, ""model__l1_ratio"": 0.5}"
739,1,valence,elastic_net,0.6875,0.7003410857113201,0.012841085711320144,"{""model__alpha"": 0.001, ""model__l1_ratio"": 0.5}"
750,1,valence,elastic_net,0.2625,0.4230486977747201,0.16054869777472008,"{""model__alpha"": 0.001, ""model__l1_ratio"": 0.5}"
751,1,valence,elastic_net,0.525,0.33609407703789973,0.1889059229621003,"{""model__alpha"": 0.001, ""model__l1_ratio"": 0.5}"
757,1,valence,elastic_net,0.375,0.5066202912718286,0.13162029127182862,"{""model__alpha"": 0.001, ""model__l1_ratio"": 0.5}"
758,1,valence,elastic_net,0.625,0.6769704861640944,0.05197048616409439,"{""model__alpha"": 0.001, ""model__l1_ratio"": 0.5}"
763,1,valence,elastic_net,0.55,0.41389243910861623,0.13610756089138382,"{""model__alpha"": 0.001, ""model__l1_ratio"": 0.5}"
773,1,valence,elastic_net,0.65,0.7376631037796693,0.08766310377966924,"{""model__alpha"": 0.001, ""model__l1_ratio"": 0.5}"
796,1,valence,elastic_net,0.375,0.5350942912587895,0.1600942912587895,"{""model__alpha"": 0.001, ""model__l1_ratio"": 0.5}"
797,1,valence,elastic_net,0.775,0.748991953190197,0.026008046809803065,"{""model__alpha"": 0.001, ""model__l1_ratio"": 0.5}"
801,1,valence,elastic_net,0.2875,0.47889248106460613,0.19139248106460616,"{""model__alpha"": 0.001, ""model__l1_ratio"": 0.5}"
813,1,valence,elastic_net,0.675,0.5115092028792441,0.16349079712075598,"{""model__alpha"": 0.001, ""model__l1_ratio"": 0.5}"
818,1,valence,elastic_net,0.1375,0.30313263597078144,0.16563263597078143,"{""model__alpha"": 0.001, ""model__l1_ratio"": 0.5}"
825,1,valence,elastic_net,0.8375,0.6750440453340737,0.16245595466592633,"{""model__alpha"": 0.001, ""model__l1_ratio"": 0.5}"
828,1,valence,elastic_net,0.6,0.7269288805141036,0.12692888051410367,"{""model__alpha"": 0.001, ""model__l1_ratio"": 0.5}"
833,1,valence,elastic_net,0.7,0.7143742812758005,0.014374281275800538,"{""model__alpha"": 0.001, ""model__l1_ratio"": 0.5}"
834,1,valence,elastic_net,0.8125,0.6669942099255455,0.14550579007445452,"{""model__alpha"": 0.001, ""model__l1_ratio"": 0.5}"
836,1,valence,elastic_net,0.7875,0.7936325905181002,0.006132590518100223,"{""model__alpha"": 0.001, ""model__l1_ratio"": 0.5}"
837,1,valence,elastic_net,0.725,0.8256019763112863,0.10060197631128631,"{""model__alpha"": 0.001, ""model__l1_ratio"": 0.5}"
847,1,valence,elastic_net,0.7625,0.5667682510683419,0.195731748931658,"{""model__alpha"": 0.001, ""model__l1_ratio"": 0.5}"
852,1,valence,elastic_net,0.45,0.5059758771222379,0.055975877122237894,"{""model__alpha"": 0.001, ""model__l1_ratio"": 0.5}"
853,1,valence,elastic_net,0.625,0.7394639556548326,0.11446395565483258,"{""model__alpha"": 0.001, ""model__l1_ratio"": 0.5}"
859,1,valence,elastic_net,0.725,0.5972624316250084,0.12773756837499162,"{""model__alpha"": 0.001, ""model__l1_ratio"": 0.5}"
860,1,valence,elastic_net,0.6375,0.6230302579547281,0.01446974204527185,"{""model__alpha"": 0.001, ""model__l1_ratio"": 0.5}"
862,1,valence,elastic_net,0.85,0.7180046201307466,0.13199537986925336,"{""model__alpha"": 0.001, ""model__l1_ratio"": 0.5}"
869,1,valence,elastic_net,0.5125,0.6624086628317242,0.14990866283172422,"{""model__alpha"": 0.001, ""model__l1_ratio"": 0.5}"
879,1,valence,elastic_net,0.6375,0.5837911690461355,0.05370883095386447,"{""model__alpha"": 0.001, ""model__l1_ratio"": 0.5}"
880,1,valence,elastic_net,0.5375,0.5941628839359635,0.056662883935963526,"{""model__alpha"": 0.001, ""model__l1_ratio"": 0.5}"
881,1,valence,elastic_net,0.6,0.6132639591694429,0.013263959169442896,"{""model__alpha"": 0.001, ""model__l1_ratio"": 0.5}"
885,1,valence,elastic_net,0.4875,0.3943408638372029,0.09315913616279708,"{""model__alpha"": 0.001, ""model__l1_ratio"": 0.5}"
892,1,valence,elastic_net,0.65,0.6824951949205594,0.03249519492055941,"{""model__alpha"": 0.001, ""model__l1_ratio"": 0.5}"
896,1,valence,elastic_net,0.636363636364,0.7477621722407002,0.11139853587670023,"{""model__alpha"": 0.001, ""model__l1_ratio"": 0.5}"
908,1,valence,elastic_net,0.6625,0.7625419589382605,0.10004195893826051,"{""model__alpha"": 0.001, ""model__l1_ratio"": 0.5}"
909,1,valence,elastic_net,0.6625,0.7277336853552143,0.06523368535521434,"{""model__alpha"": 0.001, ""model__l1_ratio"": 0.5}"
918,1,valence,elastic_net,0.6375,0.6880559876471872,0.05055598764718727,"{""model__alpha"": 0.001, ""model__l1_ratio"": 0.5}"
921,1,valence,elastic_net,0.5625,0.6759708242674969,0.11347082426749688,"{""model__alpha"": 0.001, ""model__l1_ratio"": 0.5}"
925,1,valence,elastic_net,0.6125,0.6693879482977345,0.05688794829773447,"{""model__alpha"": 0.001, ""model__l1_ratio"": 0.5}"
928,1,valence,elastic_net,0.825,0.7051459453008246,0.11985405469917532,"{""model__alpha"": 0.001, ""model__l1_ratio"": 0.5}"
929,1,valence,elastic_net,0.3375,0.32704870798423463,0.01045129201576539,"{""model__alpha"": 0.001, ""model__l1_ratio"": 0.5}"
935,1,valence,elastic_net,0.386363636364,0.5017470981177667,0.11538346175376674,"{""model__alpha"": 0.001, ""model__l1_ratio"": 0.5}"
948,1,valence,elastic_net,0.4,0.4504502759218991,0.0504502759218991,"{""model__alpha"": 0.001, ""model__l1_ratio"": 0.5}"
957,1,valence,elastic_net,0.3375,0.5699748389200296,0.23247483892002963,"{""model__alpha"": 0.001, ""model__l1_ratio"": 0.5}"
966,1,valence,elastic_net,0.45,0.5285314541130328,0.0785314541130328,"{""model__alpha"": 0.001, ""model__l1_ratio"": 0.5}"
981,1,valence,elastic_net,0.6,0.650247187994251,0.050247187994250986,"{""model__alpha"": 0.001, ""model__l1_ratio"": 0.5}"
984,1,valence,elastic_net,0.7375,0.806497091653128,0.06899709165312795,"{""model__alpha"": 0.001, ""model__l1_ratio"": 0.5}"
989,1,valence,elastic_net,0.3125,0.6238962515588008,0.3113962515588008,"{""model__alpha"": 0.001, ""model__l1_ratio"": 0.5}"
6,2,valence,elastic_net,0.35,0.3432439102545335,0.006756089745466487,"{""model__alpha"": 0.01, ""model__l1_ratio"": 0.5}"
10,2,valence,elastic_net,0.425,0.5979753633902967,0.17297536339029668,"{""model__alpha"": 0.01, ""model__l1_ratio"": 0.5}"
15,2,valence,elastic_net,0.6625,0.632039307809973,0.030460692190027006,"{""model__alpha"": 0.01, ""model__l1_ratio"": 0.5}"
16,2,valence,elastic_net,0.575,0.6054501801248192,0.03045018012481926,"{""model__alpha"": 0.01, ""model__l1_ratio"": 0.5}"
19,2,valence,elastic_net,0.75,0.6453580704683842,0.10464192953161577,"{""model__alpha"": 0.01, ""model__l1_ratio"": 0.5}"
43,2,valence,elastic_net,0.7875,0.7149485778297482,0.07255142217025179,"{""model__alpha"": 0.01, ""model__l1_ratio"": 0.5}"
44,2,valence,elastic_net,0.675,0.663304987075578,0.011695012924422099,"{""model__alpha"": 0.01, ""model__l1_ratio"": 0.5}"
47,2,valence,elastic_net,0.4625,0.5408834501673102,0.07838345016731019,"{""model__alpha"": 0.01, ""model__l1_ratio"": 0.5}"
50,2,valence,elastic_net,0.5875,0.6365821456472667,0.04908214564726665,"{""model__alpha"": 0.01, ""model__l1_ratio"": 0.5}"
51,2,valence,elastic_net,0.7625,0.7596066454611204,0.0028933545388795112,"{""model__alpha"": 0.01, ""model__l1_ratio"": 0.5}"
56,2,valence,elastic_net,0.275,0.41336700643198504,0.13836700643198502,"{""model__alpha"": 0.01, ""model__l1_ratio"": 0.5}"
68,2,valence,elastic_net,0.575,0.42586905850330975,0.1491309414966902,"{""model__alpha"": 0.01, ""model__l1_ratio"": 0.5}"
78,2,valence,elastic_net,0.659090909091,0.5740283603762802,0.08506254871471974,"{""model__alpha"": 0.01, ""model__l1_ratio"": 0.5}"
97,2,valence,elastic_net,0.75,0.6593774668896392,0.09062253311036084,"{""model__alpha"": 0.01, ""model__l1_ratio"": 0.5}"
99,2,valence,elastic_net,0.6875,0.6668605780310506,0.020639421968949412,"{""model__alpha"": 0.01, ""model__l1_ratio"": 0.5}"
106,2,valence,elastic_net,0.675,0.6576628563547274,0.017337143645272612,"{""model__alpha"": 0.01, ""model__l1_ratio"": 0.5}"
109,2,valence,elastic_net,0.7875,0.6573064143143579,0.1301935856856421,"{""model__alpha"": 0.01, ""model__l1_ratio"": 0.5}"
117,2,valence,elastic_net,0.7,0.7399840212246563,0.039984021224656385,"{""model__alpha"": 0.01, ""model__l1_ratio"": 0.5}"
123,2,valence,elastic_net,0.4875,0.6244270316303652,0.13692703163036518,"{""model__alpha"": 0.01, ""model__l1_ratio"": 0.5}"
127,2,valence,elastic_net,0.825,0.7027224293735128,0.12227757062648714,"{""model__alpha"": 0.01, ""model__l1_ratio"": 0.5}"
133,2,valence,elastic_net,0.7375,0.5737491348910173,0.16375086510898273,"{""model__alpha"": 0.01, ""model__l1_ratio"": 0.5}"
134,2,valence,elastic_net,0.7125,0.7043728181317697,0.00812718186823036,"{""model__alpha"": 0.01, ""model__l1_ratio"": 0.5}"
137,2,valence,elastic_net,0.7,0.7178213144502547,0.0178213144502547,"{""model__alpha"": 0.01, ""model__l1_ratio"": 0.5}"
147,2,valence,elastic_net,0.65,0.5943859929132282,0.05561400708677178,"{""model__alpha"": 0.01, ""model__l1_ratio"": 0.5}"
153,2,valence,elastic_net,0.65,0.6852450299434145,0.035245029943414496,"{""model__alpha"": 0.01, ""model__l1_ratio"": 0.5}"
157,2,valence,elastic_net,0.6818181818179999,0.5548568849912355,0.12696129682676438,"{""model__alpha"": 0.01, ""model__l1_ratio"": 0.5}"
161,2,valence,elastic_net,0.7125,0.6810165271068773,0.0314834728931227,"{""model__alpha"": 0.01, ""model__l1_ratio"": 0.5}"
162,2,valence,elastic_net,0.7375,0.6929173174166732,0.04458268258332687,"{""model__alpha"": 0.01, ""model__l1_ratio"": 0.5}"
170,2,valence,elastic_net,0.6,0.44757788802929566,0.15242211197070432,"{""model__alpha"": 0.01, ""model__l1_ratio"": 0.5}"
172,2,valence,elastic_net,0.625,0.5260560877152386,0.0989439122847614,"{""model__alpha"": 0.01, ""model__l1_ratio"": 0.5}"
179,2,valence,elastic_net,0.3125,0.5814162389628624,0.26891623896286243,"{""model__alpha"": 0.01, ""model__l1_ratio"": 0.5}"
185,2,valence,elastic_net,0.475,0.5814162389628624,0.10641623896286245,"{""model__alpha"": 0.01, ""model__l1_ratio"": 0.5}"
186,2,valence,elastic_net,0.7125,0.5853713691827911,0.12712863081720893,"{""model__alpha"": 0.01, ""model__l1_ratio"": 0.5}"
196,2,valence,elastic_net,0.3625,0.3517646670926563,0.010735332907343687,"{""model__alpha"": 0.01, ""model__l1_ratio"": 0.5}"
197,2,valence,elastic_net,0.4375,0.5518340759552525,0.11433407595525247,"{""model__alpha"": 0.01, ""model__l1_ratio"": 0.5}"
198,2,valence,elastic_net,0.75,0.7221709653230286,0.027829034676971398,"{""model__alpha"": 0.01, ""model__l1_ratio"": 0.5}"
211,2,valence,elastic_net,0.65,0.6563108349007207,0.006310834900720708,"{""model__alpha"": 0.01, ""model__l1_ratio"": 0.5}"
228,2,valence,elastic_net,0.425,0.5197703240912144,0.09477032409121439,"{""model__alpha"": 0.01, ""model__l1_ratio"": 0.5}"
230,2,valence,elastic_net,0.7375,0.5494312452188999,0.1880687547811002,"{""model__alpha"": 0.01, ""model__l1_ratio"": 0.5}"
236,2,valence,elastic_net,0.3,0.31460330997464425,0.014603309974644263,"{""model__alpha"": 0.01, ""model__l1_ratio"": 0.5}"
237,2,valence,elastic_net,0.3125,0.393123801425222,0.08062380142522202,"{""model__alpha"": 0.01, ""model__l1_ratio"": 0.5}"
238,2,valence,elastic_net,0.5625,0.5256510306113682,0.0368489693886318,"{""model__alpha"": 0.01, ""model__l1_ratio"": 0.5}"
244,2,valence,elastic_net,0.4125,0.46954345138907194,0.057043451389071964,"{""model__alpha"": 0.01, ""model__l1_ratio"": 0.5}"
249,2,valence,elastic_net,0.45,0.38212998268744114,0.06787001731255887,"{""model__alpha"": 0.01, ""model__l1_ratio"": 0.5}"
252,2,valence,elastic_net,0.3625,0.2766874687873825,0.0858125312126175,"{""model__alpha"": 0.01, ""model__l1_ratio"": 0.5}"
275,2,valence,elastic_net,0.4125,0.22314677985153059,0.1893532201484694,"{""model__alpha"": 0.01, ""model__l1_ratio"": 0.5}"
277,2,valence,elastic_net,0.3875,0.43370878376758043,0.04620878376758042,"{""model__alpha"": 0.01, ""model__l1_ratio"": 0.5}"
283,2,valence,elastic_net,0.5375,0.5426797949390777,0.00517979493907772,"{""model__alpha"": 0.01, ""model__l1_ratio"": 0.5}"
295,2,valence,elastic_net,0.75,0.6855954553378707,0.0644045446621293,"{""model__alpha"": 0.01, ""model__l1_ratio"": 0.5}"
298,2,valence,elastic_net,0.7375,0.7141995214200864,0.023300478579913686,"{""model__alpha"": 0.01, ""model__l1_ratio"": 0.5}"
308,2,valence,elastic_net,0.85,0.7246810355349353,0.12531896446506463,"{""model__alpha"": 0.01, ""model__l1_ratio"": 0.5}"
309,2,valence,elastic_net,0.3875,0.46785770984864994,0.08035770984864993,"{""model__alpha"": 0.01, ""model__l1_ratio"": 0.5}"
315,2,valence,elastic_net,0.65,0.6830009950951482,0.0330009950951482,"{""model__alpha"": 0.01, ""model__l1_ratio"": 0.5}"
319,2,valence,elastic_net,0.5,0.6927174826335505,0.19271748263355049,"{""model__alpha"": 0.01, ""model__l1_ratio"": 0.5}"
327,2,valence,elastic_net,0.7375,0.6741537262544239,0.06334627374557611,"{""model__alpha"": 0.01, ""model__l1_ratio"": 0.5}"
333,2,valence,elastic_net,0.775,0.6647729187517922,0.11022708124820779,"{""model__alpha"": 0.01, ""model__l1_ratio"": 0.5}"
342,2,valence,elastic_net,0.6875,0.6199490158317333,0.06755098416826666,"{""model__alpha"": 0.01, ""model__l1_ratio"": 0.5}"
343,2,valence,elastic_net,0.55,0.645612953647297,0.09561295364729694,"{""model__alpha"": 0.01, ""model__l1_ratio"": 0.5}"
349,2,valence,elastic_net,0.3375,0.4364606984548107,0.0989606984548107,"{""model__alpha"": 0.01, ""model__l1_ratio"": 0.5}"
356,2,valence,elastic_net,0.5625,0.5961975164575279,0.03369751645752794,"{""model__alpha"": 0.01, ""model__l1_ratio"": 0.5}"
361,2,valence,elastic_net,0.55,0.5176314784765798,0.03236852152342029,"{""model__alpha"": 0.01, ""model__l1_ratio"": 0.5}"
367,2,valence,elastic_net,0.3125,0.5829943236324885,0.2704943236324885,"{""model__alpha"": 0.01, ""model__l1_ratio"": 0.5}"
373,2,valence,elastic_net,0.725,0.720096890264526,0.004903109735474032,"{""model__alpha"": 0.01, ""model__l1_ratio"": 0.5}"
381,2,valence,elastic_net,0.8,0.7527067292378111,0.04729327076218892,"{""model__alpha"": 0.01, ""model__l1_ratio"": 0.5}"
385,2,valence,elastic_net,0.75,0.6769879694241279,0.07301203057587213,"{""model__alpha"": 0.01, ""model__l1_ratio"": 0.5}"
386,2,valence,elastic_net,0.5875,0.5404653899969285,0.04703461000307152,"{""model__alpha"": 0.01, ""model__l1_ratio"": 0.5}"
397,2,valence,elastic_net,0.3375,0.4363987277751087,0.09889872777510866,"{""model__alpha"": 0.01, ""model__l1_ratio"": 0.5}"
405,2,valence,elastic_net,0.7125,0.5783530981732485,0.13414690182675149,"{""model__alpha"": 0.01, ""model__l1_ratio"": 0.5}"
407,2,valence,elastic_net,0.5625,0.6440209026176281,0.08152090261762812,"{""model__alpha"": 0.01, ""model__l1_ratio"": 0.5}"
412,2,valence,elastic_net,0.4375,0.5659873324472534,0.1284873324472534,"{""model__alpha"": 0.01, ""model__l1_ratio"": 0.5}"
414,2,valence,elastic_net,0.545454545455,0.5134827498356513,0.03197179561934871,"{""model__alpha"": 0.01, ""model__l1_ratio"": 0.5}"
415,2,valence,elastic_net,0.5227272727269999,0.5725578579343132,0.049830585207313316,"{""model__alpha"": 0.01, ""model__l1_ratio"": 0.5}"
427,2,valence,elastic_net,0.7,0.6335390084808121,0.06646099151918783,"{""model__alpha"": 0.01, ""model__l1_ratio"": 0.5}"
443,2,valence,elastic_net,0.675,0.7400371694266149,0.06503716942661486,"{""model__alpha"": 0.01, ""model__l1_ratio"": 0.5}"
449,2,valence,elastic_net,0.7375,0.7424196958106889,0.004919695810688851,"{""model__alpha"": 0.01, ""model__l1_ratio"": 0.5}"
452,2,valence,elastic_net,0.7375,0.5301074105211464,0.20739258947885364,"{""model__alpha"": 0.01, ""model__l1_ratio"": 0.5}"
454,2,valence,elastic_net,0.8125,0.733109655744274,0.079390344255726,"{""model__alpha"": 0.01, ""model__l1_ratio"": 0.5}"
462,2,valence,elastic_net,0.65,0.5465238401823327,0.10347615981766733,"{""model__alpha"": 0.01, ""model__l1_ratio"": 0.5}"
463,2,valence,elastic_net,0.5625,0.564139909281809,0.0016399092818090155,"{""model__alpha"": 0.01, ""model__l1_ratio"": 0.5}"
472,2,valence,elastic_net,0.6625,0.6485449323431249,0.013955067656875042,"{""model__alpha"": 0.01, ""model__l1_ratio"": 0.5}"
479,2,valence,elastic_net,0.3875,0.5880253223864975,0.2005253223864975,"{""model__alpha"": 0.01, ""model__l1_ratio"": 0.5}"
483,2,valence,elastic_net,0.5125,0.49541944450437536,0.017080555495624594,"{""model__alpha"": 0.01, ""model__l1_ratio"": 0.5}"
495,2,valence,elastic_net,0.475,0.574848100415666,0.09984810041566605,"{""model__alpha"": 0.01, ""model__l1_ratio"": 0.5}"
501,2,valence,elastic_net,0.8125,0.6528131391172338,0.15968686088276618,"{""model__alpha"": 0.01, ""model__l1_ratio"": 0.5}"
504,2,valence,elastic_net,0.675,0.5917896219995434,0.08321037800045661,"{""model__alpha"": 0.01, ""model__l1_ratio"": 0.5}"
516,2,valence,elastic_net,0.4625,0.5267496735869135,0.06424967358691347,"{""model__alpha"": 0.01, ""model__l1_ratio"": 0.5}"
526,2,valence,elastic_net,0.525,0.3267785426169941,0.1982214573830059,"{""model__alpha"": 0.01, ""model__l1_ratio"": 0.5}"
531,2,valence,elastic_net,0.3,0.47326646908594827,0.17326646908594828,"{""model__alpha"": 0.01, ""model__l1_ratio"": 0.5}"
535,2,valence,elastic_net,0.7875,0.7284496990107876,0.05905030098921238,"{""model__alpha"": 0.01, ""model__l1_ratio"": 0.5}"
551,2,valence,elastic_net,0.375,0.4168272929902056,0.0418272929902056,"{""model__alpha"": 0.01, ""model__l1_ratio"": 0.5}"
552,2,valence,elastic_net,0.8125,0.6387019559357465,0.17379804406425348,"{""model__alpha"": 0.01, ""model__l1_ratio"": 0.5}"
554,2,valence,elastic_net,0.65,0.6240608081984359,0.02593919180156412,"{""model__alpha"": 0.01, ""model__l1_ratio"": 0.5}"
558,2,valence,elastic_net,0.5125,0.5833676289514846,0.07086762895148468,"{""model__alpha"": 0.01, ""model__l1_ratio"": 0.5}"
570,2,valence,elastic_net,0.5375,0.5575150025481552,0.020015002548155247,"{""model__alpha"": 0.01, ""model__l1_ratio"": 0.5}"
577,2,valence,elastic_net,0.575,0.6580426722206449,0.08304267222064499,"{""model__alpha"": 0.01, ""model__l1_ratio"": 0.5}"
580,2,valence,elastic_net,0.7875,0.7615433643304235,0.02595663566957651,"{""model__alpha"": 0.01, ""model__l1_ratio"": 0.5}"
582,2,valence,elastic_net,0.5,0.6143563764958061,0.1143563764958061,"{""model__alpha"": 0.01, ""model__l1_ratio"": 0.5}"
589,2,valence,elastic_net,0.4875,0.4295180920596554,0.05798190794034458,"{""model__alpha"": 0.01, ""model__l1_ratio"": 0.5}"
592,2,valence,elastic_net,0.4125,0.5334401511697022,0.12094015116970225,"{""model__alpha"": 0.01, ""model__l1_ratio"": 0.5}"
606,2,valence,elastic_net,0.8,0.7725278291774784,0.027472170822521624,"{""model__alpha"": 0.01, ""model__l1_ratio"": 0.5}"
608,2,valence,elastic_net,0.5625,0.5643278238061259,0.0018278238061258945,"{""model__alpha"": 0.01, ""model__l1_ratio"": 0.5}"
621,2,valence,elastic_net,0.55,0.5173263111215545,0.03267368887844557,"{""model__alpha"": 0.01, ""model__l1_ratio"": 0.5}"
622,2,valence,elastic_net,0.675,0.6485465466222909,0.026453453377709102,"{""model__alpha"": 0.01, ""model__l1_ratio"": 0.5}"
625,2,valence,elastic_net,0.65,0.7585940199625206,0.1085940199625206,"{""model__alpha"": 0.01, ""model__l1_ratio"": 0.5}"
628,2,valence,elastic_net,0.625,0.6837105293345229,0.05871052933452292,"{""model__alpha"": 0.01, ""model__l1_ratio"": 0.5}"
630,2,valence,elastic_net,0.775,0.5983095768085079,0.17669042319149209,"{""model__alpha"": 0.01, ""model__l1_ratio"": 0.5}"
643,2,valence,elastic_net,0.5875,0.49564398890552475,0.09185601109447528,"{""model__alpha"": 0.01, ""model__l1_ratio"": 0.5}"
645,2,valence,elastic_net,0.6125,0.5784461016576613,0.03405389834233874,"{""model__alpha"": 0.01, ""model__l1_ratio"": 0.5}"
647,2,valence,elastic_net,0.6125,0.5672595782315442,0.045240421768455885,"{""model__alpha"": 0.01, ""model__l1_ratio"": 0.5}"
656,2,valence,elastic_net,0.4125,0.5242440460472945,0.11174404604729449,"{""model__alpha"": 0.01, ""model__l1_ratio"": 0.5}"
665,2,valence,elastic_net,0.75,0.6512449241176987,0.09875507588230126,"{""model__alpha"": 0.01, ""model__l1_ratio"": 0.5}"
676,2,valence,elastic_net,0.475,0.5762979069559002,0.10129790695590024,"{""model__alpha"": 0.01, ""model__l1_ratio"": 0.5}"
681,2,valence,elastic_net,0.7,0.6941874119298046,0.005812588070195357,"{""model__alpha"": 0.01, ""model__l1_ratio"": 0.5}"
682,2,valence,elastic_net,0.6125,0.7506375178317501,0.1381375178317501,"{""model__alpha"": 0.01, ""model__l1_ratio"": 0.5}"
697,2,valence,elastic_net,0.4875,0.5200267504013882,0.03252675040138825,"{""model__alpha"": 0.01, ""model__l1_ratio"": 0.5}"
705,2,valence,elastic_net,0.4375,0.449410588893349,0.011910588893349006,"{""model__alpha"": 0.01, ""model__l1_ratio"": 0.5}"
711,2,valence,elastic_net,0.675,0.5388767434886247,0.13612325651137536,"{""model__alpha"": 0.01, ""model__l1_ratio"": 0.5}"
717,2,valence,elastic_net,0.6875,0.5890832110331311,0.0984167889668689,"{""model__alpha"": 0.01, ""model__l1_ratio"": 0.5}"
728,2,valence,elastic_net,0.275,0.4912492230788046,0.21624922307880456,"{""model__alpha"": 0.01, ""model__l1_ratio"": 0.5}"
748,2,valence,elastic_net,0.4625,0.397095819773458,0.06540418022654204,"{""model__alpha"": 0.01, ""model__l1_ratio"": 0.5}"
755,2,valence,elastic_net,0.625,0.5398632025989707,0.08513679740102931,"{""model__alpha"": 0.01, ""model__l1_ratio"": 0.5}"
759,2,valence,elastic_net,0.8375,0.5357699648016825,0.30173003519831754,"{""model__alpha"": 0.01, ""model__l1_ratio"": 0.5}"
761,2,valence,elastic_net,0.7875,0.5590605602295251,0.22843943977047487,"{""model__alpha"": 0.01, ""model__l1_ratio"": 0.5}"
765,2,valence,elastic_net,0.7625,0.6475782097236737,0.11492179027632621,"{""model__alpha"": 0.01, ""model__l1_ratio"": 0.5}"
767,2,valence,elastic_net,0.5125,0.5386381151419246,0.026138115141924656,"{""model__alpha"": 0.01, ""model__l1_ratio"": 0.5}"
777,2,valence,elastic_net,0.475,0.6170009285082716,0.14200092850827162,"{""model__alpha"": 0.01, ""model__l1_ratio"": 0.5}"
804,2,valence,elastic_net,0.65,0.739927837408239,0.08992783740823895,"{""model__alpha"": 0.01, ""model__l1_ratio"": 0.5}"
814,2,valence,elastic_net,0.7375,0.6149721825744665,0.12252781742553354,"{""model__alpha"": 0.01, ""model__l1_ratio"": 0.5}"
823,2,valence,elastic_net,0.6625,0.6116383437026646,0.05086165629733541,"{""model__alpha"": 0.01, ""model__l1_ratio"": 0.5}"
844,2,valence,elastic_net,0.75,0.695880597102746,0.05411940289725403,"{""model__alpha"": 0.01, ""model__l1_ratio"": 0.5}"
846,2,valence,elastic_net,0.5375,0.671553894893855,0.134053894893855,"{""model__alpha"": 0.01, ""model__l1_ratio"": 0.5}"
855,2,valence,elastic_net,0.775,0.6919612876958503,0.08303871230414972,"{""model__alpha"": 0.01, ""model__l1_ratio"": 0.5}"
882,2,valence,elastic_net,0.6,0.794429098825392,0.19442909882539205,"{""model__alpha"": 0.01, ""model__l1_ratio"": 0.5}"
884,2,valence,elastic_net,0.7625,0.6062476550919514,0.1562523449080485,"{""model__alpha"": 0.01, ""model__l1_ratio"": 0.5}"
889,2,valence,elastic_net,0.75,0.7645670635874446,0.01456706358744464,"{""model__alpha"": 0.01, ""model__l1_ratio"": 0.5}"
894,2,valence,elastic_net,0.375,0.419340641788537,0.04434064178853703,"{""model__alpha"": 0.01, ""model__l1_ratio"": 0.5}"
900,2,valence,elastic_net,0.5375,0.6179384851285027,0.08043848512850271,"{""model__alpha"": 0.01, ""model__l1_ratio"": 0.5}"
907,2,valence,elastic_net,0.5625,0.5060469015016218,0.05645309849837821,"{""model__alpha"": 0.01, ""model__l1_ratio"": 0.5}"
915,2,valence,elastic_net,0.575,0.5959106654260545,0.020910665426054575,"{""model__alpha"": 0.01, ""model__l1_ratio"": 0.5}"
916,2,valence,elastic_net,0.3375,0.4955655723027995,0.1580655723027995,"{""model__alpha"": 0.01, ""model__l1_ratio"": 0.5}"
922,2,valence,elastic_net,0.7375,0.7161519524576925,0.02134804754230757,"{""model__alpha"": 0.01, ""model__l1_ratio"": 0.5}"
931,2,valence,elastic_net,0.5,0.49270491106252357,0.007295088937476435,"{""model__alpha"": 0.01, ""model__l1_ratio"": 0.5}"
934,2,valence,elastic_net,0.3875,0.5837691547081537,0.1962691547081537,"{""model__alpha"": 0.01, ""model__l1_ratio"": 0.5}"
936,2,valence,elastic_net,0.45,0.37792939118088437,0.07207060881911564,"{""model__alpha"": 0.01, ""model__l1_ratio"": 0.5}"
951,2,valence,elastic_net,0.75,0.6263591926308859,0.12364080736911409,"{""model__alpha"": 0.01, ""model__l1_ratio"": 0.5}"
967,2,valence,elastic_net,0.5125,0.514075442725197,0.0015754427251970515,"{""model__alpha"": 0.01, ""model__l1_ratio"": 0.5}"
973,2,valence,elastic_net,0.6,0.5026465893734906,0.09735341062650937,"{""model__alpha"": 0.01, ""model__l1_ratio"": 0.5}"
979,2,valence,elastic_net,0.5125,0.45049128286111895,0.06200871713888101,"{""model__alpha"": 0.01, ""model__l1_ratio"": 0.5}"
985,2,valence,elastic_net,0.7,0.6786467350364446,0.021353264963555385,"{""model__alpha"": 0.01, ""model__l1_ratio"": 0.5}"
992,2,valence,elastic_net,0.3625,0.5180890308304568,0.15558903083045678,"{""model__alpha"": 0.01, ""model__l1_ratio"": 0.5}"
993,2,valence,elastic_net,0.7625,0.6541987067281607,0.10830129327183924,"{""model__alpha"": 0.01, ""model__l1_ratio"": 0.5}"
997,2,valence,elastic_net,0.6625,0.7015090650559062,0.03900906505590618,"{""model__alpha"": 0.01, ""model__l1_ratio"": 0.5}"
999,2,valence,elastic_net,0.775,0.7590837450336333,0.015916254966366727,"{""model__alpha"": 0.01, ""model__l1_ratio"": 0.5}"
7,3,valence,elastic_net,0.725,0.7196613270631134,0.005338672936886613,"{""model__alpha"": 0.01, ""model__l1_ratio"": 0.1}"
13,3,valence,elastic_net,0.5875,0.6838667414468753,0.09636674144687529,"{""model__alpha"": 0.01, ""model__l1_ratio"": 0.1}"
14,3,valence,elastic_net,0.575,0.5952257158276244,0.020225715827624446,"{""model__alpha"": 0.01, ""model__l1_ratio"": 0.1}"
17,3,valence,elastic_net,0.675,0.6646605370038756,0.010339462996124427,"{""model__alpha"": 0.01, ""model__l1_ratio"": 0.1}"
31,3,valence,elastic_net,0.4375,0.6048313939500878,0.16733139395008778,"{""model__alpha"": 0.01, ""model__l1_ratio"": 0.1}"
57,3,valence,elastic_net,0.3625,0.38057821731091374,0.018078217310913747,"{""model__alpha"": 0.01, ""model__l1_ratio"": 0.1}"
76,3,valence,elastic_net,0.65,0.6126768670836276,0.03732313291637246,"{""model__alpha"": 0.01, ""model__l1_ratio"": 0.1}"
79,3,valence,elastic_net,0.625,0.6964809368300857,0.07148093683008572,"{""model__alpha"": 0.01, ""model__l1_ratio"": 0.1}"
83,3,valence,elastic_net,0.725,0.7178317337221424,0.0071682662778576045,"{""model__alpha"": 0.01, ""model__l1_ratio"": 0.1}"
98,3,valence,elastic_net,0.65,0.6813975173429513,0.031397517342951264,"{""model__alpha"": 0.01, ""model__l1_ratio"": 0.1}"
105,3,valence,elastic_net,0.3875,0.4102500246368045,0.022750024636804478,"{""model__alpha"": 0.01, ""model__l1_ratio"": 0.1}"
114,3,valence,elastic_net,0.7375,0.5997946253509476,0.13770537464905241,"{""model__alpha"": 0.01, ""model__l1_ratio"": 0.1}"
115,3,valence,elastic_net,0.8,0.7320874422465371,0.06791255775346294,"{""model__alpha"": 0.01, ""model__l1_ratio"": 0.1}"
132,3,valence,elastic_net,0.7125,0.6774010856539735,0.03509891434602652,"{""model__alpha"": 0.01, ""model__l1_ratio"": 0.1}"
135,3,valence,elastic_net,0.4,0.6040224966613749,0.20402249666137484,"{""model__alpha"": 0.01, ""model__l1_ratio"": 0.1}"
138,3,valence,elastic_net,0.5875,0.6245012006941172,0.037001200694117165,"{""model__alpha"": 0.01, ""model__l1_ratio"": 0.1}"
148,3,valence,elastic_net,0.5,0.4985044107149905,0.0014955892850094799,"{""model__alpha"": 0.01, ""model__l1_ratio"": 0.1}"
150,3,valence,elastic_net,0.725,0.5963093993244364,0.1286906006755636,"{""model__alpha"": 0.01, ""model__l1_ratio"": 0.1}"
151,3,valence,elastic_net,0.6125,0.5582027954590505,0.05429720454094955,"{""model__alpha"": 0.01, ""model__l1_ratio"": 0.1}"
158,3,valence,elastic_net,0.7875,0.7479690461715702,0.03953095382842975,"{""model__alpha"": 0.01, ""model__l1_ratio"": 0.1}"
168,3,valence,elastic_net,0.625,0.5843854965714594,0.04061450342854056,"{""model__alpha"": 0.01, ""model__l1_ratio"": 0.1}"
169,3,valence,elastic_net,0.6,0.6838079707334794,0.08380797073347945,"{""model__alpha"": 0.01, ""model__l1_ratio"": 0.1}"
175,3,valence,elastic_net,0.45,0.4511696545074137,0.0011696545074136866,"{""model__alpha"": 0.01, ""model__l1_ratio"": 0.1}"
203,3,valence,elastic_net,0.6875,0.7122392648332432,0.02473926483324318,"{""model__alpha"": 0.01, ""model__l1_ratio"": 0.1}"
209,3,valence,elastic_net,0.775,0.6978624506742612,0.0771375493257388,"{""model__alpha"": 0.01, ""model__l1_ratio"": 0.1}"
212,3,valence,elastic_net,0.6,0.6855203219998247,0.08552032199982473,"{""model__alpha"": 0.01, ""model__l1_ratio"": 0.1}"
213,3,valence,elastic_net,0.3625,0.4543787861042932,0.09187878610429323,"{""model__alpha"": 0.01, ""model__l1_ratio"": 0.1}"
216,3,valence,elastic_net,0.6625,0.6858509735239846,0.02335097352398463,"{""model__alpha"": 0.01, ""model__l1_ratio"": 0.1}"
221,3,valence,elastic_net,0.7,0.735304467144742,0.035304467144742,"{""model__alpha"": 0.01, ""model__l1_ratio"": 0.1}"
224,3,valence,elastic_net,0.5,0.3400725355479364,0.15992746445206357,"{""model__alpha"": 0.01, ""model__l1_ratio"": 0.1}"
225,3,valence,elastic_net,0.525,0.5573607013458639,0.032360701345863885,"{""model__alpha"": 0.01, ""model__l1_ratio"": 0.1}"
227,3,valence,elastic_net,0.425,0.405859897137654,0.019140102862345965,"{""model__alpha"": 0.01, ""model__l1_ratio"": 0.1}"
232,3,valence,elastic_net,0.475,0.5119187717857778,0.03691877178577785,"{""model__alpha"": 0.01, ""model__l1_ratio"": 0.1}"
241,3,valence,elastic_net,0.5625,0.5016350380169622,0.06086496198303781,"{""model__alpha"": 0.01, ""model__l1_ratio"": 0.1}"
282,3,valence,elastic_net,0.525,0.49537295293522227,0.029627047064777756,"{""model__alpha"": 0.01, ""model__l1_ratio"": 0.1}"
287,3,valence,elastic_net,0.6875,0.5105358600117016,0.1769641399882984,"{""model__alpha"": 0.01, ""model__l1_ratio"": 0.1}"
293,3,valence,elastic_net,0.6375,0.7030063334209876,0.06550633342098766,"{""model__alpha"": 0.01, ""model__l1_ratio"": 0.1}"
297,3,valence,elastic_net,0.7,0.6188207868844015,0.0811792131155985,"{""model__alpha"": 0.01, ""model__l1_ratio"": 0.1}"
302,3,valence,elastic_net,0.575,0.7172964683882838,0.1422964683882838,"{""model__alpha"": 0.01, ""model__l1_ratio"": 0.1}"
305,3,valence,elastic_net,0.75,0.6186142100933654,0.13138578990663463,"{""model__alpha"": 0.01, ""model__l1_ratio"": 0.1}"
313,3,valence,elastic_net,0.6625,0.6374079766471747,0.025092023352825232,"{""model__alpha"": 0.01, ""model__l1_ratio"": 0.1}"
325,3,valence,elastic_net,0.6125,0.5765665230075212,0.03593347699247884,"{""model__alpha"": 0.01, ""model__l1_ratio"": 0.1}"
336,3,valence,elastic_net,0.725,0.7526674492402661,0.027667449240266095,"{""model__alpha"": 0.01, ""model__l1_ratio"": 0.1}"
351,3,valence,elastic_net,0.55,0.5745189836719431,0.02451898367194305,"{""model__alpha"": 0.01, ""model__l1_ratio"": 0.1}"
360,3,valence,elastic_net,0.55,0.5913445850791509,0.04134458507915084,"{""model__alpha"": 0.01, ""model__l1_ratio"": 0.1}"
364,3,valence,elastic_net,0.4,0.43715762918789536,0.037157629187895336,"{""model__alpha"": 0.01, ""model__l1_ratio"": 0.1}"
366,3,valence,elastic_net,0.2875,0.39282867368348384,0.10532867368348386,"{""model__alpha"": 0.01, ""model__l1_ratio"": 0.1}"
382,3,valence,elastic_net,0.863636363636,0.6918496624876989,0.1717867011483012,"{""model__alpha"": 0.01, ""model__l1_ratio"": 0.1}"
394,3,valence,elastic_net,0.675,0.5560225915721044,0.11897740842789561,"{""model__alpha"": 0.01, ""model__l1_ratio"": 0.1}"
398,3,valence,elastic_net,0.4375,0.34464973257212367,0.09285026742787633,"{""model__alpha"": 0.01, ""model__l1_ratio"": 0.1}"
401,3,valence,elastic_net,0.25,0.24218390668209727,0.007816093317902728,"{""model__alpha"": 0.01, ""model__l1_ratio"": 0.1}"
402,3,valence,elastic_net,0.6875,0.7273158360094993,0.03981583600949934,"{""model__alpha"": 0.01, ""model__l1_ratio"": 0.1}"
410,3,valence,elastic_net,0.45,0.6201485541302929,0.1701485541302929,"{""model__alpha"": 0.01, ""model__l1_ratio"": 0.1}"
417,3,valence,elastic_net,0.775,0.8088804000023984,0.033880400002398336,"{""model__alpha"": 0.01, ""model__l1_ratio"": 0.1}"
421,3,valence,elastic_net,0.725,0.6650216779096627,0.059978322090337266,"{""model__alpha"": 0.01, ""model__l1_ratio"": 0.1}"
424,3,valence,elastic_net,0.65,0.5835481369295037,0.06645186307049633,"{""model__alpha"": 0.01, ""model__l1_ratio"": 0.1}"
429,3,valence,elastic_net,0.4,0.45232693723191,0.052326937231909953,"{""model__alpha"": 0.01, ""model__l1_ratio"": 0.1}"
431,3,valence,elastic_net,0.6375,0.36647421580156464,0.2710257841984353,"{""model__alpha"": 0.01, ""model__l1_ratio"": 0.1}"
437,3,valence,elastic_net,0.375,0.44014596919101345,0.06514596919101345,"{""model__alpha"": 0.01, ""model__l1_ratio"": 0.1}"
440,3,valence,elastic_net,0.2875,0.4982847234112766,0.21078472341127663,"{""model__alpha"": 0.01, ""model__l1_ratio"": 0.1}"
445,3,valence,elastic_net,0.4625,0.596538288914851,0.13403828891485092,"{""model__alpha"": 0.01, ""model__l1_ratio"": 0.1}"
446,3,valence,elastic_net,0.4875,0.5864598685430347,0.09895986854303468,"{""model__alpha"": 0.01, ""model__l1_ratio"": 0.1}"
447,3,valence,elastic_net,0.6,0.6022567642952581,0.002256764295258118,"{""model__alpha"": 0.01, ""model__l1_ratio"": 0.1}"
448,3,valence,elastic_net,0.7375,0.8090260922113772,0.07152609221137718,"{""model__alpha"": 0.01, ""model__l1_ratio"": 0.1}"
450,3,valence,elastic_net,0.7625,0.7253017066295541,0.03719829337044589,"{""model__alpha"": 0.01, ""model__l1_ratio"": 0.1}"
451,3,valence,elastic_net,0.8375,0.7177179944155759,0.11978200558442409,"{""model__alpha"": 0.01, ""model__l1_ratio"": 0.1}"
456,3,valence,elastic_net,0.525,0.6758597650042201,0.15085976500422005,"{""model__alpha"": 0.01, ""model__l1_ratio"": 0.1}"
482,3,valence,elastic_net,0.568181818182,0.6477038954400652,0.07952207725806526,"{""model__alpha"": 0.01, ""model__l1_ratio"": 0.1}"
485,3,valence,elastic_net,0.7,0.6865872044490012,0.013412795550998724,"{""model__alpha"": 0.01, ""model__l1_ratio"": 0.1}"
488,3,valence,elastic_net,0.6,0.6230321538314835,0.023032153831483493,"{""model__alpha"": 0.01, ""model__l1_ratio"": 0.1}"
494,3,valence,elastic_net,0.4625,0.5583036039009933,0.0958036039009933,"{""model__alpha"": 0.01, ""model__l1_ratio"": 0.1}"
510,3,valence,elastic_net,0.825,0.7923839116729996,0.03261608832700036,"{""model__alpha"": 0.01, ""model__l1_ratio"": 0.1}"
511,3,valence,elastic_net,0.7375,0.6937819041502118,0.04371809584978825,"{""model__alpha"": 0.01, ""model__l1_ratio"": 0.1}"
520,3,valence,elastic_net,0.15,0.4818596199843771,0.3318596199843771,"{""model__alpha"": 0.01, ""model__l1_ratio"": 0.1}"
523,3,valence,elastic_net,0.3375,0.4632997689267758,0.1257997689267758,"{""model__alpha"": 0.01, ""model__l1_ratio"": 0.1}"
565,3,valence,elastic_net,0.6375,0.6858276674124602,0.048327667412460196,"{""model__alpha"": 0.01, ""model__l1_ratio"": 0.1}"
568,3,valence,elastic_net,0.825,0.8149277591595915,0.010072240840408475,"{""model__alpha"": 0.01, ""model__l1_ratio"": 0.1}"
579,3,valence,elastic_net,0.225,0.5229195214453563,0.2979195214453563,"{""model__alpha"": 0.01, ""model__l1_ratio"": 0.1}"
583,3,valence,elastic_net,0.5,0.5078611713528328,0.007861171352832819,"{""model__alpha"": 0.01, ""model__l1_ratio"": 0.1}"
585,3,valence,elastic_net,0.4625,0.48726876970264477,0.024768769702644744,"{""model__alpha"": 0.01, ""model__l1_ratio"": 0.1}"
587,3,valence,elastic_net,0.6,0.582751623471909,0.01724837652809097,"{""model__alpha"": 0.01, ""model__l1_ratio"": 0.1}"
590,3,valence,elastic_net,0.3625,0.4609590438776113,0.09845904387761129,"{""model__alpha"": 0.01, ""model__l1_ratio"": 0.1}"
597,3,valence,elastic_net,0.7,0.7412422099486832,0.04124220994868322,"{""model__alpha"": 0.01, ""model__l1_ratio"": 0.1}"
605,3,valence,elastic_net,0.875,0.7832156819507485,0.09178431804925147,"{""model__alpha"": 0.01, ""model__l1_ratio"": 0.1}"
609,3,valence,elastic_net,0.5125,0.5940816475531134,0.08158164755311348,"{""model__alpha"": 0.01, ""model__l1_ratio"": 0.1}"
612,3,valence,elastic_net,0.375,0.453116208324685,0.07811620832468502,"{""model__alpha"": 0.01, ""model__l1_ratio"": 0.1}"
624,3,valence,elastic_net,0.55,0.6443493979904505,0.0943493979904505,"{""model__alpha"": 0.01, ""model__l1_ratio"": 0.1}"
626,3,valence,elastic_net,0.775,0.7938116105362677,0.018811610536267676,"{""model__alpha"": 0.01, ""model__l1_ratio"": 0.1}"
627,3,valence,elastic_net,0.675,0.723358943441436,0.048358943441435986,"{""model__alpha"": 0.01, ""model__l1_ratio"": 0.1}"
631,3,valence,elastic_net,0.5625,0.6371872546725061,0.07468725467250614,"{""model__alpha"": 0.01, ""model__l1_ratio"": 0.1}"
636,3,valence,elastic_net,0.75,0.679970710888648,0.07002928911135198,"{""model__alpha"": 0.01, ""model__l1_ratio"": 0.1}"
653,3,valence,elastic_net,0.6625,0.7022067364791185,0.03970673647911849,"{""model__alpha"": 0.01, ""model__l1_ratio"": 0.1}"
654,3,valence,elastic_net,0.875,0.7414279808637487,0.13357201913625127,"{""model__alpha"": 0.01, ""model__l1_ratio"": 0.1}"
660,3,valence,elastic_net,0.825,0.5530729134502866,0.2719270865497133,"{""model__alpha"": 0.01, ""model__l1_ratio"": 0.1}"
668,3,valence,elastic_net,0.65,0.6723415644916065,0.022341564491606514,"{""model__alpha"": 0.01, ""model__l1_ratio"": 0.1}"
670,3,valence,elastic_net,0.425,0.48091616787778496,0.05591616787778497,"{""model__alpha"": 0.01, ""model__l1_ratio"": 0.1}"
672,3,valence,elastic_net,0.4625,0.4567907419198284,0.005709258080171642,"{""model__alpha"": 0.01, ""model__l1_ratio"": 0.1}"
677,3,valence,elastic_net,0.3625,0.5416331212489018,0.17913312124890185,"{""model__alpha"": 0.01, ""model__l1_ratio"": 0.1}"
679,3,valence,elastic_net,0.6,0.5646496588853913,0.03535034111460866,"{""model__alpha"": 0.01, ""model__l1_ratio"": 0.1}"
688,3,valence,elastic_net,0.4625,0.4365957011859625,0.025904298814037496,"{""model__alpha"": 0.01, ""model__l1_ratio"": 0.1}"
689,3,valence,elastic_net,0.35,0.6540174893987414,0.3040174893987414,"{""model__alpha"": 0.01, ""model__l1_ratio"": 0.1}"
700,3,valence,elastic_net,0.475,0.5374017021149834,0.062401702114983415,"{""model__alpha"": 0.01, ""model__l1_ratio"": 0.1}"
704,3,valence,elastic_net,0.7,0.5310059926606134,0.16899400733938652,"{""model__alpha"": 0.01, ""model__l1_ratio"": 0.1}"
706,3,valence,elastic_net,0.6125,0.5979117625846384,0.014588237415361638,"{""model__alpha"": 0.01, ""model__l1_ratio"": 0.1}"
713,3,valence,elastic_net,0.7375,0.7254869630901549,0.01201303690984512,"{""model__alpha"": 0.01, ""model__l1_ratio"": 0.1}"
715,3,valence,elastic_net,0.525,0.663543573887557,0.138543573887557,"{""model__alpha"": 0.01, ""model__l1_ratio"": 0.1}"
727,3,valence,elastic_net,0.475,0.4276862856252788,0.047313714374721205,"{""model__alpha"": 0.01, ""model__l1_ratio"": 0.1}"
732,3,valence,elastic_net,0.6125,0.6335098583034565,0.021009858303456475,"{""model__alpha"": 0.01, ""model__l1_ratio"": 0.1}"
733,3,valence,elastic_net,0.6,0.542273970958826,0.057726029041173965,"{""model__alpha"": 0.01, ""model__l1_ratio"": 0.1}"
736,3,valence,elastic_net,0.4125,0.5475723164111735,0.13507231641117357,"{""model__alpha"": 0.01, ""model__l1_ratio"": 0.1}"
741,3,valence,elastic_net,0.425,0.5941346078591822,0.16913460785918216,"{""model__alpha"": 0.01, ""model__l1_ratio"": 0.1}"
745,3,valence,elastic_net,0.6125,0.5741202586237635,0.038379741376236565,"{""model__alpha"": 0.01, ""model__l1_ratio"": 0.1}"
747,3,valence,elastic_net,0.775,0.6827082873959428,0.09229171260405722,"{""model__alpha"": 0.01, ""model__l1_ratio"": 0.1}"
752,3,valence,elastic_net,0.7875,0.5915374829924872,0.19596251700751277,"{""model__alpha"": 0.01, ""model__l1_ratio"": 0.1}"
753,3,valence,elastic_net,0.625,0.6656259480805926,0.04062594808059261,"{""model__alpha"": 0.01, ""model__l1_ratio"": 0.1}"
754,3,valence,elastic_net,0.8,0.6655969581185784,0.1344030418814216,"{""model__alpha"": 0.01, ""model__l1_ratio"": 0.1}"
770,3,valence,elastic_net,0.6125,0.6519744623230368,0.03947446232303675,"{""model__alpha"": 0.01, ""model__l1_ratio"": 0.1}"
779,3,valence,elastic_net,0.4125,0.6398813369682383,0.22738133696823837,"{""model__alpha"": 0.01, ""model__l1_ratio"": 0.1}"
783,3,valence,elastic_net,0.45,0.48440563807697234,0.034405638076972334,"{""model__alpha"": 0.01, ""model__l1_ratio"": 0.1}"
790,3,valence,elastic_net,0.725,0.6942255011572442,0.030774498842755738,"{""model__alpha"": 0.01, ""model__l1_ratio"": 0.1}"
792,3,valence,elastic_net,0.625,0.7073248326223819,0.08232483262238188,"{""model__alpha"": 0.01, ""model__l1_ratio"": 0.1}"
793,3,valence,elastic_net,0.6375,0.6616153950438607,0.024115395043860732,"{""model__alpha"": 0.01, ""model__l1_ratio"": 0.1}"
803,3,valence,elastic_net,0.75,0.6247409468142733,0.12525905318572672,"{""model__alpha"": 0.01, ""model__l1_ratio"": 0.1}"
807,3,valence,elastic_net,0.3625,0.35268496273484395,0.009815037265156035,"{""model__alpha"": 0.01, ""model__l1_ratio"": 0.1}"
808,3,valence,elastic_net,0.25,0.4339748359476305,0.18397483594763048,"{""model__alpha"": 0.01, ""model__l1_ratio"": 0.1}"
816,3,valence,elastic_net,0.425,0.5380890536243238,0.11308905362432381,"{""model__alpha"": 0.01, ""model__l1_ratio"": 0.1}"
829,3,valence,elastic_net,0.8125,0.7454317091225723,0.06706829087742772,"{""model__alpha"": 0.01, ""model__l1_ratio"": 0.1}"
831,3,valence,elastic_net,0.9125,0.694980200872916,0.21751979912708397,"{""model__alpha"": 0.01, ""model__l1_ratio"": 0.1}"
839,3,valence,elastic_net,0.625,0.7035097607786325,0.07850976077863248,"{""model__alpha"": 0.01, ""model__l1_ratio"": 0.1}"
850,3,valence,elastic_net,0.6125,0.6120005295793151,0.0004994704206849887,"{""model__alpha"": 0.01, ""model__l1_ratio"": 0.1}"
851,3,valence,elastic_net,0.4125,0.6202271801297893,0.2077271801297893,"{""model__alpha"": 0.01, ""model__l1_ratio"": 0.1}"
857,3,valence,elastic_net,0.2125,0.6007276663145792,0.38822766631457917,"{""model__alpha"": 0.01, ""model__l1_ratio"": 0.1}"
863,3,valence,elastic_net,0.625,0.6387666216419312,0.01376662164193121,"{""model__alpha"": 0.01, ""model__l1_ratio"": 0.1}"
864,3,valence,elastic_net,0.409090909091,0.46065987540652437,0.05156896631552438,"{""model__alpha"": 0.01, ""model__l1_ratio"": 0.1}"
871,3,valence,elastic_net,0.65,0.6214316829858979,0.028568317014102118,"{""model__alpha"": 0.01, ""model__l1_ratio"": 0.1}"
886,3,valence,elastic_net,0.725,0.6403142889073665,0.08468571109263345,"{""model__alpha"": 0.01, ""model__l1_ratio"": 0.1}"
888,3,valence,elastic_net,0.675,0.5883206549772794,0.08667934502272068,"{""model__alpha"": 0.01, ""model__l1_ratio"": 0.1}"
897,3,valence,elastic_net,0.5625,0.46021792713783194,0.10228207286216806,"{""model__alpha"": 0.01, ""model__l1_ratio"": 0.1}"
904,3,valence,elastic_net,0.5625,0.5935910675987636,0.031091067598763567,"{""model__alpha"": 0.01, ""model__l1_ratio"": 0.1}"
905,3,valence,elastic_net,0.575,0.4868492013801461,0.08815079861985387,"{""model__alpha"": 0.01, ""model__l1_ratio"": 0.1}"
911,3,valence,elastic_net,0.3875,0.4195944417368857,0.03209444173688569,"{""model__alpha"": 0.01, ""model__l1_ratio"": 0.1}"
919,3,valence,elastic_net,0.7375,0.6552975439054396,0.08220245609456045,"{""model__alpha"": 0.01, ""model__l1_ratio"": 0.1}"
926,3,valence,elastic_net,0.4875,0.46205226746051087,0.02544773253948912,"{""model__alpha"": 0.01, ""model__l1_ratio"": 0.1}"
937,3,valence,elastic_net,0.5875,0.6520168628619213,0.06451686286192126,"{""model__alpha"": 0.01, ""model__l1_ratio"": 0.1}"
941,3,valence,elastic_net,0.3,0.4414735807118835,0.14147358071188348,"{""model__alpha"": 0.01, ""model__l1_ratio"": 0.1}"
943,3,valence,elastic_net,0.4875,0.42386847271579114,0.06363152728420884,"{""model__alpha"": 0.01, ""model__l1_ratio"": 0.1}"
945,3,valence,elastic_net,0.575,0.5901254648154283,0.015125464815428313,"{""model__alpha"": 0.01, ""model__l1_ratio"": 0.1}"
953,3,valence,elastic_net,0.55,0.44375936280587713,0.10624063719412291,"{""model__alpha"": 0.01, ""model__l1_ratio"": 0.1}"
964,3,valence,elastic_net,0.6,0.5051250380378061,0.09487496196219392,"{""model__alpha"": 0.01, ""model__l1_ratio"": 0.1}"
968,3,valence,elastic_net,0.4,0.5913987369705473,0.19139873697054732,"{""model__alpha"": 0.01, ""model__l1_ratio"": 0.1}"
971,3,valence,elastic_net,0.55,0.5497913528688213,0.00020864713117874079,"{""model__alpha"": 0.01, ""model__l1_ratio"": 0.1}"
974,3,valence,elastic_net,0.5875,0.613490621733402,0.025990621733401942,"{""model__alpha"": 0.01, ""model__l1_ratio"": 0.1}"
983,3,valence,elastic_net,0.5,0.7473683205789248,0.24736832057892477,"{""model__alpha"": 0.01, ""model__l1_ratio"": 0.1}"
21,4,valence,elastic_net,0.775,0.7383252753213688,0.0366747246786312,"{""model__alpha"": 0.01, ""model__l1_ratio"": 0.1}"
25,4,valence,elastic_net,0.784090909091,0.6667205808877567,0.11737032820324333,"{""model__alpha"": 0.01, ""model__l1_ratio"": 0.1}"
26,4,valence,elastic_net,0.7625,0.7069582247123058,0.055541775287694106,"{""model__alpha"": 0.01, ""model__l1_ratio"": 0.1}"
29,4,valence,elastic_net,0.675,0.6824903728813954,0.007490372881395313,"{""model__alpha"": 0.01, ""model__l1_ratio"": 0.1}"
32,4,valence,elastic_net,0.3875,0.4974945771890074,0.1099945771890074,"{""model__alpha"": 0.01, ""model__l1_ratio"": 0.1}"
34,4,valence,elastic_net,0.8375,0.6608326013623153,0.17666739863768477,"{""model__alpha"": 0.01, ""model__l1_ratio"": 0.1}"
35,4,valence,elastic_net,0.625,0.5086497772671741,0.11635022273282591,"{""model__alpha"": 0.01, ""model__l1_ratio"": 0.1}"
40,4,valence,elastic_net,0.6625,0.5672395654375197,0.09526043456248023,"{""model__alpha"": 0.01, ""model__l1_ratio"": 0.1}"
42,4,valence,elastic_net,0.6,0.6610898331497772,0.06108983314977723,"{""model__alpha"": 0.01, ""model__l1_ratio"": 0.1}"
48,4,valence,elastic_net,0.8375,0.7010436470509899,0.13645635294901015,"{""model__alpha"": 0.01, ""model__l1_ratio"": 0.1}"
54,4,valence,elastic_net,0.775,0.7114038049051005,0.06359619509489955,"{""model__alpha"": 0.01, ""model__l1_ratio"": 0.1}"
58,4,valence,elastic_net,0.25,0.4183316196030852,0.16833161960308518,"{""model__alpha"": 0.01, ""model__l1_ratio"": 0.1}"
59,4,valence,elastic_net,0.6,0.4757103647380576,0.12428963526194237,"{""model__alpha"": 0.01, ""model__l1_ratio"": 0.1}"
60,4,valence,elastic_net,0.409090909091,0.44230890118358,0.03321799209258003,"{""model__alpha"": 0.01, ""model__l1_ratio"": 0.1}"
71,4,valence,elastic_net,0.5875,0.7249316221917204,0.13743162219172034,"{""model__alpha"": 0.01, ""model__l1_ratio"": 0.1}"
80,4,valence,elastic_net,0.7625,0.7370188019109696,0.025481198089030377,"{""model__alpha"": 0.01, ""model__l1_ratio"": 0.1}"
81,4,valence,elastic_net,0.7,0.7049110322314213,0.004911032231421308,"{""model__alpha"": 0.01, ""model__l1_ratio"": 0.1}"
84,4,valence,elastic_net,0.8,0.6356858116675399,0.16431418833246014,"{""model__alpha"": 0.01, ""model__l1_ratio"": 0.1}"
86,4,valence,elastic_net,0.725,0.6255694136440046,0.09943058635599533,"{""model__alpha"": 0.01, ""model__l1_ratio"": 0.1}"
89,4,valence,elastic_net,0.75,0.6764743766571794,0.07352562334282065,"{""model__alpha"": 0.01, ""model__l1_ratio"": 0.1}"
91,4,valence,elastic_net,0.7375,0.76452289690207,0.027022896902069937,"{""model__alpha"": 0.01, ""model__l1_ratio"": 0.1}"
93,4,valence,elastic_net,0.65,0.545544205156466,0.10445579484353407,"{""model__alpha"": 0.01, ""model__l1_ratio"": 0.1}"
96,4,valence,elastic_net,0.825,0.7079219463414117,0.11707805365858825,"{""model__alpha"": 0.01, ""model__l1_ratio"": 0.1}"
103,4,valence,elastic_net,0.775,0.5244309627390265,0.25056903726097357,"{""model__alpha"": 0.01, ""model__l1_ratio"": 0.1}"
107,4,valence,elastic_net,0.6125,0.6195863347637812,0.007086334763781177,"{""model__alpha"": 0.01, ""model__l1_ratio"": 0.1}"
116,4,valence,elastic_net,0.7625,0.7102861207147858,0.05221387928521415,"{""model__alpha"": 0.01, ""model__l1_ratio"": 0.1}"
119,4,valence,elastic_net,0.6625,0.4660046033938425,0.1964953966061575,"{""model__alpha"": 0.01, ""model__l1_ratio"": 0.1}"
120,4,valence,elastic_net,0.7625,0.5457459038353127,0.21675409616468722,"{""model__alpha"": 0.01, ""model__l1_ratio"": 0.1}"
140,4,valence,elastic_net,0.65,0.643218282821674,0.0067817171783259855,"{""model__alpha"": 0.01, ""model__l1_ratio"": 0.1}"
144,4,valence,elastic_net,0.825,0.7890142307516652,0.03598576924833474,"{""model__alpha"": 0.01, ""model__l1_ratio"": 0.1}"
145,4,valence,elastic_net,0.75,0.7257234423882835,0.024276557611716543,"{""model__alpha"": 0.01, ""model__l1_ratio"": 0.1}"
159,4,valence,elastic_net,0.675,0.7326158342439817,0.057615834243981645,"{""model__alpha"": 0.01, ""model__l1_ratio"": 0.1}"
167,4,valence,elastic_net,0.775,0.7596658662422897,0.015334133757710311,"{""model__alpha"": 0.01, ""model__l1_ratio"": 0.1}"
171,4,valence,elastic_net,0.8125,0.8078167975452718,0.004683202454728197,"{""model__alpha"": 0.01, ""model__l1_ratio"": 0.1}"
188,4,valence,elastic_net,0.4,0.5216913745397613,0.12169137453976131,"{""model__alpha"": 0.01, ""model__l1_ratio"": 0.1}"
201,4,valence,elastic_net,0.6875,0.6777706301190337,0.009729369880966288,"{""model__alpha"": 0.01, ""model__l1_ratio"": 0.1}"
215,4,valence,elastic_net,0.5125,0.5368870593177478,0.024387059317747872,"{""model__alpha"": 0.01, ""model__l1_ratio"": 0.1}"
229,4,valence,elastic_net,0.4,0.4506822904615538,0.05068229046155376,"{""model__alpha"": 0.01, ""model__l1_ratio"": 0.1}"
235,4,valence,elastic_net,0.7,0.6191028484192964,0.08089715158070354,"{""model__alpha"": 0.01, ""model__l1_ratio"": 0.1}"
258,4,valence,elastic_net,0.475,0.40348183227361695,0.07151816772638303,"{""model__alpha"": 0.01, ""model__l1_ratio"": 0.1}"
260,4,valence,elastic_net,0.3,0.41420679602764826,0.11420679602764827,"{""model__alpha"": 0.01, ""model__l1_ratio"": 0.1}"
276,4,valence,elastic_net,0.5125,0.44516521434896683,0.06733478565103312,"{""model__alpha"": 0.01, ""model__l1_ratio"": 0.1}"
284,4,valence,elastic_net,0.4875,0.5300523775044388,0.0425523775044388,"{""model__alpha"": 0.01, ""model__l1_ratio"": 0.1}"
285,4,valence,elastic_net,0.525,0.4686818521786709,0.0563181478213291,"{""model__alpha"": 0.01, ""model__l1_ratio"": 0.1}"
300,4,valence,elastic_net,0.7625,0.697824754580959,0.0646752454190409,"{""model__alpha"": 0.01, ""model__l1_ratio"": 0.1}"
303,4,valence,elastic_net,0.6125,0.5505340801989953,0.06196591980100474,"{""model__alpha"": 0.01, ""model__l1_ratio"": 0.1}"
316,4,valence,elastic_net,0.8625,0.6186886766749912,0.24381132332500888,"{""model__alpha"": 0.01, ""model__l1_ratio"": 0.1}"
321,4,valence,elastic_net,0.4875,0.5820593717152981,0.0945593717152981,"{""model__alpha"": 0.01, ""model__l1_ratio"": 0.1}"
326,4,valence,elastic_net,0.7,0.6219944131028937,0.07800558689710624,"{""model__alpha"": 0.01, ""model__l1_ratio"": 0.1}"
331,4,valence,elastic_net,0.8,0.783818866981818,0.016181133018182026,"{""model__alpha"": 0.01, ""model__l1_ratio"": 0.1}"
337,4,valence,elastic_net,0.8125,0.7372737675027544,0.07522623249724558,"{""model__alpha"": 0.01, ""model__l1_ratio"": 0.1}"
339,4,valence,elastic_net,0.7875,0.6651263761950483,0.12237362380495165,"{""model__alpha"": 0.01, ""model__l1_ratio"": 0.1}"
348,4,valence,elastic_net,0.3,0.44727594501627016,0.14727594501627017,"{""model__alpha"": 0.01, ""model__l1_ratio"": 0.1}"
350,4,valence,elastic_net,0.375,0.41035449154477577,0.03535449154477577,"{""model__alpha"": 0.01, ""model__l1_ratio"": 0.1}"
354,4,valence,elastic_net,0.5125,0.4044784689722378,0.10802153102776213,"{""model__alpha"": 0.01, ""model__l1_ratio"": 0.1}"
355,4,valence,elastic_net,0.325,0.4971575058648,0.1721575058648,"{""model__alpha"": 0.01, ""model__l1_ratio"": 0.1}"
358,4,valence,elastic_net,0.6875,0.45263847482219605,0.23486152517780395,"{""model__alpha"": 0.01, ""model__l1_ratio"": 0.1}"
383,4,valence,elastic_net,0.4125,0.5899451988801376,0.17744519888013766,"{""model__alpha"": 0.01, ""model__l1_ratio"": 0.1}"
388,4,valence,elastic_net,0.7125,0.6669539701842712,0.04554602981572886,"{""model__alpha"": 0.01, ""model__l1_ratio"": 0.1}"
389,4,valence,elastic_net,0.3625,0.41227146780510937,0.04977146780510938,"{""model__alpha"": 0.01, ""model__l1_ratio"": 0.1}"
393,4,valence,elastic_net,0.4625,0.5643637409904452,0.10186374099044515,"{""model__alpha"": 0.01, ""model__l1_ratio"": 0.1}"
395,4,valence,elastic_net,0.675,0.6018378026888092,0.07316219731119089,"{""model__alpha"": 0.01, ""model__l1_ratio"": 0.1}"
396,4,valence,elastic_net,0.7125,0.6739971775355426,0.038502822464457465,"{""model__alpha"": 0.01, ""model__l1_ratio"": 0.1}"
409,4,valence,elastic_net,0.6625,0.7166941417528969,0.05419414175289694,"{""model__alpha"": 0.01, ""model__l1_ratio"": 0.1}"
413,4,valence,elastic_net,0.675,0.6707281899669761,0.004271810033023904,"{""model__alpha"": 0.01, ""model__l1_ratio"": 0.1}"
419,4,valence,elastic_net,0.225,0.27007320402314466,0.04507320402314466,"{""model__alpha"": 0.01, ""model__l1_ratio"": 0.1}"
423,4,valence,elastic_net,0.65,0.6821333745905613,0.032133374590561314,"{""model__alpha"": 0.01, ""model__l1_ratio"": 0.1}"
428,4,valence,elastic_net,0.5625,0.4772550342446182,0.08524496575538182,"{""model__alpha"": 0.01, ""model__l1_ratio"": 0.1}"
433,4,valence,elastic_net,0.5,0.5069545172419037,0.006954517241903657,"{""model__alpha"": 0.01, ""model__l1_ratio"": 0.1}"
438,4,valence,elastic_net,0.325,0.3917077781614402,0.06670777816144019,"{""model__alpha"": 0.01, ""model__l1_ratio"": 0.1}"
439,4,valence,elastic_net,0.2625,0.47440440681098545,0.21190440681098544,"{""model__alpha"": 0.01, ""model__l1_ratio"": 0.1}"
444,4,valence,elastic_net,0.7625,0.6672654387131742,0.09523456128682573,"{""model__alpha"": 0.01, ""model__l1_ratio"": 0.1}"
457,4,valence,elastic_net,0.7875,0.6581945237057265,0.12930547629427347,"{""model__alpha"": 0.01, ""model__l1_ratio"": 0.1}"
458,4,valence,elastic_net,0.7375,0.7001271124237426,0.03737288757625745,"{""model__alpha"": 0.01, ""model__l1_ratio"": 0.1}"
460,4,valence,elastic_net,0.7,0.6546572982118085,0.04534270178819144,"{""model__alpha"": 0.01, ""model__l1_ratio"": 0.1}"
468,4,valence,elastic_net,0.7875,0.569838221671558,0.21766177832844202,"{""model__alpha"": 0.01, ""model__l1_ratio"": 0.1}"
470,4,valence,elastic_net,0.85,0.6653099752142373,0.18469002478576269,"{""model__alpha"": 0.01, ""model__l1_ratio"": 0.1}"
476,4,valence,elastic_net,0.8625,0.6736242723927911,0.18887572760720894,"{""model__alpha"": 0.01, ""model__l1_ratio"": 0.1}"
477,4,valence,elastic_net,0.7125,0.6558354464074337,0.05666455359256628,"{""model__alpha"": 0.01, ""model__l1_ratio"": 0.1}"
481,4,valence,elastic_net,0.6125,0.6403786365791222,0.02787863657912215,"{""model__alpha"": 0.01, ""model__l1_ratio"": 0.1}"
490,4,valence,elastic_net,0.6875,0.6780615036231182,0.009438496376881766,"{""model__alpha"": 0.01, ""model__l1_ratio"": 0.1}"
505,4,valence,elastic_net,0.6125,0.6371348551061,0.024634855106099973,"{""model__alpha"": 0.01, ""model__l1_ratio"": 0.1}"
506,4,valence,elastic_net,0.375,0.50967048981073,0.13467048981073004,"{""model__alpha"": 0.01, ""model__l1_ratio"": 0.1}"
508,4,valence,elastic_net,0.5375,0.5869909197006234,0.04949091970062347,"{""model__alpha"": 0.01, ""model__l1_ratio"": 0.1}"
514,4,valence,elastic_net,0.75,0.6563430685448065,0.09365693145519349,"{""model__alpha"": 0.01, ""model__l1_ratio"": 0.1}"
518,4,valence,elastic_net,0.5125,0.4770957565812532,0.03540424341874676,"{""model__alpha"": 0.01, ""model__l1_ratio"": 0.1}"
524,4,valence,elastic_net,0.275,0.446991554501102,0.17199155450110198,"{""model__alpha"": 0.01, ""model__l1_ratio"": 0.1}"
532,4,valence,elastic_net,0.3375,0.29918885106303794,0.03831114893696208,"{""model__alpha"": 0.01, ""model__l1_ratio"": 0.1}"
534,4,valence,elastic_net,0.2875,0.4350841131574382,0.14758411315743825,"{""model__alpha"": 0.01, ""model__l1_ratio"": 0.1}"
537,4,valence,elastic_net,0.7125,0.6914587530213144,0.02104124697868559,"{""model__alpha"": 0.01, ""model__l1_ratio"": 0.1}"
539,4,valence,elastic_net,0.65,0.5196282768541155,0.13037172314588452,"{""model__alpha"": 0.01, ""model__l1_ratio"": 0.1}"
540,4,valence,elastic_net,0.3875,0.622166290142941,0.234666290142941,"{""model__alpha"": 0.01, ""model__l1_ratio"": 0.1}"
541,4,valence,elastic_net,0.35,0.44683093598797746,0.09683093598797748,"{""model__alpha"": 0.01, ""model__l1_ratio"": 0.1}"
561,4,valence,elastic_net,0.8875,0.674926199499629,0.212573800500371,"{""model__alpha"": 0.01, ""model__l1_ratio"": 0.1}"
563,4,valence,elastic_net,0.6875,0.6034205651058506,0.08407943489414937,"{""model__alpha"": 0.01, ""model__l1_ratio"": 0.1}"
564,4,valence,elastic_net,0.475,0.7199824000726923,0.24498240007269234,"{""model__alpha"": 0.01, ""model__l1_ratio"": 0.1}"
567,4,valence,elastic_net,0.825,0.7710790413132067,0.05392095868679325,"{""model__alpha"": 0.01, ""model__l1_ratio"": 0.1}"
573,4,valence,elastic_net,0.7625,0.6692132957562587,0.0932867042437413,"{""model__alpha"": 0.01, ""model__l1_ratio"": 0.1}"
575,4,valence,elastic_net,0.7875,0.6155695607511157,0.1719304392488843,"{""model__alpha"": 0.01, ""model__l1_ratio"": 0.1}"
584,4,valence,elastic_net,0.4625,0.45003925991714944,0.012460740082850585,"{""model__alpha"": 0.01, ""model__l1_ratio"": 0.1}"
594,4,valence,elastic_net,0.4375,0.3814212136548959,0.056078786345104104,"{""model__alpha"": 0.01, ""model__l1_ratio"": 0.1}"
595,4,valence,elastic_net,0.4,0.40458502646249705,0.004585026462497033,"{""model__alpha"": 0.01, ""model__l1_ratio"": 0.1}"
600,4,valence,elastic_net,0.65,0.5666289579310279,0.08337104206897217,"{""model__alpha"": 0.01, ""model__l1_ratio"": 0.1}"
602,4,valence,elastic_net,0.5375,0.591233024994204,0.05373302499420407,"{""model__alpha"": 0.01, ""model__l1_ratio"": 0.1}"
603,4,valence,elastic_net,0.7125,0.7337390835627358,0.02123908356273574,"{""model__alpha"": 0.01, ""model__l1_ratio"": 0.1}"
607,4,valence,elastic_net,0.6375,0.6732642576569465,0.035764257656946574,"{""model__alpha"": 0.01, ""model__l1_ratio"": 0.1}"
611,4,valence,elastic_net,0.475,0.52278135488278,0.047781354882780014,"{""model__alpha"": 0.01, ""model__l1_ratio"": 0.1}"
613,4,valence,elastic_net,0.6875,0.694838985720071,0.007338985720070967,"{""model__alpha"": 0.01, ""model__l1_ratio"": 0.1}"
615,4,valence,elastic_net,0.675,0.6692585818317793,0.005741418168220713,"{""model__alpha"": 0.01, ""model__l1_ratio"": 0.1}"
616,4,valence,elastic_net,0.7875,0.6824894008379727,0.10501059916202726,"{""model__alpha"": 0.01, ""model__l1_ratio"": 0.1}"
639,4,valence,elastic_net,0.6875,0.6713726591746898,0.0161273408253102,"{""model__alpha"": 0.01, ""model__l1_ratio"": 0.1}"
644,4,valence,elastic_net,0.7625,0.5755420843861413,0.18695791561385866,"{""model__alpha"": 0.01, ""model__l1_ratio"": 0.1}"
650,4,valence,elastic_net,0.5375,0.5452073565016191,0.007707356501619134,"{""model__alpha"": 0.01, ""model__l1_ratio"": 0.1}"
657,4,valence,elastic_net,0.5125,0.617614947128709,0.10511494712870906,"{""model__alpha"": 0.01, ""model__l1_ratio"": 0.1}"
659,4,valence,elastic_net,0.375,0.627990409840818,0.252990409840818,"{""model__alpha"": 0.01, ""model__l1_ratio"": 0.1}"
674,4,valence,elastic_net,0.25,0.46729645806337555,0.21729645806337555,"{""model__alpha"": 0.01, ""model__l1_ratio"": 0.1}"
683,4,valence,elastic_net,0.7375,0.44767996121573544,0.2898200387842646,"{""model__alpha"": 0.01, ""model__l1_ratio"": 0.1}"
693,4,valence,elastic_net,0.4,0.5029854261598423,0.1029854261598423,"{""model__alpha"": 0.01, ""model__l1_ratio"": 0.1}"
703,4,valence,elastic_net,0.545454545455,0.5088036478417983,0.03665089761320173,"{""model__alpha"": 0.01, ""model__l1_ratio"": 0.1}"
716,4,valence,elastic_net,0.525,0.58194752936786,0.05694752936785996,"{""model__alpha"": 0.01, ""model__l1_ratio"": 0.1}"
726,4,valence,elastic_net,0.7125,0.7306050174011204,0.01810501740112036,"{""model__alpha"": 0.01, ""model__l1_ratio"": 0.1}"
734,4,valence,elastic_net,0.825,0.6053153679727818,0.2196846320272181,"{""model__alpha"": 0.01, ""model__l1_ratio"": 0.1}"
740,4,valence,elastic_net,0.75,0.6933638655681987,0.056636134431801266,"{""model__alpha"": 0.01, ""model__l1_ratio"": 0.1}"
744,4,valence,elastic_net,0.725,0.6704869541153822,0.054513045884617806,"{""model__alpha"": 0.01, ""model__l1_ratio"": 0.1}"
760,4,valence,elastic_net,0.7375,0.7231908797408412,0.01430912025915887,"{""model__alpha"": 0.01, ""model__l1_ratio"": 0.1}"
771,4,valence,elastic_net,0.5625,0.7027150122201063,0.14021501222010635,"{""model__alpha"": 0.01, ""model__l1_ratio"": 0.1}"
774,4,valence,elastic_net,0.75,0.6519472960455783,0.09805270395442167,"{""model__alpha"": 0.01, ""model__l1_ratio"": 0.1}"
775,4,valence,elastic_net,0.475,0.5312405644054038,0.056240564405403815,"{""model__alpha"": 0.01, ""model__l1_ratio"": 0.1}"
778,4,valence,elastic_net,0.8125,0.7634033680568367,0.04909663194316327,"{""model__alpha"": 0.01, ""model__l1_ratio"": 0.1}"
786,4,valence,elastic_net,0.45,0.47232938936345525,0.022329389363455243,"{""model__alpha"": 0.01, ""model__l1_ratio"": 0.1}"
794,4,valence,elastic_net,0.575,0.5975807400456646,0.022580740045664682,"{""model__alpha"": 0.01, ""model__l1_ratio"": 0.1}"
798,4,valence,elastic_net,0.6,0.6424724504083987,0.042472450408398754,"{""model__alpha"": 0.01, ""model__l1_ratio"": 0.1}"
799,4,valence,elastic_net,0.5375,0.7042312839861623,0.16673128398616233,"{""model__alpha"": 0.01, ""model__l1_ratio"": 0.1}"
806,4,valence,elastic_net,0.725,0.5495021673765594,0.17549783262344054,"{""model__alpha"": 0.01, ""model__l1_ratio"": 0.1}"
815,4,valence,elastic_net,0.3125,0.47519540504926916,0.16269540504926916,"{""model__alpha"": 0.01, ""model__l1_ratio"": 0.1}"
824,4,valence,elastic_net,0.825,0.7359000617572006,0.08909993824279938,"{""model__alpha"": 0.01, ""model__l1_ratio"": 0.1}"
827,4,valence,elastic_net,0.825,0.6400092719005028,0.18499072809949713,"{""model__alpha"": 0.01, ""model__l1_ratio"": 0.1}"
830,4,valence,elastic_net,0.6,0.7432876773949645,0.1432876773949645,"{""model__alpha"": 0.01, ""model__l1_ratio"": 0.1}"
832,4,valence,elastic_net,0.625,0.6991362282850206,0.07413622828502064,"{""model__alpha"": 0.01, ""model__l1_ratio"": 0.1}"
848,4,valence,elastic_net,0.5125,0.616099061079188,0.10359906107918804,"{""model__alpha"": 0.01, ""model__l1_ratio"": 0.1}"
861,4,valence,elastic_net,0.7625,0.7654483871215436,0.0029483871215436608,"{""model__alpha"": 0.01, ""model__l1_ratio"": 0.1}"
868,4,valence,elastic_net,0.625,0.7247902484847787,0.09979024848477869,"{""model__alpha"": 0.01, ""model__l1_ratio"": 0.1}"
913,4,valence,elastic_net,0.275,0.5559704976593312,0.28097049765933113,"{""model__alpha"": 0.01, ""model__l1_ratio"": 0.1}"
927,4,valence,elastic_net,0.65,0.6595924845164971,0.00959248451649708,"{""model__alpha"": 0.01, ""model__l1_ratio"": 0.1}"
932,4,valence,elastic_net,0.6625,0.7471756451380278,0.08467564513802783,"{""model__alpha"": 0.01, ""model__l1_ratio"": 0.1}"
933,4,valence,elastic_net,0.7375,0.6637064017376468,0.07379359826235321,"{""model__alpha"": 0.01, ""model__l1_ratio"": 0.1}"
950,4,valence,elastic_net,0.6875,0.5469353984474931,0.14056460155250694,"{""model__alpha"": 0.01, ""model__l1_ratio"": 0.1}"
958,4,valence,elastic_net,0.8625,0.62994463061193,0.2325553693880701,"{""model__alpha"": 0.01, ""model__l1_ratio"": 0.1}"
959,4,valence,elastic_net,0.45,0.5832440364331475,0.13324403643314747,"{""model__alpha"": 0.01, ""model__l1_ratio"": 0.1}"
962,4,valence,elastic_net,0.2,0.5973964048902798,0.3973964048902798,"{""model__alpha"": 0.01, ""model__l1_ratio"": 0.1}"
969,4,valence,elastic_net,0.175,0.6030630553109758,0.4280630553109758,"{""model__alpha"": 0.01, ""model__l1_ratio"": 0.1}"
970,4,valence,elastic_net,0.4875,0.5104642803555133,0.02296428035551329,"{""model__alpha"": 0.01, ""model__l1_ratio"": 0.1}"
980,4,valence,elastic_net,0.725,0.6217737947297924,0.10322620527020754,"{""model__alpha"": 0.01, ""model__l1_ratio"": 0.1}"
5,0,valence,ridge,0.2,0.22801871959834386,0.028018719598343844,"{""model__alpha"": 100.0}"
9,0,valence,ridge,0.2875,0.49515361644951955,0.20765361644951957,"{""model__alpha"": 100.0}"
12,0,valence,ridge,0.575,0.6336307670765802,0.058630767076580215,"{""model__alpha"": 100.0}"
18,0,valence,ridge,0.8375,0.6509798614164976,0.18652013858350247,"{""model__alpha"": 100.0}"
20,0,valence,ridge,0.6375,0.6198196814442789,0.017680318555721053,"{""model__alpha"": 100.0}"
23,0,valence,ridge,0.675,0.7046152339852801,0.0296152339852801,"{""model__alpha"": 100.0}"
30,0,valence,ridge,0.5375,0.577036764141292,0.039536764141292036,"{""model__alpha"": 100.0}"
33,0,valence,ridge,0.75,0.578489932811289,0.17151006718871098,"{""model__alpha"": 100.0}"
37,0,valence,ridge,0.75,0.6882680444995611,0.06173195550043886,"{""model__alpha"": 100.0}"
38,0,valence,ridge,0.8375,0.74729673311014,0.09020326688986002,"{""model__alpha"": 100.0}"
49,0,valence,ridge,0.7125,0.685899893049576,0.02660010695042403,"{""model__alpha"": 100.0}"
63,0,valence,ridge,0.4625,0.4255099264886666,0.03699007351133343,"{""model__alpha"": 100.0}"
65,0,valence,ridge,0.75,0.5601432134881078,0.1898567865118922,"{""model__alpha"": 100.0}"
69,0,valence,ridge,0.775,0.7810963731091367,0.006096373109136688,"{""model__alpha"": 100.0}"
70,0,valence,ridge,0.525,0.6182379974886759,0.0932379974886759,"{""model__alpha"": 100.0}"
75,0,valence,ridge,0.7375,0.8001169823577386,0.0626169823577386,"{""model__alpha"": 100.0}"
87,0,valence,ridge,0.6,0.6186530106418151,0.018653010641815126,"{""model__alpha"": 100.0}"
90,0,valence,ridge,0.4875,0.7144412185336615,0.2269412185336615,"{""model__alpha"": 100.0}"
92,0,valence,ridge,0.575,0.7144412185336615,0.13944121853366154,"{""model__alpha"": 100.0}"
100,0,valence,ridge,0.3,0.4982232019258753,0.19822320192587534,"{""model__alpha"": 100.0}"
113,0,valence,ridge,0.7125,0.6019265799495275,0.11057342005047255,"{""model__alpha"": 100.0}"
124,0,valence,ridge,0.8375,0.6853141890369905,0.15218581096300954,"{""model__alpha"": 100.0}"
126,0,valence,ridge,0.7,0.6616247961112678,0.03837520388873217,"{""model__alpha"": 100.0}"
128,0,valence,ridge,0.6,0.5453338894721371,0.054666110527862855,"{""model__alpha"": 100.0}"
136,0,valence,ridge,0.525,0.461587558130325,0.06341244186967504,"{""model__alpha"": 100.0}"
141,0,valence,ridge,0.65,0.5456924441777027,0.10430755582229734,"{""model__alpha"": 100.0}"
142,0,valence,ridge,0.625,0.5572289733260443,0.06777102667395574,"{""model__alpha"": 100.0}"
166,0,valence,ridge,0.575,0.7089861134332505,0.1339861134332505,"{""model__alpha"": 100.0}"
174,0,valence,ridge,0.534090909091,0.509989513610328,0.024101395480672028,"{""model__alpha"": 100.0}"
176,0,valence,ridge,0.65,0.6773854199207963,0.02738541992079624,"{""model__alpha"": 100.0}"
181,0,valence,ridge,0.625,0.48752645209570933,0.13747354790429067,"{""model__alpha"": 100.0}"
184,0,valence,ridge,0.6375,0.598990752573857,0.03850924742614292,"{""model__alpha"": 100.0}"
187,0,valence,ridge,0.675,0.5321834433012779,0.14281655669872217,"{""model__alpha"": 100.0}"
199,0,valence,ridge,0.6875,0.6837589592380877,0.0037410407619122843,"{""model__alpha"": 100.0}"
200,0,valence,ridge,0.5625,0.5162021545465204,0.04629784545347959,"{""model__alpha"": 100.0}"
202,0,valence,ridge,0.7625,0.7228638542432074,0.03963614575679253,"{""model__alpha"": 100.0}"
210,0,valence,ridge,0.725,0.8321152386031037,0.10711523860310368,"{""model__alpha"": 100.0}"
217,0,valence,ridge,0.575,0.6993761358087279,0.12437613580872797,"{""model__alpha"": 100.0}"
219,0,valence,ridge,0.75,0.6744503467004339,0.07554965329956609,"{""model__alpha"": 100.0}"
231,0,valence,ridge,0.55,0.4707367362641837,0.07926326373581633,"{""model__alpha"": 100.0}"
234,0,valence,ridge,0.4375,0.4333224843386675,0.004177515661332509,"{""model__alpha"": 100.0}"
239,0,valence,ridge,0.6875,0.48165284244229933,0.20584715755770067,"{""model__alpha"": 100.0}"
242,0,valence,ridge,0.6125,0.5014851456347545,0.1110148543652455,"{""model__alpha"": 100.0}"
251,0,valence,ridge,0.4659090909089999,0.4731272553329894,0.0072181644239894815,"{""model__alpha"": 100.0}"
253,0,valence,ridge,0.525,0.3473394593865583,0.17766054061344172,"{""model__alpha"": 100.0}"
263,0,valence,ridge,0.35,0.2897866670644245,0.06021333293557546,"{""model__alpha"": 100.0}"
267,0,valence,ridge,0.35,0.28181482986326223,0.06818517013673775,"{""model__alpha"": 100.0}"
269,0,valence,ridge,0.6375,0.5465389014863353,0.09096109851366463,"{""model__alpha"": 100.0}"
273,0,valence,ridge,0.3625,0.2924263561312005,0.0700736438687995,"{""model__alpha"": 100.0}"
280,0,valence,ridge,0.525,0.32683518826112007,0.19816481173887995,"{""model__alpha"": 100.0}"
292,0,valence,ridge,0.8625,0.6907640437574528,0.17173595624254723,"{""model__alpha"": 100.0}"
296,0,valence,ridge,0.8,0.7724035911315925,0.02759640886840753,"{""model__alpha"": 100.0}"
306,0,valence,ridge,0.875,0.7683975169749793,0.10660248302502073,"{""model__alpha"": 100.0}"
307,0,valence,ridge,0.575,0.6773705544247053,0.10237055442470533,"{""model__alpha"": 100.0}"
310,0,valence,ridge,0.675,0.546511395904433,0.12848860409556706,"{""model__alpha"": 100.0}"
312,0,valence,ridge,0.7875,0.7988861909535634,0.011386190953563413,"{""model__alpha"": 100.0}"
318,0,valence,ridge,0.825,0.7450591901915247,0.07994080980847529,"{""model__alpha"": 100.0}"
323,0,valence,ridge,0.725,0.663993239494993,0.061006760505006974,"{""model__alpha"": 100.0}"
329,0,valence,ridge,0.7875,0.760853464612209,0.026646535387790937,"{""model__alpha"": 100.0}"
332,0,valence,ridge,0.725,0.7080857099283919,0.01691429007160805,"{""model__alpha"": 100.0}"
338,0,valence,ridge,0.7125,0.7372969688153053,0.024796968815305243,"{""model__alpha"": 100.0}"
341,0,valence,ridge,0.8,0.6157878360618565,0.18421216393814355,"{""model__alpha"": 100.0}"
347,0,valence,ridge,0.3375,0.49797401915389117,0.16047401915389115,"{""model__alpha"": 100.0}"
353,0,valence,ridge,0.5875,0.5960306193489515,0.008530619348951496,"{""model__alpha"": 100.0}"
375,0,valence,ridge,0.775,0.6289906563066113,0.1460093436933887,"{""model__alpha"": 100.0}"
376,0,valence,ridge,0.6625,0.5088240851020838,0.1536759148979162,"{""model__alpha"": 100.0}"
399,0,valence,ridge,0.45,0.4981784438742729,0.04817844387427289,"{""model__alpha"": 100.0}"
411,0,valence,ridge,0.6375,0.4518134964430684,0.18568650355693156,"{""model__alpha"": 100.0}"
418,0,valence,ridge,0.375,0.43386981213030656,0.058869812130306565,"{""model__alpha"": 100.0}"
420,0,valence,ridge,0.55,0.6157037701969778,0.0657037701969777,"{""model__alpha"": 100.0}"
432,0,valence,ridge,0.4,0.41596818833588617,0.015968188335886147,"{""model__alpha"": 100.0}"
434,0,valence,ridge,0.3875,0.5372219605219806,0.14972196052198056,"{""model__alpha"": 100.0}"
455,0,valence,ridge,0.7375,0.6839555996916624,0.053544400308337625,"{""model__alpha"": 100.0}"
466,0,valence,ridge,0.7375,0.6922718410982145,0.04522815890178555,"{""model__alpha"": 100.0}"
478,0,valence,ridge,0.675,0.5781720948622973,0.09682790513770279,"{""model__alpha"": 100.0}"
484,0,valence,ridge,0.625,0.6009777184511121,0.02402228154888786,"{""model__alpha"": 100.0}"
486,0,valence,ridge,0.575,0.4758476582734814,0.09915234172651854,"{""model__alpha"": 100.0}"
489,0,valence,ridge,0.7954545454549999,0.7822422640791766,0.01321228137582331,"{""model__alpha"": 100.0}"
491,0,valence,ridge,0.4375,0.5328765605516342,0.09537656055163424,"{""model__alpha"": 100.0}"
492,0,valence,ridge,0.7875,0.6822445112719223,0.10525548872807766,"{""model__alpha"": 100.0}"
493,0,valence,ridge,0.75,0.7619695516693679,0.011969551669367862,"{""model__alpha"": 100.0}"
499,0,valence,ridge,0.825,0.7690252301513938,0.055974769848606165,"{""model__alpha"": 100.0}"
515,0,valence,ridge,0.7875,0.6819626202731213,0.10553737972687871,"{""model__alpha"": 100.0}"
517,0,valence,ridge,0.425,0.5274055195084911,0.10240551950849114,"{""model__alpha"": 100.0}"
519,0,valence,ridge,0.2625,0.3040293165468389,0.04152931654683889,"{""model__alpha"": 100.0}"
522,0,valence,ridge,0.4625,0.3706715881792434,0.09182841182075663,"{""model__alpha"": 100.0}"
530,0,valence,ridge,0.3409090909089999,0.4557045535568154,0.11479546264781548,"{""model__alpha"": 100.0}"
542,0,valence,ridge,0.6125,0.520433299764525,0.09206670023547503,"{""model__alpha"": 100.0}"
544,0,valence,ridge,0.625,0.5939539112324405,0.031046088767559543,"{""model__alpha"": 100.0}"
548,0,valence,ridge,0.55,0.4420136927345184,0.10798630726548164,"{""model__alpha"": 100.0}"
550,0,valence,ridge,0.375,0.4573442127462206,0.08234421274622061,"{""model__alpha"": 100.0}"
555,0,valence,ridge,0.6875,0.749947448263946,0.06244744826394599,"{""model__alpha"": 100.0}"
560,0,valence,ridge,0.5125,0.6745987143041842,0.1620987143041842,"{""model__alpha"": 100.0}"
569,0,valence,ridge,0.65,0.6254312926718298,0.02456870732817018,"{""model__alpha"": 100.0}"
571,0,valence,ridge,0.725,0.6455843453398118,0.07941565466018818,"{""model__alpha"": 100.0}"
578,0,valence,ridge,0.625,0.4867513930466959,0.1382486069533041,"{""model__alpha"": 100.0}"
599,0,valence,ridge,0.55,0.6621848644208544,0.1121848644208544,"{""model__alpha"": 100.0}"
601,0,valence,ridge,0.7,0.6506368965040077,0.04936310349599227,"{""model__alpha"": 100.0}"
629,0,valence,ridge,0.5625,0.5314277749788267,0.03107222502117335,"{""model__alpha"": 100.0}"
632,0,valence,ridge,0.6875,0.6836972997953051,0.0038027002046948644,"{""model__alpha"": 100.0}"
638,0,valence,ridge,0.775,0.879881384287627,0.10488138428762694,"{""model__alpha"": 100.0}"
646,0,valence,ridge,0.7875,0.7693346788050361,0.018165321194963835,"{""model__alpha"": 100.0}"
649,0,valence,ridge,0.3125,0.6122172888626182,0.29971728886261817,"{""model__alpha"": 100.0}"
662,0,valence,ridge,0.525,0.5986399309691715,0.07363993096917143,"{""model__alpha"": 100.0}"
675,0,valence,ridge,0.3,0.2491215502438235,0.0508784497561765,"{""model__alpha"": 100.0}"
684,0,valence,ridge,0.45,0.6728929808990128,0.22289298089901283,"{""model__alpha"": 100.0}"
685,0,valence,ridge,0.7375,0.737494920981995,5.079018005060831e-06,"{""model__alpha"": 100.0}"
686,0,valence,ridge,0.725,0.6302346915679389,0.0947653084320611,"{""model__alpha"": 100.0}"
698,0,valence,ridge,0.2625,0.47777135606821775,0.21527135606821773,"{""model__alpha"": 100.0}"
699,0,valence,ridge,0.775,0.633727702146752,0.14127229785324802,"{""model__alpha"": 100.0}"
707,0,valence,ridge,0.3,0.379579760588199,0.07957976058819899,"{""model__alpha"": 100.0}"
719,0,valence,ridge,0.5625,0.5730025828053851,0.010502582805385074,"{""model__alpha"": 100.0}"
720,0,valence,ridge,0.6375,0.6506328841979196,0.013132884197919692,"{""model__alpha"": 100.0}"
729,0,valence,ridge,0.4,0.5414356783776262,0.14143567837762616,"{""model__alpha"": 100.0}"
742,0,valence,ridge,0.725,0.6001692811572634,0.12483071884273655,"{""model__alpha"": 100.0}"
743,0,valence,ridge,0.725,0.6589485838166791,0.06605141618332089,"{""model__alpha"": 100.0}"
746,0,valence,ridge,0.7875,0.7147123981883969,0.07278760181160304,"{""model__alpha"": 100.0}"
749,0,valence,ridge,0.4875,0.5736683463438614,0.08616834634386145,"{""model__alpha"": 100.0}"
769,0,valence,ridge,0.475,0.5285542103441043,0.05355421034410435,"{""model__alpha"": 100.0}"
772,0,valence,ridge,0.6125,0.7037289368466824,0.09122893684668232,"{""model__alpha"": 100.0}"
776,0,valence,ridge,0.5125,0.7404793156007222,0.22797931560072227,"{""model__alpha"": 100.0}"
780,0,valence,ridge,0.4375,0.5156019910942411,0.0781019910942411,"{""model__alpha"": 100.0}"
784,0,valence,ridge,0.35,0.41758975790841657,0.06758975790841659,"{""model__alpha"": 100.0}"
788,0,valence,ridge,0.525,0.6376710117250012,0.11267101172500116,"{""model__alpha"": 100.0}"
789,0,valence,ridge,0.125,0.3288839793847472,0.20388397938474723,"{""model__alpha"": 100.0}"
791,0,valence,ridge,0.7125,0.7592128875902523,0.04671288759025227,"{""model__alpha"": 100.0}"
809,0,valence,ridge,0.65,0.46975098505842167,0.18024901494157836,"{""model__alpha"": 100.0}"
810,0,valence,ridge,0.65,0.520461849493951,0.129538150506049,"{""model__alpha"": 100.0}"
812,0,valence,ridge,0.6875,0.6790475155177468,0.00845248448225322,"{""model__alpha"": 100.0}"
820,0,valence,ridge,0.6,0.6615013177371355,0.06150131773713552,"{""model__alpha"": 100.0}"
821,0,valence,ridge,0.75,0.7306209397349249,0.019379060265075077,"{""model__alpha"": 100.0}"
835,0,valence,ridge,0.6125,0.7278430192134266,0.1153430192134266,"{""model__alpha"": 100.0}"
842,0,valence,ridge,0.35,0.6678571799946175,0.3178571799946175,"{""model__alpha"": 100.0}"
854,0,valence,ridge,0.7875,0.8508324760526668,0.06333247605266679,"{""model__alpha"": 100.0}"
858,0,valence,ridge,0.6125,0.6684634840993491,0.05596348409934904,"{""model__alpha"": 100.0}"
865,0,valence,ridge,0.7875,0.7603421130388083,0.027157886961191702,"{""model__alpha"": 100.0}"
870,0,valence,ridge,0.5625,0.6724399366848758,0.10993993668487578,"{""model__alpha"": 100.0}"
876,0,valence,ridge,0.775,0.7332892823290991,0.041710717670900954,"{""model__alpha"": 100.0}"
883,0,valence,ridge,0.725,0.7128542957213279,0.01214570427867212,"{""model__alpha"": 100.0}"
890,0,valence,ridge,0.7875,0.6961163290062038,0.09138367099379618,"{""model__alpha"": 100.0}"
895,0,valence,ridge,0.5125,0.541256643398919,0.028756643398919035,"{""model__alpha"": 100.0}"
903,0,valence,ridge,0.6,0.7343037184315462,0.1343037184315462,"{""model__alpha"": 100.0}"
906,0,valence,ridge,0.4375,0.5433409108472785,0.10584091084727854,"{""model__alpha"": 100.0}"
917,0,valence,ridge,0.6625,0.677581742948053,0.015081742948052979,"{""model__alpha"": 100.0}"
924,0,valence,ridge,0.65,0.5361043581207215,0.11389564187927848,"{""model__alpha"": 100.0}"
938,0,valence,ridge,0.75,0.6937538547785816,0.05624614522141835,"{""model__alpha"": 100.0}"
939,0,valence,ridge,0.6625,0.7372080728564362,0.07470807285643621,"{""model__alpha"": 100.0}"
940,0,valence,ridge,0.5,0.48887296105705347,0.011127038942946532,"{""model__alpha"": 100.0}"
946,0,valence,ridge,0.4,0.5430928853337841,0.14309288533378406,"{""model__alpha"": 100.0}"
952,0,valence,ridge,0.4875,0.5520767722406562,0.06457677224065622,"{""model__alpha"": 100.0}"
965,0,valence,ridge,0.5375,0.5045292573625518,0.03297074263744815,"{""model__alpha"": 100.0}"
978,0,valence,ridge,0.725,0.6939004165820386,0.031099583417961374,"{""model__alpha"": 100.0}"
996,0,valence,ridge,0.5625,0.7406449458317717,0.17814494583177165,"{""model__alpha"": 100.0}"
1000,0,valence,ridge,0.575,0.736017357770673,0.16101735777067305,"{""model__alpha"": 100.0}"
1,1,valence,ridge,0.575,0.4926211755662539,0.08237882443374606,"{""model__alpha"": 10.0}"
4,1,valence,ridge,0.2875,0.39698971748291356,0.10948971748291358,"{""model__alpha"": 10.0}"
8,1,valence,ridge,0.225,0.5258462842359453,0.3008462842359453,"{""model__alpha"": 10.0}"
28,1,valence,ridge,0.575,0.5180961300560251,0.056903869943974894,"{""model__alpha"": 10.0}"
39,1,valence,ridge,0.590909090909,0.7845466911198008,0.1936376002108008,"{""model__alpha"": 10.0}"
46,1,valence,ridge,0.575,0.7241872021648739,0.1491872021648739,"{""model__alpha"": 10.0}"
52,1,valence,ridge,0.4625,0.5022463211063056,0.039746321106305604,"{""model__alpha"": 10.0}"
55,1,valence,ridge,0.4,0.3727169505117841,0.027283049488215916,"{""model__alpha"": 10.0}"
61,1,valence,ridge,0.275,0.2862318055097035,0.011231805509703485,"{""model__alpha"": 10.0}"
66,1,valence,ridge,0.7625,0.815535618861627,0.053035618861627,"{""model__alpha"": 10.0}"
67,1,valence,ridge,0.5875,0.7468674346736277,0.15936743467362768,"{""model__alpha"": 10.0}"
72,1,valence,ridge,0.6875,0.7143241682169866,0.026824168216986632,"{""model__alpha"": 10.0}"
73,1,valence,ridge,0.6875,0.7409798153352624,0.05347981533526236,"{""model__alpha"": 10.0}"
74,1,valence,ridge,0.775,0.7222893969455997,0.05271060305440034,"{""model__alpha"": 10.0}"
88,1,valence,ridge,0.5875,0.620305531828596,0.032805531828596024,"{""model__alpha"": 10.0}"
94,1,valence,ridge,0.8,0.4439291555708601,0.35607084442913994,"{""model__alpha"": 10.0}"
102,1,valence,ridge,0.825,0.748098509977485,0.076901490022515,"{""model__alpha"": 10.0}"
104,1,valence,ridge,0.825,0.6478380073317944,0.17716199266820554,"{""model__alpha"": 10.0}"
108,1,valence,ridge,0.8625,0.7774276549049024,0.08507234509509765,"{""model__alpha"": 10.0}"
139,1,valence,ridge,0.775,0.5526165071561717,0.2223834928438283,"{""model__alpha"": 10.0}"
143,1,valence,ridge,0.625,0.692130088056842,0.06713008805684195,"{""model__alpha"": 10.0}"
146,1,valence,ridge,0.7375,0.6994943798096561,0.038005620190343925,"{""model__alpha"": 10.0}"
149,1,valence,ridge,0.2625,0.49752756576378054,0.23502756576378053,"{""model__alpha"": 10.0}"
152,1,valence,ridge,0.725,0.7460978242821672,0.02109782428216722,"{""model__alpha"": 10.0}"
156,1,valence,ridge,0.55,0.3854529210423782,0.16454707895762183,"{""model__alpha"": 10.0}"
160,1,valence,ridge,0.8125,0.7179859470529212,0.09451405294707882,"{""model__alpha"": 10.0}"
165,1,valence,ridge,0.675,0.6000091665675709,0.07499083343242918,"{""model__alpha"": 10.0}"
177,1,valence,ridge,0.5375,0.5296070348199322,0.007892965180067768,"{""model__alpha"": 10.0}"
180,1,valence,ridge,0.6875,0.4957037797203617,0.19179622027963827,"{""model__alpha"": 10.0}"
189,1,valence,ridge,0.6375,0.514181876932218,0.123318123067782,"{""model__alpha"": 10.0}"
191,1,valence,ridge,0.825,0.6801610710106647,0.14483892898933526,"{""model__alpha"": 10.0}"
192,1,valence,ridge,0.5375,0.44641898339300556,0.09108101660699441,"{""model__alpha"": 10.0}"
204,1,valence,ridge,0.5875,0.5282581307030808,0.059241869296919214,"{""model__alpha"": 10.0}"
207,1,valence,ridge,0.7375,0.7044502174759097,0.0330497825240903,"{""model__alpha"": 10.0}"
220,1,valence,ridge,0.675,0.6856259696906886,0.01062596969068852,"{""model__alpha"": 10.0}"
222,1,valence,ridge,0.35,0.6139648540762688,0.2639648540762688,"{""model__alpha"": 10.0}"
233,1,valence,ridge,0.4875,0.46662105360808104,0.02087894639191895,"{""model__alpha"": 10.0}"
257,1,valence,ridge,0.3125,0.38769767537193445,0.07519767537193445,"{""model__alpha"": 10.0}"
265,1,valence,ridge,0.675,0.4771800862084154,0.19781991379158465,"{""model__alpha"": 10.0}"
279,1,valence,ridge,0.4625,0.4470119063324805,0.01548809366751952,"{""model__alpha"": 10.0}"
294,1,valence,ridge,0.55,0.7166603254962699,0.16666032549626986,"{""model__alpha"": 10.0}"
299,1,valence,ridge,0.65,0.7043378914700877,0.05433789147008772,"{""model__alpha"": 10.0}"
301,1,valence,ridge,0.7875,0.666035266445268,0.12146473355473197,"{""model__alpha"": 10.0}"
304,1,valence,ridge,0.7375,0.7108693517644924,0.026630648235507648,"{""model__alpha"": 10.0}"
314,1,valence,ridge,0.65,0.6324626178273874,0.01753738217261258,"{""model__alpha"": 10.0}"
317,1,valence,ridge,0.8625,0.6652857900816708,0.19721420991832928,"{""model__alpha"": 10.0}"
324,1,valence,ridge,0.55,0.702340453490802,0.15234045349080194,"{""model__alpha"": 10.0}"
334,1,valence,ridge,0.5625,0.4464481560780401,0.11605184392195989,"{""model__alpha"": 10.0}"
362,1,valence,ridge,0.4625,0.33638115009377495,0.12611884990622507,"{""model__alpha"": 10.0}"
368,1,valence,ridge,0.575,0.32799912316571694,0.247000876834283,"{""model__alpha"": 10.0}"
370,1,valence,ridge,0.25,0.32218108025715403,0.07218108025715403,"{""model__alpha"": 10.0}"
372,1,valence,ridge,0.175,0.6754758059738625,0.5004758059738625,"{""model__alpha"": 10.0}"
379,1,valence,ridge,0.9125,0.810378439103126,0.10212156089687396,"{""model__alpha"": 10.0}"
391,1,valence,ridge,0.6,0.6104991112877838,0.010499111287783802,"{""model__alpha"": 10.0}"
403,1,valence,ridge,0.8125,0.6776479187322023,0.13485208126779769,"{""model__alpha"": 10.0}"
408,1,valence,ridge,0.6125,0.6478161410412154,0.03531614104121539,"{""model__alpha"": 10.0}"
425,1,valence,ridge,0.8125,0.6139342000921113,0.1985657999078887,"{""model__alpha"": 10.0}"
426,1,valence,ridge,0.7125,0.5184192940799118,0.1940807059200882,"{""model__alpha"": 10.0}"
435,1,valence,ridge,0.35,0.3259773726793183,0.024022627320681667,"{""model__alpha"": 10.0}"
436,1,valence,ridge,0.35,0.33220737698333475,0.017792623016665232,"{""model__alpha"": 10.0}"
441,1,valence,ridge,0.6875,0.6849001998830863,0.002599800116913742,"{""model__alpha"": 10.0}"
442,1,valence,ridge,0.6125,0.5233644926533287,0.0891355073466713,"{""model__alpha"": 10.0}"
461,1,valence,ridge,0.6375,0.6705301655437176,0.03303016554371763,"{""model__alpha"": 10.0}"
465,1,valence,ridge,0.425,0.5569486572029796,0.1319486572029796,"{""model__alpha"": 10.0}"
469,1,valence,ridge,0.7125,0.7572143989307245,0.044714398930724486,"{""model__alpha"": 10.0}"
471,1,valence,ridge,0.7875,0.6493196438696864,0.13818035613031354,"{""model__alpha"": 10.0}"
480,1,valence,ridge,0.6375,0.7301633855162188,0.09266338551621889,"{""model__alpha"": 10.0}"
487,1,valence,ridge,0.775,0.6987969364852616,0.07620306351473838,"{""model__alpha"": 10.0}"
496,1,valence,ridge,0.5375,0.45957412812485066,0.07792587187514932,"{""model__alpha"": 10.0}"
500,1,valence,ridge,0.425,0.5630752302126221,0.13807523021262208,"{""model__alpha"": 10.0}"
503,1,valence,ridge,0.488636363636,0.5392630266298205,0.050626662993820515,"{""model__alpha"": 10.0}"
507,1,valence,ridge,0.6625,0.7906186429391906,0.12811864293919062,"{""model__alpha"": 10.0}"
512,1,valence,ridge,0.425,0.41951062954705265,0.00548937045294734,"{""model__alpha"": 10.0}"
521,1,valence,ridge,0.375,0.4637857764002637,0.0887857764002637,"{""model__alpha"": 10.0}"
525,1,valence,ridge,0.275,0.37394028350255515,0.09894028350255513,"{""model__alpha"": 10.0}"
536,1,valence,ridge,0.825,0.7284100237006744,0.09658997629932553,"{""model__alpha"": 10.0}"
546,1,valence,ridge,0.575,0.5965032274349953,0.02150322743499533,"{""model__alpha"": 10.0}"
549,1,valence,ridge,0.3125,0.4343392913402328,0.1218392913402328,"{""model__alpha"": 10.0}"
562,1,valence,ridge,0.6875,0.6930525623650492,0.005552562365049196,"{""model__alpha"": 10.0}"
566,1,valence,ridge,0.725,0.7420381918979655,0.017038191897965516,"{""model__alpha"": 10.0}"
572,1,valence,ridge,0.525,0.7329244556200905,0.20792445562009043,"{""model__alpha"": 10.0}"
574,1,valence,ridge,0.775,0.7465273571952947,0.028472642804705295,"{""model__alpha"": 10.0}"
576,1,valence,ridge,0.7125,0.6930099612244853,0.019490038775514695,"{""model__alpha"": 10.0}"
588,1,valence,ridge,0.775,0.45451201365344424,0.3204879863465558,"{""model__alpha"": 10.0}"
591,1,valence,ridge,0.35,0.20206505885241277,0.1479349411475872,"{""model__alpha"": 10.0}"
598,1,valence,ridge,0.8125,0.5857536423899925,0.2267463576100075,"{""model__alpha"": 10.0}"
614,1,valence,ridge,0.4875,0.6124038188766037,0.12490381887660368,"{""model__alpha"": 10.0}"
617,1,valence,ridge,0.8125,0.7553750304114022,0.05712496958859781,"{""model__alpha"": 10.0}"
623,1,valence,ridge,0.775,0.7149023304394162,0.06009766956058382,"{""model__alpha"": 10.0}"
634,1,valence,ridge,0.2375,0.3105832511053038,0.07308325110530384,"{""model__alpha"": 10.0}"
635,1,valence,ridge,0.825,0.7362779481293749,0.0887220518706251,"{""model__alpha"": 10.0}"
637,1,valence,ridge,0.65,0.733389410067807,0.08338941006780698,"{""model__alpha"": 10.0}"
648,1,valence,ridge,0.7,0.6286370062516616,0.07136299374833832,"{""model__alpha"": 10.0}"
651,1,valence,ridge,0.775,0.683330634775091,0.09166936522490898,"{""model__alpha"": 10.0}"
652,1,valence,ridge,0.675,0.5075959265130172,0.16740407348698283,"{""model__alpha"": 10.0}"
661,1,valence,ridge,0.55,0.6116821091277324,0.06168210912773231,"{""model__alpha"": 10.0}"
666,1,valence,ridge,0.7,0.5887666229576309,0.11123337704236902,"{""model__alpha"": 10.0}"
671,1,valence,ridge,0.4125,0.6079824758694942,0.1954824758694942,"{""model__alpha"": 10.0}"
673,1,valence,ridge,0.2,0.49456719093205276,0.29456719093205275,"{""model__alpha"": 10.0}"
678,1,valence,ridge,0.8625,0.7542176087157226,0.10828239128427741,"{""model__alpha"": 10.0}"
692,1,valence,ridge,0.5125,0.4396539906686612,0.07284600933133878,"{""model__alpha"": 10.0}"
694,1,valence,ridge,0.3375,0.5477506122401009,0.2102506122401009,"{""model__alpha"": 10.0}"
708,1,valence,ridge,0.5875,0.577691537936043,0.009808462063957024,"{""model__alpha"": 10.0}"
710,1,valence,ridge,0.775,0.7643862211053349,0.010613778894665082,"{""model__alpha"": 10.0}"
718,1,valence,ridge,0.5875,0.5180438658173964,0.06945613418260366,"{""model__alpha"": 10.0}"
722,1,valence,ridge,0.65,0.5765187458077812,0.07348125419221885,"{""model__alpha"": 10.0}"
730,1,valence,ridge,0.575,0.36796661812476694,0.207033381875233,"{""model__alpha"": 10.0}"
731,1,valence,ridge,0.7,0.7822386764914052,0.08223867649140526,"{""model__alpha"": 10.0}"
738,1,valence,ridge,0.7125,0.7185167703620261,0.00601677036202608,"{""model__alpha"": 10.0}"
739,1,valence,ridge,0.6875,0.7111991166773568,0.023699116677356802,"{""model__alpha"": 10.0}"
750,1,valence,ridge,0.2625,0.43910286228240536,0.17660286228240535,"{""model__alpha"": 10.0}"
751,1,valence,ridge,0.525,0.3787824141619392,0.14621758583806083,"{""model__alpha"": 10.0}"
757,1,valence,ridge,0.375,0.4920249366992136,0.1170249366992136,"{""model__alpha"": 10.0}"
758,1,valence,ridge,0.625,0.6471873079199799,0.022187307919979915,"{""model__alpha"": 10.0}"
763,1,valence,ridge,0.55,0.4039626778722567,0.14603732212774334,"{""model__alpha"": 10.0}"
773,1,valence,ridge,0.65,0.7598726205187127,0.10987262051871272,"{""model__alpha"": 10.0}"
796,1,valence,ridge,0.375,0.5236040010982016,0.1486040010982016,"{""model__alpha"": 10.0}"
797,1,valence,ridge,0.775,0.7316635611484982,0.043336438851501846,"{""model__alpha"": 10.0}"
801,1,valence,ridge,0.2875,0.4801761837774161,0.19267618377741613,"{""model__alpha"": 10.0}"
813,1,valence,ridge,0.675,0.5111724564465878,0.16382754355341222,"{""model__alpha"": 10.0}"
818,1,valence,ridge,0.1375,0.22264956323432283,0.08514956323432282,"{""model__alpha"": 10.0}"
825,1,valence,ridge,0.8375,0.6620172069046522,0.17548279309534787,"{""model__alpha"": 10.0}"
828,1,valence,ridge,0.6,0.7256027850094643,0.1256027850094643,"{""model__alpha"": 10.0}"
833,1,valence,ridge,0.7,0.7610598649564607,0.06105986495646076,"{""model__alpha"": 10.0}"
834,1,valence,ridge,0.8125,0.6554164645705318,0.15708353542946818,"{""model__alpha"": 10.0}"
836,1,valence,ridge,0.7875,0.7755335232169166,0.01196647678308338,"{""model__alpha"": 10.0}"
837,1,valence,ridge,0.725,0.8529229690009426,0.12792296900094258,"{""model__alpha"": 10.0}"
847,1,valence,ridge,0.7625,0.5611838421512296,0.20131615784877033,"{""model__alpha"": 10.0}"
852,1,valence,ridge,0.45,0.4635677064625122,0.013567706462512208,"{""model__alpha"": 10.0}"
853,1,valence,ridge,0.625,0.7452398488000385,0.12023984880003846,"{""model__alpha"": 10.0}"
859,1,valence,ridge,0.725,0.5985431251012172,0.12645687489878277,"{""model__alpha"": 10.0}"
860,1,valence,ridge,0.6375,0.6418542327272203,0.004354232727220353,"{""model__alpha"": 10.0}"
862,1,valence,ridge,0.85,0.6968428247761664,0.15315717522383354,"{""model__alpha"": 10.0}"
869,1,valence,ridge,0.5125,0.654326900524147,0.14182690052414704,"{""model__alpha"": 10.0}"
879,1,valence,ridge,0.6375,0.6081608745643404,0.02933912543565953,"{""model__alpha"": 10.0}"
880,1,valence,ridge,0.5375,0.6240301938979759,0.0865301938979759,"{""model__alpha"": 10.0}"
881,1,valence,ridge,0.6,0.6279533678114728,0.02795336781147284,"{""model__alpha"": 10.0}"
885,1,valence,ridge,0.4875,0.3962514108704618,0.0912485891295382,"{""model__alpha"": 10.0}"
892,1,valence,ridge,0.65,0.695219901754454,0.045219901754454006,"{""model__alpha"": 10.0}"
896,1,valence,ridge,0.636363636364,0.7641262020725902,0.12776256570859024,"{""model__alpha"": 10.0}"
908,1,valence,ridge,0.6625,0.7486697326893298,0.08616973268932981,"{""model__alpha"": 10.0}"
909,1,valence,ridge,0.6625,0.7263052452160931,0.0638052452160931,"{""model__alpha"": 10.0}"
918,1,valence,ridge,0.6375,0.6807546451070661,0.043254645107066114,"{""model__alpha"": 10.0}"
921,1,valence,ridge,0.5625,0.6992324371950541,0.13673243719505412,"{""model__alpha"": 10.0}"
925,1,valence,ridge,0.6125,0.6713049148235658,0.05880491482356576,"{""model__alpha"": 10.0}"
928,1,valence,ridge,0.825,0.7019166239534922,0.12308337604650776,"{""model__alpha"": 10.0}"
929,1,valence,ridge,0.3375,0.28833824643470224,0.04916175356529778,"{""model__alpha"": 10.0}"
935,1,valence,ridge,0.386363636364,0.5245811666175433,0.13821753025354327,"{""model__alpha"": 10.0}"
948,1,valence,ridge,0.4,0.4493208392332049,0.049320839233204905,"{""model__alpha"": 10.0}"
957,1,valence,ridge,0.3375,0.5633259620107988,0.22582596201079874,"{""model__alpha"": 10.0}"
966,1,valence,ridge,0.45,0.541086202282994,0.09108620228299397,"{""model__alpha"": 10.0}"
981,1,valence,ridge,0.6,0.6337826487077439,0.033782648707743945,"{""model__alpha"": 10.0}"
984,1,valence,ridge,0.7375,0.8253497033900503,0.08784970339005027,"{""model__alpha"": 10.0}"
989,1,valence,ridge,0.3125,0.630156757281218,0.317656757281218,"{""model__alpha"": 10.0}"
6,2,valence,ridge,0.35,0.27182178461486506,0.07817821538513492,"{""model__alpha"": 100.0}"
10,2,valence,ridge,0.425,0.5536878264030047,0.12868782640300475,"{""model__alpha"": 100.0}"
15,2,valence,ridge,0.6625,0.6829049587706034,0.020404958770603443,"{""model__alpha"": 100.0}"
16,2,valence,ridge,0.575,0.6368687909839014,0.06186879098390141,"{""model__alpha"": 100.0}"
19,2,valence,ridge,0.75,0.6364720271515077,0.11352797284849225,"{""model__alpha"": 100.0}"
43,2,valence,ridge,0.7875,0.7311251026398179,0.056374897360182086,"{""model__alpha"": 100.0}"
44,2,valence,ridge,0.675,0.6825260297824682,0.007526029782468191,"{""model__alpha"": 100.0}"
47,2,valence,ridge,0.4625,0.5118657962731912,0.049365796273191154,"{""model__alpha"": 100.0}"
50,2,valence,ridge,0.5875,0.6497924441786417,0.06229244417864166,"{""model__alpha"": 100.0}"
51,2,valence,ridge,0.7625,0.8205020481684584,0.05800204816845844,"{""model__alpha"": 100.0}"
56,2,valence,ridge,0.275,0.39188724302647093,0.11688724302647091,"{""model__alpha"": 100.0}"
68,2,valence,ridge,0.575,0.46979366857231714,0.10520633142768282,"{""model__alpha"": 100.0}"
78,2,valence,ridge,0.659090909091,0.5240012232065694,0.1350896858844306,"{""model__alpha"": 100.0}"
97,2,valence,ridge,0.75,0.6709269462015868,0.07907305379841323,"{""model__alpha"": 100.0}"
99,2,valence,ridge,0.6875,0.6855087091468138,0.0019912908531861673,"{""model__alpha"": 100.0}"
106,2,valence,ridge,0.675,0.6009120575415694,0.07408794245843064,"{""model__alpha"": 100.0}"
109,2,valence,ridge,0.7875,0.623993600326726,0.16350639967327396,"{""model__alpha"": 100.0}"
117,2,valence,ridge,0.7,0.7952328426468835,0.09523284264688359,"{""model__alpha"": 100.0}"
123,2,valence,ridge,0.4875,0.6302135351740138,0.1427135351740138,"{""model__alpha"": 100.0}"
127,2,valence,ridge,0.825,0.7427740145868448,0.08222598541315518,"{""model__alpha"": 100.0}"
133,2,valence,ridge,0.7375,0.5581073949777515,0.17939260502224852,"{""model__alpha"": 100.0}"
134,2,valence,ridge,0.7125,0.744430019937711,0.03193001993771094,"{""model__alpha"": 100.0}"
137,2,valence,ridge,0.7,0.7302448616182639,0.030244861618263896,"{""model__alpha"": 100.0}"
147,2,valence,ridge,0.65,0.6200138732632935,0.02998612673670653,"{""model__alpha"": 100.0}"
153,2,valence,ridge,0.65,0.681424146558197,0.03142414655819703,"{""model__alpha"": 100.0}"
157,2,valence,ridge,0.6818181818179999,0.6175538930606141,0.06426428875738577,"{""model__alpha"": 100.0}"
161,2,valence,ridge,0.7125,0.7141054033191758,0.0016054033191758021,"{""model__alpha"": 100.0}"
162,2,valence,ridge,0.7375,0.6993978956312995,0.03810210436870054,"{""model__alpha"": 100.0}"
170,2,valence,ridge,0.6,0.43138517910174756,0.16861482089825242,"{""model__alpha"": 100.0}"
172,2,valence,ridge,0.625,0.5305334091177016,0.09446659088229836,"{""model__alpha"": 100.0}"
179,2,valence,ridge,0.3125,0.6028613513704288,0.29036135137042884,"{""model__alpha"": 100.0}"
185,2,valence,ridge,0.475,0.6028613513704288,0.12786135137042887,"{""model__alpha"": 100.0}"
186,2,valence,ridge,0.7125,0.5767925206882598,0.1357074793117402,"{""model__alpha"": 100.0}"
196,2,valence,ridge,0.3625,0.3119819784843424,0.050518021515657596,"{""model__alpha"": 100.0}"
197,2,valence,ridge,0.4375,0.5779927671144122,0.14049276711441216,"{""model__alpha"": 100.0}"
198,2,valence,ridge,0.75,0.7610058939301352,0.01100589393013518,"{""model__alpha"": 100.0}"
211,2,valence,ridge,0.65,0.6722930361397108,0.022293036139710787,"{""model__alpha"": 100.0}"
228,2,valence,ridge,0.425,0.5352022118171804,0.11020221181718043,"{""model__alpha"": 100.0}"
230,2,valence,ridge,0.7375,0.5244888635444757,0.21301113645552439,"{""model__alpha"": 100.0}"
236,2,valence,ridge,0.3,0.31060954100539667,0.010609541005396683,"{""model__alpha"": 100.0}"
237,2,valence,ridge,0.3125,0.4201493595961324,0.10764935959613242,"{""model__alpha"": 100.0}"
238,2,valence,ridge,0.5625,0.5561573034459719,0.006342696554028082,"{""model__alpha"": 100.0}"
244,2,valence,ridge,0.4125,0.457994221537247,0.045494221537247026,"{""model__alpha"": 100.0}"
249,2,valence,ridge,0.45,0.36880556333073733,0.08119443666926268,"{""model__alpha"": 100.0}"
252,2,valence,ridge,0.3625,0.3426482982309529,0.019851701769047103,"{""model__alpha"": 100.0}"
275,2,valence,ridge,0.4125,0.2366787721523283,0.17582122784767168,"{""model__alpha"": 100.0}"
277,2,valence,ridge,0.3875,0.43867713657362845,0.051177136573628434,"{""model__alpha"": 100.0}"
283,2,valence,ridge,0.5375,0.6006278539588981,0.06312785395889808,"{""model__alpha"": 100.0}"
295,2,valence,ridge,0.75,0.6822712165312784,0.06772878346872158,"{""model__alpha"": 100.0}"
298,2,valence,ridge,0.7375,0.6802943453656984,0.057205654634301606,"{""model__alpha"": 100.0}"
308,2,valence,ridge,0.85,0.7379641206318868,0.11203587936811321,"{""model__alpha"": 100.0}"
309,2,valence,ridge,0.3875,0.46380526395613775,0.07630526395613774,"{""model__alpha"": 100.0}"
315,2,valence,ridge,0.65,0.6479530350078172,0.0020469649921828204,"{""model__alpha"": 100.0}"
319,2,valence,ridge,0.5,0.709456615344503,0.209456615344503,"{""model__alpha"": 100.0}"
327,2,valence,ridge,0.7375,0.6838845793333448,0.053615420666655256,"{""model__alpha"": 100.0}"
333,2,valence,ridge,0.775,0.692889351154959,0.08211064884504105,"{""model__alpha"": 100.0}"
342,2,valence,ridge,0.6875,0.6058071603970533,0.08169283960294671,"{""model__alpha"": 100.0}"
343,2,valence,ridge,0.55,0.659811188481433,0.10981118848143301,"{""model__alpha"": 100.0}"
349,2,valence,ridge,0.3375,0.3946240952748359,0.05712409527483586,"{""model__alpha"": 100.0}"
356,2,valence,ridge,0.5625,0.5581824133058635,0.00431758669413651,"{""model__alpha"": 100.0}"
361,2,valence,ridge,0.55,0.5757399062412023,0.02573990624120226,"{""model__alpha"": 100.0}"
367,2,valence,ridge,0.3125,0.5594551429221472,0.24695514292214715,"{""model__alpha"": 100.0}"
373,2,valence,ridge,0.725,0.7561989067792927,0.031198906779292712,"{""model__alpha"": 100.0}"
381,2,valence,ridge,0.8,0.7528934289387792,0.04710657106122085,"{""model__alpha"": 100.0}"
385,2,valence,ridge,0.75,0.6885651485303503,0.061434851469649665,"{""model__alpha"": 100.0}"
386,2,valence,ridge,0.5875,0.5456844610826189,0.0418155389173811,"{""model__alpha"": 100.0}"
397,2,valence,ridge,0.3375,0.4165791164205799,0.07907911642057985,"{""model__alpha"": 100.0}"
405,2,valence,ridge,0.7125,0.6237868133970842,0.08871318660291583,"{""model__alpha"": 100.0}"
407,2,valence,ridge,0.5625,0.6544293346560988,0.09192933465609876,"{""model__alpha"": 100.0}"
412,2,valence,ridge,0.4375,0.6106388900026577,0.1731388900026577,"{""model__alpha"": 100.0}"
414,2,valence,ridge,0.545454545455,0.48582692889787193,0.059627616557128116,"{""model__alpha"": 100.0}"
415,2,valence,ridge,0.5227272727269999,0.5653849168158174,0.04265764408881745,"{""model__alpha"": 100.0}"
427,2,valence,ridge,0.7,0.6281676188036851,0.07183238119631485,"{""model__alpha"": 100.0}"
443,2,valence,ridge,0.675,0.7108772645574344,0.03587726455743434,"{""model__alpha"": 100.0}"
449,2,valence,ridge,0.7375,0.7286491504868274,0.00885084951317261,"{""model__alpha"": 100.0}"
452,2,valence,ridge,0.7375,0.5135429319897686,0.2239570680102314,"{""model__alpha"": 100.0}"
454,2,valence,ridge,0.8125,0.7726828122013715,0.03981718779862853,"{""model__alpha"": 100.0}"
462,2,valence,ridge,0.65,0.5629890698494359,0.08701093015056416,"{""model__alpha"": 100.0}"
463,2,valence,ridge,0.5625,0.6034628390565063,0.04096283905650633,"{""model__alpha"": 100.0}"
472,2,valence,ridge,0.6625,0.687760549923,0.025260549922999975,"{""model__alpha"": 100.0}"
479,2,valence,ridge,0.3875,0.6805749248952079,0.29307492489520787,"{""model__alpha"": 100.0}"
483,2,valence,ridge,0.5125,0.45276391896949664,0.05973608103050332,"{""model__alpha"": 100.0}"
495,2,valence,ridge,0.475,0.5202857298385546,0.04528572983855461,"{""model__alpha"": 100.0}"
501,2,valence,ridge,0.8125,0.6404662978129703,0.17203370218702974,"{""model__alpha"": 100.0}"
504,2,valence,ridge,0.675,0.5999063990013404,0.0750936009986597,"{""model__alpha"": 100.0}"
516,2,valence,ridge,0.4625,0.5213653888037988,0.05886538880379877,"{""model__alpha"": 100.0}"
526,2,valence,ridge,0.525,0.27992411297841735,0.24507588702158267,"{""model__alpha"": 100.0}"
531,2,valence,ridge,0.3,0.4058403676145672,0.10584036761456722,"{""model__alpha"": 100.0}"
535,2,valence,ridge,0.7875,0.7379211691035709,0.049578830896429116,"{""model__alpha"": 100.0}"
551,2,valence,ridge,0.375,0.3847810263987375,0.009781026398737513,"{""model__alpha"": 100.0}"
552,2,valence,ridge,0.8125,0.7035006551734622,0.10899934482653784,"{""model__alpha"": 100.0}"
554,2,valence,ridge,0.65,0.6580148964878866,0.008014896487886558,"{""model__alpha"": 100.0}"
558,2,valence,ridge,0.5125,0.6033430447728355,0.09084304477283556,"{""model__alpha"": 100.0}"
570,2,valence,ridge,0.5375,0.5552918834149763,0.017791883414976284,"{""model__alpha"": 100.0}"
577,2,valence,ridge,0.575,0.6268079560287504,0.051807956028750435,"{""model__alpha"": 100.0}"
580,2,valence,ridge,0.7875,0.7712427028479061,0.016257297152093897,"{""model__alpha"": 100.0}"
582,2,valence,ridge,0.5,0.5978305224131509,0.09783052241315093,"{""model__alpha"": 100.0}"
589,2,valence,ridge,0.4875,0.38163596388015136,0.10586403611984863,"{""model__alpha"": 100.0}"
592,2,valence,ridge,0.4125,0.5327392114728893,0.1202392114728893,"{""model__alpha"": 100.0}"
606,2,valence,ridge,0.8,0.7634058471121011,0.03659415288789891,"{""model__alpha"": 100.0}"
608,2,valence,ridge,0.5625,0.6305397592853598,0.06803975928535977,"{""model__alpha"": 100.0}"
621,2,valence,ridge,0.55,0.5673025836748088,0.017302583674808747,"{""model__alpha"": 100.0}"
622,2,valence,ridge,0.675,0.6478201796070682,0.027179820392931875,"{""model__alpha"": 100.0}"
625,2,valence,ridge,0.65,0.7849036048745841,0.13490360487458408,"{""model__alpha"": 100.0}"
628,2,valence,ridge,0.625,0.691776319650939,0.066776319650939,"{""model__alpha"": 100.0}"
630,2,valence,ridge,0.775,0.6515164508227135,0.12348354917728654,"{""model__alpha"": 100.0}"
643,2,valence,ridge,0.5875,0.48377790574848406,0.10372209425151596,"{""model__alpha"": 100.0}"
645,2,valence,ridge,0.6125,0.586145730600137,0.026354269399863073,"{""model__alpha"": 100.0}"
647,2,valence,ridge,0.6125,0.5821245916574518,0.03037540834254826,"{""model__alpha"": 100.0}"
656,2,valence,ridge,0.4125,0.5102138824165104,0.09771388241651047,"{""model__alpha"": 100.0}"
665,2,valence,ridge,0.75,0.6544646325520758,0.09553536744792424,"{""model__alpha"": 100.0}"
676,2,valence,ridge,0.475,0.6235613218170891,0.14856132181708914,"{""model__alpha"": 100.0}"
681,2,valence,ridge,0.7,0.7291958409866613,0.029195840986661392,"{""model__alpha"": 100.0}"
682,2,valence,ridge,0.6125,0.7140044532395892,0.10150445323958912,"{""model__alpha"": 100.0}"
697,2,valence,ridge,0.4875,0.4916469327341312,0.004146932734131192,"{""model__alpha"": 100.0}"
705,2,valence,ridge,0.4375,0.48255289890824604,0.04505289890824604,"{""model__alpha"": 100.0}"
711,2,valence,ridge,0.675,0.5383859390545409,0.13661406094545914,"{""model__alpha"": 100.0}"
717,2,valence,ridge,0.6875,0.6201008189166946,0.06739918108330545,"{""model__alpha"": 100.0}"
728,2,valence,ridge,0.275,0.4899973351411748,0.21499733514117475,"{""model__alpha"": 100.0}"
748,2,valence,ridge,0.4625,0.4035649171740455,0.0589350828259545,"{""model__alpha"": 100.0}"
755,2,valence,ridge,0.625,0.5608919516198259,0.06410804838017414,"{""model__alpha"": 100.0}"
759,2,valence,ridge,0.8375,0.5806805811571967,0.25681941884280335,"{""model__alpha"": 100.0}"
761,2,valence,ridge,0.7875,0.5144804660271021,0.2730195339728979,"{""model__alpha"": 100.0}"
765,2,valence,ridge,0.7625,0.6624941271216609,0.10000587287833906,"{""model__alpha"": 100.0}"
767,2,valence,ridge,0.5125,0.5059132854973443,0.006586714502655688,"{""model__alpha"": 100.0}"
777,2,valence,ridge,0.475,0.6678445279232098,0.19284452792320983,"{""model__alpha"": 100.0}"
804,2,valence,ridge,0.65,0.718488655283992,0.06848865528399195,"{""model__alpha"": 100.0}"
814,2,valence,ridge,0.7375,0.6120619512187142,0.12543804878128584,"{""model__alpha"": 100.0}"
823,2,valence,ridge,0.6625,0.6020740128905059,0.060425987109494095,"{""model__alpha"": 100.0}"
844,2,valence,ridge,0.75,0.7425648925507705,0.007435107449229483,"{""model__alpha"": 100.0}"
846,2,valence,ridge,0.5375,0.5956488764439524,0.05814887644395239,"{""model__alpha"": 100.0}"
855,2,valence,ridge,0.775,0.744054031078375,0.030945968921625044,"{""model__alpha"": 100.0}"
882,2,valence,ridge,0.6,0.7951947331452119,0.19519473314521196,"{""model__alpha"": 100.0}"
884,2,valence,ridge,0.7625,0.6447625174952369,0.11773748250476301,"{""model__alpha"": 100.0}"
889,2,valence,ridge,0.75,0.794367808788798,0.04436780878879798,"{""model__alpha"": 100.0}"
894,2,valence,ridge,0.375,0.38420195171076504,0.009201951710765044,"{""model__alpha"": 100.0}"
900,2,valence,ridge,0.5375,0.6050867964093102,0.0675867964093102,"{""model__alpha"": 100.0}"
907,2,valence,ridge,0.5625,0.5421408329995048,0.020359167000495226,"{""model__alpha"": 100.0}"
915,2,valence,ridge,0.575,0.5559704175274547,0.01902958247254527,"{""model__alpha"": 100.0}"
916,2,valence,ridge,0.3375,0.4611029651316424,0.12360296513164237,"{""model__alpha"": 100.0}"
922,2,valence,ridge,0.7375,0.7060725799204717,0.03142742007952837,"{""model__alpha"": 100.0}"
931,2,valence,ridge,0.5,0.5427926237558823,0.04279262375588233,"{""model__alpha"": 100.0}"
934,2,valence,ridge,0.3875,0.511803385365204,0.12430338536520397,"{""model__alpha"": 100.0}"
936,2,valence,ridge,0.45,0.3821716072117085,0.0678283927882915,"{""model__alpha"": 100.0}"
951,2,valence,ridge,0.75,0.6079558522298123,0.1420441477701877,"{""model__alpha"": 100.0}"
967,2,valence,ridge,0.5125,0.4900617449064037,0.02243825509359626,"{""model__alpha"": 100.0}"
973,2,valence,ridge,0.6,0.4893444805173333,0.11065551948266666,"{""model__alpha"": 100.0}"
979,2,valence,ridge,0.5125,0.4598946720081844,0.052605327991815554,"{""model__alpha"": 100.0}"
985,2,valence,ridge,0.7,0.7170442516969612,0.01704425169696122,"{""model__alpha"": 100.0}"
992,2,valence,ridge,0.3625,0.5704499022832277,0.20794990228322768,"{""model__alpha"": 100.0}"
993,2,valence,ridge,0.7625,0.6660564138178189,0.09644358618218107,"{""model__alpha"": 100.0}"
997,2,valence,ridge,0.6625,0.7199508089793322,0.05745080897933219,"{""model__alpha"": 100.0}"
999,2,valence,ridge,0.775,0.7693066058018545,0.005693394198145518,"{""model__alpha"": 100.0}"
7,3,valence,ridge,0.725,0.6939979212816888,0.031002078718311177,"{""model__alpha"": 100.0}"
13,3,valence,ridge,0.5875,0.6768754072444652,0.08937540724446513,"{""model__alpha"": 100.0}"
14,3,valence,ridge,0.575,0.6001712774296001,0.025171277429600125,"{""model__alpha"": 100.0}"
17,3,valence,ridge,0.675,0.6550956504512075,0.0199043495487925,"{""model__alpha"": 100.0}"
31,3,valence,ridge,0.4375,0.6080230616339907,0.17052306163399067,"{""model__alpha"": 100.0}"
57,3,valence,ridge,0.3625,0.36293792659871665,0.00043792659871666473,"{""model__alpha"": 100.0}"
76,3,valence,ridge,0.65,0.5915330540377951,0.05846694596220492,"{""model__alpha"": 100.0}"
79,3,valence,ridge,0.625,0.6941672224563423,0.06916722245634233,"{""model__alpha"": 100.0}"
83,3,valence,ridge,0.725,0.7137556578899744,0.011244342110025562,"{""model__alpha"": 100.0}"
98,3,valence,ridge,0.65,0.6691075683037123,0.019107568303712297,"{""model__alpha"": 100.0}"
105,3,valence,ridge,0.3875,0.4416016915284473,0.05410169152844729,"{""model__alpha"": 100.0}"
114,3,valence,ridge,0.7375,0.6008049335981285,0.13669506640187157,"{""model__alpha"": 100.0}"
115,3,valence,ridge,0.8,0.7110493829422077,0.08895061705779239,"{""model__alpha"": 100.0}"
132,3,valence,ridge,0.7125,0.667494804758824,0.04500519524117608,"{""model__alpha"": 100.0}"
135,3,valence,ridge,0.4,0.6129047642189281,0.21290476421892812,"{""model__alpha"": 100.0}"
138,3,valence,ridge,0.5875,0.6366538910182536,0.049153891018253626,"{""model__alpha"": 100.0}"
148,3,valence,ridge,0.5,0.4872867992704503,0.012713200729549679,"{""model__alpha"": 100.0}"
150,3,valence,ridge,0.725,0.580329518964084,0.14467048103591595,"{""model__alpha"": 100.0}"
151,3,valence,ridge,0.6125,0.5607666178981325,0.05173338210186751,"{""model__alpha"": 100.0}"
158,3,valence,ridge,0.7875,0.7686803756945898,0.018819624305410176,"{""model__alpha"": 100.0}"
168,3,valence,ridge,0.625,0.5988334862429314,0.026166513757068577,"{""model__alpha"": 100.0}"
169,3,valence,ridge,0.6,0.6828357761317152,0.08283577613171522,"{""model__alpha"": 100.0}"
175,3,valence,ridge,0.45,0.4266795048629498,0.0233204951370502,"{""model__alpha"": 100.0}"
203,3,valence,ridge,0.6875,0.721614322442415,0.03411432244241497,"{""model__alpha"": 100.0}"
209,3,valence,ridge,0.775,0.700773629705396,0.074226370294604,"{""model__alpha"": 100.0}"
212,3,valence,ridge,0.6,0.6733751467708955,0.07337514677089552,"{""model__alpha"": 100.0}"
213,3,valence,ridge,0.3625,0.43687315491426215,0.07437315491426216,"{""model__alpha"": 100.0}"
216,3,valence,ridge,0.6625,0.6722919575478695,0.009791957547869545,"{""model__alpha"": 100.0}"
221,3,valence,ridge,0.7,0.7423833800025689,0.042383380002568916,"{""model__alpha"": 100.0}"
224,3,valence,ridge,0.5,0.3657978578941272,0.13420214210587278,"{""model__alpha"": 100.0}"
225,3,valence,ridge,0.525,0.562848347984173,0.037848347984173025,"{""model__alpha"": 100.0}"
227,3,valence,ridge,0.425,0.4086089189368121,0.016391081063187873,"{""model__alpha"": 100.0}"
232,3,valence,ridge,0.475,0.5088854029321083,0.03388540293210829,"{""model__alpha"": 100.0}"
241,3,valence,ridge,0.5625,0.5280557140637118,0.03444428593628823,"{""model__alpha"": 100.0}"
282,3,valence,ridge,0.525,0.5165920631232853,0.008407936876714706,"{""model__alpha"": 100.0}"
287,3,valence,ridge,0.6875,0.49119716056950313,0.19630283943049687,"{""model__alpha"": 100.0}"
293,3,valence,ridge,0.6375,0.694787404008651,0.057287404008651066,"{""model__alpha"": 100.0}"
297,3,valence,ridge,0.7,0.620680454454353,0.07931954554564691,"{""model__alpha"": 100.0}"
302,3,valence,ridge,0.575,0.7209299493195322,0.1459299493195323,"{""model__alpha"": 100.0}"
305,3,valence,ridge,0.75,0.6207987589513723,0.12920124104862774,"{""model__alpha"": 100.0}"
313,3,valence,ridge,0.6625,0.6480176154263109,0.014482384573689111,"{""model__alpha"": 100.0}"
325,3,valence,ridge,0.6125,0.5727642279110142,0.03973577208898582,"{""model__alpha"": 100.0}"
336,3,valence,ridge,0.725,0.7476998571136204,0.022699857113620436,"{""model__alpha"": 100.0}"
351,3,valence,ridge,0.55,0.5778505205798233,0.02785052057982329,"{""model__alpha"": 100.0}"
360,3,valence,ridge,0.55,0.5954569892680642,0.045456989268064185,"{""model__alpha"": 100.0}"
364,3,valence,ridge,0.4,0.432735733473841,0.032735733473840956,"{""model__alpha"": 100.0}"
366,3,valence,ridge,0.2875,0.37224425789994864,0.08474425789994866,"{""model__alpha"": 100.0}"
382,3,valence,ridge,0.863636363636,0.7044868843463497,0.1591494792896504,"{""model__alpha"": 100.0}"
394,3,valence,ridge,0.675,0.554464748986724,0.120535251013276,"{""model__alpha"": 100.0}"
398,3,valence,ridge,0.4375,0.37536921587671696,0.062130784123283045,"{""model__alpha"": 100.0}"
401,3,valence,ridge,0.25,0.2574393984506338,0.007439398450633794,"{""model__alpha"": 100.0}"
402,3,valence,ridge,0.6875,0.7163963167472798,0.02889631674727977,"{""model__alpha"": 100.0}"
410,3,valence,ridge,0.45,0.621175537749555,0.17117553774955502,"{""model__alpha"": 100.0}"
417,3,valence,ridge,0.775,0.8205046273432255,0.04550462734322547,"{""model__alpha"": 100.0}"
421,3,valence,ridge,0.725,0.6613040581443358,0.06369594185566418,"{""model__alpha"": 100.0}"
424,3,valence,ridge,0.65,0.5799897644461296,0.07001023555387043,"{""model__alpha"": 100.0}"
429,3,valence,ridge,0.4,0.4529644430079943,0.0529644430079943,"{""model__alpha"": 100.0}"
431,3,valence,ridge,0.6375,0.3814320927736134,0.25606790722638656,"{""model__alpha"": 100.0}"
437,3,valence,ridge,0.375,0.4525996607928604,0.0775996607928604,"{""model__alpha"": 100.0}"
440,3,valence,ridge,0.2875,0.4962635072240594,0.2087635072240594,"{""model__alpha"": 100.0}"
445,3,valence,ridge,0.4625,0.5973936223484797,0.13489362234847968,"{""model__alpha"": 100.0}"
446,3,valence,ridge,0.4875,0.563490982471589,0.07599098247158903,"{""model__alpha"": 100.0}"
447,3,valence,ridge,0.6,0.5983110041444684,0.0016889958555316165,"{""model__alpha"": 100.0}"
448,3,valence,ridge,0.7375,0.8104886912459854,0.0729886912459854,"{""model__alpha"": 100.0}"
450,3,valence,ridge,0.7625,0.7182882484275541,0.044211751572445834,"{""model__alpha"": 100.0}"
451,3,valence,ridge,0.8375,0.7259142464764174,0.11158575352358258,"{""model__alpha"": 100.0}"
456,3,valence,ridge,0.525,0.6763517261235389,0.15135172612353887,"{""model__alpha"": 100.0}"
482,3,valence,ridge,0.568181818182,0.6602614957500769,0.09207967756807689,"{""model__alpha"": 100.0}"
485,3,valence,ridge,0.7,0.6913281087092639,0.008671891290736089,"{""model__alpha"": 100.0}"
488,3,valence,ridge,0.6,0.6301964340437515,0.030196434043751497,"{""model__alpha"": 100.0}"
494,3,valence,ridge,0.4625,0.5741404775548358,0.11164047755483575,"{""model__alpha"": 100.0}"
510,3,valence,ridge,0.825,0.7886236854460433,0.036376314553956623,"{""model__alpha"": 100.0}"
511,3,valence,ridge,0.7375,0.6812463352058049,0.056253664794195135,"{""model__alpha"": 100.0}"
520,3,valence,ridge,0.15,0.5002706349684758,0.35027063496847577,"{""model__alpha"": 100.0}"
523,3,valence,ridge,0.3375,0.4679972402897345,0.13049724028973447,"{""model__alpha"": 100.0}"
565,3,valence,ridge,0.6375,0.6827320853745289,0.04523208537452894,"{""model__alpha"": 100.0}"
568,3,valence,ridge,0.825,0.8053335503853207,0.019666449614679227,"{""model__alpha"": 100.0}"
579,3,valence,ridge,0.225,0.5443590106479798,0.3193590106479798,"{""model__alpha"": 100.0}"
583,3,valence,ridge,0.5,0.5016055965892939,0.001605596589293934,"{""model__alpha"": 100.0}"
585,3,valence,ridge,0.4625,0.49517652978013,0.03267652978012997,"{""model__alpha"": 100.0}"
587,3,valence,ridge,0.6,0.5975519384368773,0.0024480615631227165,"{""model__alpha"": 100.0}"
590,3,valence,ridge,0.3625,0.47606916305556046,0.11356916305556047,"{""model__alpha"": 100.0}"
597,3,valence,ridge,0.7,0.725026599415338,0.025026599415338024,"{""model__alpha"": 100.0}"
605,3,valence,ridge,0.875,0.7754557402287706,0.09954425977122938,"{""model__alpha"": 100.0}"
609,3,valence,ridge,0.5125,0.5839158361747364,0.07141583617473646,"{""model__alpha"": 100.0}"
612,3,valence,ridge,0.375,0.4656016871641147,0.09060168716411471,"{""model__alpha"": 100.0}"
624,3,valence,ridge,0.55,0.6317796456156197,0.08177964561561968,"{""model__alpha"": 100.0}"
626,3,valence,ridge,0.775,0.7920537523249374,0.017053752324937332,"{""model__alpha"": 100.0}"
627,3,valence,ridge,0.675,0.7255794417564811,0.0505794417564811,"{""model__alpha"": 100.0}"
631,3,valence,ridge,0.5625,0.6288694821172389,0.06636948211723892,"{""model__alpha"": 100.0}"
636,3,valence,ridge,0.75,0.678822969695404,0.07117703030459599,"{""model__alpha"": 100.0}"
653,3,valence,ridge,0.6625,0.6995349594242296,0.03703495942422963,"{""model__alpha"": 100.0}"
654,3,valence,ridge,0.875,0.7338726636101081,0.14112733638989194,"{""model__alpha"": 100.0}"
660,3,valence,ridge,0.825,0.5983509438929919,0.22664905610700803,"{""model__alpha"": 100.0}"
668,3,valence,ridge,0.65,0.661808552323503,0.011808552323502974,"{""model__alpha"": 100.0}"
670,3,valence,ridge,0.425,0.48596146499509596,0.06096146499509597,"{""model__alpha"": 100.0}"
672,3,valence,ridge,0.4625,0.4812248086964619,0.01872480869646187,"{""model__alpha"": 100.0}"
677,3,valence,ridge,0.3625,0.5188293280186571,0.15632932801865712,"{""model__alpha"": 100.0}"
679,3,valence,ridge,0.6,0.5591099913131473,0.040890008686852664,"{""model__alpha"": 100.0}"
688,3,valence,ridge,0.4625,0.4224183490384278,0.040081650961572235,"{""model__alpha"": 100.0}"
689,3,valence,ridge,0.35,0.6647588980564373,0.3147588980564373,"{""model__alpha"": 100.0}"
700,3,valence,ridge,0.475,0.5144994747172902,0.039499474717290206,"{""model__alpha"": 100.0}"
704,3,valence,ridge,0.7,0.5397114302911188,0.16028856970888117,"{""model__alpha"": 100.0}"
706,3,valence,ridge,0.6125,0.5802966348293204,0.032203365170679676,"{""model__alpha"": 100.0}"
713,3,valence,ridge,0.7375,0.7229039224502933,0.01459607754970671,"{""model__alpha"": 100.0}"
715,3,valence,ridge,0.525,0.6668751586920678,0.1418751586920678,"{""model__alpha"": 100.0}"
727,3,valence,ridge,0.475,0.421306055624033,0.05369394437596697,"{""model__alpha"": 100.0}"
732,3,valence,ridge,0.6125,0.6398010341910936,0.02730103419109353,"{""model__alpha"": 100.0}"
733,3,valence,ridge,0.6,0.5470312890858832,0.05296871091411681,"{""model__alpha"": 100.0}"
736,3,valence,ridge,0.4125,0.5465865503861919,0.13408655038619188,"{""model__alpha"": 100.0}"
741,3,valence,ridge,0.425,0.5929978325999327,0.16799783259993267,"{""model__alpha"": 100.0}"
745,3,valence,ridge,0.6125,0.5906638352586263,0.02183616474137373,"{""model__alpha"": 100.0}"
747,3,valence,ridge,0.775,0.684294347544137,0.09070565245586304,"{""model__alpha"": 100.0}"
752,3,valence,ridge,0.7875,0.5736205909044425,0.21387940909555747,"{""model__alpha"": 100.0}"
753,3,valence,ridge,0.625,0.6693155501787118,0.044315550178711804,"{""model__alpha"": 100.0}"
754,3,valence,ridge,0.8,0.6533970180370253,0.14660298196297472,"{""model__alpha"": 100.0}"
770,3,valence,ridge,0.6125,0.6591069754792459,0.04660697547924586,"{""model__alpha"": 100.0}"
779,3,valence,ridge,0.4125,0.6192326474238113,0.20673264742381137,"{""model__alpha"": 100.0}"
783,3,valence,ridge,0.45,0.4703373325856593,0.020337332585659285,"{""model__alpha"": 100.0}"
790,3,valence,ridge,0.725,0.7007983958045236,0.024201604195476345,"{""model__alpha"": 100.0}"
792,3,valence,ridge,0.625,0.6986633673137496,0.07366336731374956,"{""model__alpha"": 100.0}"
793,3,valence,ridge,0.6375,0.6510708227119052,0.01357082271190524,"{""model__alpha"": 100.0}"
803,3,valence,ridge,0.75,0.6017403360323325,0.14825966396766754,"{""model__alpha"": 100.0}"
807,3,valence,ridge,0.3625,0.35153744734142317,0.010962552658576818,"{""model__alpha"": 100.0}"
808,3,valence,ridge,0.25,0.4684223606951576,0.21842236069515758,"{""model__alpha"": 100.0}"
816,3,valence,ridge,0.425,0.5477101707649428,0.12271017076494278,"{""model__alpha"": 100.0}"
829,3,valence,ridge,0.8125,0.7266815832402597,0.08581841675974033,"{""model__alpha"": 100.0}"
831,3,valence,ridge,0.9125,0.7069646599080848,0.2055353400919152,"{""model__alpha"": 100.0}"
839,3,valence,ridge,0.625,0.6937945625811517,0.06879456258115169,"{""model__alpha"": 100.0}"
850,3,valence,ridge,0.6125,0.5981603195021858,0.0143396804978142,"{""model__alpha"": 100.0}"
851,3,valence,ridge,0.4125,0.6202071049327724,0.20770710493277245,"{""model__alpha"": 100.0}"
857,3,valence,ridge,0.2125,0.6006068602260541,0.3881068602260541,"{""model__alpha"": 100.0}"
863,3,valence,ridge,0.625,0.6445026317832255,0.019502631783225532,"{""model__alpha"": 100.0}"
864,3,valence,ridge,0.409090909091,0.46442231020032787,0.05533140110932788,"{""model__alpha"": 100.0}"
871,3,valence,ridge,0.65,0.5928301649408683,0.05716983505913176,"{""model__alpha"": 100.0}"
886,3,valence,ridge,0.725,0.6498317536869055,0.07516824631309449,"{""model__alpha"": 100.0}"
888,3,valence,ridge,0.675,0.583221147215918,0.09177885278408204,"{""model__alpha"": 100.0}"
897,3,valence,ridge,0.5625,0.4637717178999795,0.09872828210002049,"{""model__alpha"": 100.0}"
904,3,valence,ridge,0.5625,0.5874293823550787,0.02492938235507869,"{""model__alpha"": 100.0}"
905,3,valence,ridge,0.575,0.50212943215361,0.07287056784639001,"{""model__alpha"": 100.0}"
911,3,valence,ridge,0.3875,0.4156501403359959,0.028150140335995888,"{""model__alpha"": 100.0}"
919,3,valence,ridge,0.7375,0.6586749971661959,0.07882500283380411,"{""model__alpha"": 100.0}"
926,3,valence,ridge,0.4875,0.448172589615355,0.03932741038464499,"{""model__alpha"": 100.0}"
937,3,valence,ridge,0.5875,0.6250225398574307,0.0375225398574307,"{""model__alpha"": 100.0}"
941,3,valence,ridge,0.3,0.40812819724670124,0.10812819724670125,"{""model__alpha"": 100.0}"
943,3,valence,ridge,0.4875,0.43279631148410364,0.054703688515896354,"{""model__alpha"": 100.0}"
945,3,valence,ridge,0.575,0.5757660104596553,0.0007660104596552975,"{""model__alpha"": 100.0}"
953,3,valence,ridge,0.55,0.4399910911411691,0.11000890885883097,"{""model__alpha"": 100.0}"
964,3,valence,ridge,0.6,0.48388953191277995,0.11611046808722003,"{""model__alpha"": 100.0}"
968,3,valence,ridge,0.4,0.5956075093356574,0.1956075093356574,"{""model__alpha"": 100.0}"
971,3,valence,ridge,0.55,0.5360190632447971,0.013980936755202955,"{""model__alpha"": 100.0}"
974,3,valence,ridge,0.5875,0.6080112536619613,0.02051125366196127,"{""model__alpha"": 100.0}"
983,3,valence,ridge,0.5,0.7438213534628618,0.24382135346286182,"{""model__alpha"": 100.0}"
21,4,valence,ridge,0.775,0.738723055772042,0.03627694422795802,"{""model__alpha"": 100.0}"
25,4,valence,ridge,0.784090909091,0.6808859424683766,0.10320496662262335,"{""model__alpha"": 100.0}"
26,4,valence,ridge,0.7625,0.695503869141982,0.06699613085801792,"{""model__alpha"": 100.0}"
29,4,valence,ridge,0.675,0.6823381781740585,0.007338178174058463,"{""model__alpha"": 100.0}"
32,4,valence,ridge,0.3875,0.4959210895057208,0.10842108950572077,"{""model__alpha"": 100.0}"
34,4,valence,ridge,0.8375,0.6737347367673124,0.16376526323268759,"{""model__alpha"": 100.0}"
35,4,valence,ridge,0.625,0.5126585756354942,0.11234142436450578,"{""model__alpha"": 100.0}"
40,4,valence,ridge,0.6625,0.5752821269402911,0.08721787305970885,"{""model__alpha"": 100.0}"
42,4,valence,ridge,0.6,0.6502794656542183,0.05027946565421837,"{""model__alpha"": 100.0}"
48,4,valence,ridge,0.8375,0.7103854206120573,0.12711457938794268,"{""model__alpha"": 100.0}"
54,4,valence,ridge,0.775,0.7204236768319144,0.05457632316808558,"{""model__alpha"": 100.0}"
58,4,valence,ridge,0.25,0.42663469317650093,0.17663469317650093,"{""model__alpha"": 100.0}"
59,4,valence,ridge,0.6,0.4529405862879404,0.14705941371205955,"{""model__alpha"": 100.0}"
60,4,valence,ridge,0.409090909091,0.44410935039425836,0.035018441303258374,"{""model__alpha"": 100.0}"
71,4,valence,ridge,0.5875,0.720777042882178,0.133277042882178,"{""model__alpha"": 100.0}"
80,4,valence,ridge,0.7625,0.7413215198583956,0.021178480141604394,"{""model__alpha"": 100.0}"
81,4,valence,ridge,0.7,0.6992461444734948,0.0007538555265051983,"{""model__alpha"": 100.0}"
84,4,valence,ridge,0.8,0.6550178736314163,0.14498212636858376,"{""model__alpha"": 100.0}"
86,4,valence,ridge,0.725,0.6196683406517132,0.10533165934828681,"{""model__alpha"": 100.0}"
89,4,valence,ridge,0.75,0.6761764705141703,0.07382352948582971,"{""model__alpha"": 100.0}"
91,4,valence,ridge,0.7375,0.7546261252672214,0.017126125267221348,"{""model__alpha"": 100.0}"
93,4,valence,ridge,0.65,0.5496990882711892,0.10030091172881084,"{""model__alpha"": 100.0}"
96,4,valence,ridge,0.825,0.6985865910176969,0.12641340898230302,"{""model__alpha"": 100.0}"
103,4,valence,ridge,0.775,0.5098351021563331,0.2651648978436669,"{""model__alpha"": 100.0}"
107,4,valence,ridge,0.6125,0.6055339109422702,0.006966089057729885,"{""model__alpha"": 100.0}"
116,4,valence,ridge,0.7625,0.7148272063978125,0.04767279360218746,"{""model__alpha"": 100.0}"
119,4,valence,ridge,0.6625,0.47896400613784673,0.18353599386215325,"{""model__alpha"": 100.0}"
120,4,valence,ridge,0.7625,0.5594218823079252,0.20307811769207473,"{""model__alpha"": 100.0}"
140,4,valence,ridge,0.65,0.6283972322308616,0.021602767769138387,"{""model__alpha"": 100.0}"
144,4,valence,ridge,0.825,0.7880179887021732,0.036982011297826745,"{""model__alpha"": 100.0}"
145,4,valence,ridge,0.75,0.7116495949624406,0.038350405037559376,"{""model__alpha"": 100.0}"
159,4,valence,ridge,0.675,0.7279746356866469,0.05297463568664684,"{""model__alpha"": 100.0}"
167,4,valence,ridge,0.775,0.7498256187112785,0.025174381288721515,"{""model__alpha"": 100.0}"
171,4,valence,ridge,0.8125,0.8072556288345626,0.0052443711654374114,"{""model__alpha"": 100.0}"
188,4,valence,ridge,0.4,0.5131284596700467,0.1131284596700467,"{""model__alpha"": 100.0}"
201,4,valence,ridge,0.6875,0.6684367535722529,0.01906324642774715,"{""model__alpha"": 100.0}"
215,4,valence,ridge,0.5125,0.5461196774066963,0.03361967740669636,"{""model__alpha"": 100.0}"
229,4,valence,ridge,0.4,0.45327468375775337,0.05327468375775335,"{""model__alpha"": 100.0}"
235,4,valence,ridge,0.7,0.6241328039504729,0.07586719604952707,"{""model__alpha"": 100.0}"
258,4,valence,ridge,0.475,0.3785420853430406,0.09645791465695935,"{""model__alpha"": 100.0}"
260,4,valence,ridge,0.3,0.4157407568856243,0.1157407568856243,"{""model__alpha"": 100.0}"
276,4,valence,ridge,0.5125,0.4629285793881554,0.04957142061184455,"{""model__alpha"": 100.0}"
284,4,valence,ridge,0.4875,0.547872141285519,0.06037214128551899,"{""model__alpha"": 100.0}"
285,4,valence,ridge,0.525,0.45443531095791206,0.07056468904208796,"{""model__alpha"": 100.0}"
300,4,valence,ridge,0.7625,0.7148649331146074,0.04763506688539254,"{""model__alpha"": 100.0}"
303,4,valence,ridge,0.6125,0.5460012399312236,0.06649876006877642,"{""model__alpha"": 100.0}"
316,4,valence,ridge,0.8625,0.6330822109193618,0.22941778908063826,"{""model__alpha"": 100.0}"
321,4,valence,ridge,0.4875,0.5845492171886331,0.09704921718863307,"{""model__alpha"": 100.0}"
326,4,valence,ridge,0.7,0.6364431255823003,0.06355687441769964,"{""model__alpha"": 100.0}"
331,4,valence,ridge,0.8,0.790950138304337,0.00904986169566302,"{""model__alpha"": 100.0}"
337,4,valence,ridge,0.8125,0.7320491452037471,0.08045085479625291,"{""model__alpha"": 100.0}"
339,4,valence,ridge,0.7875,0.6722415789205416,0.11525842107945838,"{""model__alpha"": 100.0}"
348,4,valence,ridge,0.3,0.46551282905625446,0.16551282905625447,"{""model__alpha"": 100.0}"
350,4,valence,ridge,0.375,0.4126345265673895,0.037634526567389526,"{""model__alpha"": 100.0}"
354,4,valence,ridge,0.5125,0.40586970511557763,0.10663029488442233,"{""model__alpha"": 100.0}"
355,4,valence,ridge,0.325,0.4732353647654772,0.14823536476547716,"{""model__alpha"": 100.0}"
358,4,valence,ridge,0.6875,0.4660990467591374,0.22140095324086262,"{""model__alpha"": 100.0}"
383,4,valence,ridge,0.4125,0.6070717693759264,0.19457176937592646,"{""model__alpha"": 100.0}"
388,4,valence,ridge,0.7125,0.6566194839149159,0.05588051608508415,"{""model__alpha"": 100.0}"
389,4,valence,ridge,0.3625,0.38334920844668047,0.02084920844668048,"{""model__alpha"": 100.0}"
393,4,valence,ridge,0.4625,0.5554661748659532,0.09296617486595316,"{""model__alpha"": 100.0}"
395,4,valence,ridge,0.675,0.6031643575603034,0.07183564243969665,"{""model__alpha"": 100.0}"
396,4,valence,ridge,0.7125,0.6636315821157815,0.048868417884218474,"{""model__alpha"": 100.0}"
409,4,valence,ridge,0.6625,0.7190588236076414,0.05655882360764142,"{""model__alpha"": 100.0}"
413,4,valence,ridge,0.675,0.6755937372976092,0.0005937372976091426,"{""model__alpha"": 100.0}"
419,4,valence,ridge,0.225,0.30226548366032086,0.07726548366032085,"{""model__alpha"": 100.0}"
423,4,valence,ridge,0.65,0.6643699109910141,0.014369910991014034,"{""model__alpha"": 100.0}"
428,4,valence,ridge,0.5625,0.4449053304146877,0.11759466958531228,"{""model__alpha"": 100.0}"
433,4,valence,ridge,0.5,0.5005766935550786,0.0005766935550786112,"{""model__alpha"": 100.0}"
438,4,valence,ridge,0.325,0.3952089951992125,0.07020899519921248,"{""model__alpha"": 100.0}"
439,4,valence,ridge,0.2625,0.4718638458961313,0.20936384589613127,"{""model__alpha"": 100.0}"
444,4,valence,ridge,0.7625,0.669728456025824,0.09277154397417597,"{""model__alpha"": 100.0}"
457,4,valence,ridge,0.7875,0.6625272291761269,0.12497277082387304,"{""model__alpha"": 100.0}"
458,4,valence,ridge,0.7375,0.7097943175963428,0.027705682403657228,"{""model__alpha"": 100.0}"
460,4,valence,ridge,0.7,0.664961442379707,0.035038557620292954,"{""model__alpha"": 100.0}"
468,4,valence,ridge,0.7875,0.5846608708805658,0.20283912911943414,"{""model__alpha"": 100.0}"
470,4,valence,ridge,0.85,0.6461635002054601,0.20383649979453988,"{""model__alpha"": 100.0}"
476,4,valence,ridge,0.8625,0.6831854631156714,0.17931453688432863,"{""model__alpha"": 100.0}"
477,4,valence,ridge,0.7125,0.6699974466188707,0.04250255338112929,"{""model__alpha"": 100.0}"
481,4,valence,ridge,0.6125,0.645834126961686,0.03333412696168592,"{""model__alpha"": 100.0}"
490,4,valence,ridge,0.6875,0.6853525691435822,0.0021474308564177758,"{""model__alpha"": 100.0}"
505,4,valence,ridge,0.6125,0.6531453349762071,0.04064533497620704,"{""model__alpha"": 100.0}"
506,4,valence,ridge,0.375,0.520046466945596,0.14504646694559598,"{""model__alpha"": 100.0}"
508,4,valence,ridge,0.5375,0.5822696973899169,0.044769697389916874,"{""model__alpha"": 100.0}"
514,4,valence,ridge,0.75,0.6472755246821665,0.10272447531783346,"{""model__alpha"": 100.0}"
518,4,valence,ridge,0.5125,0.4589275087342163,0.05357249126578367,"{""model__alpha"": 100.0}"
524,4,valence,ridge,0.275,0.4335089055510216,0.1585089055510216,"{""model__alpha"": 100.0}"
532,4,valence,ridge,0.3375,0.3183121808882807,0.019187819111719295,"{""model__alpha"": 100.0}"
534,4,valence,ridge,0.2875,0.43341179056740986,0.14591179056740988,"{""model__alpha"": 100.0}"
537,4,valence,ridge,0.7125,0.7039551779420048,0.008544822057995227,"{""model__alpha"": 100.0}"
539,4,valence,ridge,0.65,0.528293472860384,0.12170652713961605,"{""model__alpha"": 100.0}"
540,4,valence,ridge,0.3875,0.6041283432949944,0.21662834329499442,"{""model__alpha"": 100.0}"
541,4,valence,ridge,0.35,0.4458114558989844,0.09581145589898443,"{""model__alpha"": 100.0}"
561,4,valence,ridge,0.8875,0.6789375316166665,0.20856246838333348,"{""model__alpha"": 100.0}"
563,4,valence,ridge,0.6875,0.615070754714238,0.072429245285762,"{""model__alpha"": 100.0}"
564,4,valence,ridge,0.475,0.713958843115609,0.238958843115609,"{""model__alpha"": 100.0}"
567,4,valence,ridge,0.825,0.7975023261893573,0.02749767381064261,"{""model__alpha"": 100.0}"
573,4,valence,ridge,0.7625,0.6743108266862149,0.08818917331378506,"{""model__alpha"": 100.0}"
575,4,valence,ridge,0.7875,0.6294159889112761,0.15808401108872383,"{""model__alpha"": 100.0}"
584,4,valence,ridge,0.4625,0.46613228134648094,0.0036322813464809145,"{""model__alpha"": 100.0}"
594,4,valence,ridge,0.4375,0.4010143003875617,0.036485699612438305,"{""model__alpha"": 100.0}"
595,4,valence,ridge,0.4,0.4409357474612421,0.04093574746124207,"{""model__alpha"": 100.0}"
600,4,valence,ridge,0.65,0.5450144917569739,0.1049855082430261,"{""model__alpha"": 100.0}"
602,4,valence,ridge,0.5375,0.5785214239115266,0.04102142391152663,"{""model__alpha"": 100.0}"
603,4,valence,ridge,0.7125,0.7346305900263147,0.022130590026314678,"{""model__alpha"": 100.0}"
607,4,valence,ridge,0.6375,0.6646118927080596,0.027111892708059693,"{""model__alpha"": 100.0}"
611,4,valence,ridge,0.475,0.5025180854897825,0.027518085489782518,"{""model__alpha"": 100.0}"
613,4,valence,ridge,0.6875,0.7203708552265679,0.03287085522656785,"{""model__alpha"": 100.0}"
615,4,valence,ridge,0.675,0.6909779773167701,0.015977977316770087,"{""model__alpha"": 100.0}"
616,4,valence,ridge,0.7875,0.6917543529117783,0.09574564708822164,"{""model__alpha"": 100.0}"
639,4,valence,ridge,0.6875,0.6543755288409443,0.0331244711590557,"{""model__alpha"": 100.0}"
644,4,valence,ridge,0.7625,0.5631698115475098,0.19933018845249018,"{""model__alpha"": 100.0}"
650,4,valence,ridge,0.5375,0.5330736888631247,0.004426311136875305,"{""model__alpha"": 100.0}"
657,4,valence,ridge,0.5125,0.5974547472069185,0.08495474720691853,"{""model__alpha"": 100.0}"
659,4,valence,ridge,0.375,0.5968646503937935,0.22186465039379355,"{""model__alpha"": 100.0}"
674,4,valence,ridge,0.25,0.4649047729429376,0.21490477294293758,"{""model__alpha"": 100.0}"
683,4,valence,ridge,0.7375,0.4373718670370228,0.30012813296297725,"{""model__alpha"": 100.0}"
693,4,valence,ridge,0.4,0.49590492433861866,0.09590492433861864,"{""model__alpha"": 100.0}"
703,4,valence,ridge,0.545454545455,0.5438548191892016,0.0015997262657984068,"{""model__alpha"": 100.0}"
716,4,valence,ridge,0.525,0.5742250496264428,0.04922504962644281,"{""model__alpha"": 100.0}"
726,4,valence,ridge,0.7125,0.7327435463460757,0.020243546346075725,"{""model__alpha"": 100.0}"
734,4,valence,ridge,0.825,0.600148730831191,0.22485126916880893,"{""model__alpha"": 100.0}"
740,4,valence,ridge,0.75,0.7022513154539447,0.0477486845460553,"{""model__alpha"": 100.0}"
744,4,valence,ridge,0.725,0.6581679731825181,0.0668320268174819,"{""model__alpha"": 100.0}"
760,4,valence,ridge,0.7375,0.6977703986985916,0.03972960130140846,"{""model__alpha"": 100.0}"
771,4,valence,ridge,0.5625,0.7038143078913928,0.14131430789139277,"{""model__alpha"": 100.0}"
774,4,valence,ridge,0.75,0.6484443553035754,0.10155564469642464,"{""model__alpha"": 100.0}"
775,4,valence,ridge,0.475,0.5514665849823247,0.07646658498232473,"{""model__alpha"": 100.0}"
778,4,valence,ridge,0.8125,0.7544151757734974,0.05808482422650263,"{""model__alpha"": 100.0}"
786,4,valence,ridge,0.45,0.45990419517709247,0.009904195177092456,"{""model__alpha"": 100.0}"
794,4,valence,ridge,0.575,0.5900102331024375,0.015010233102437542,"{""model__alpha"": 100.0}"
798,4,valence,ridge,0.6,0.6493547582952433,0.04935475829524327,"{""model__alpha"": 100.0}"
799,4,valence,ridge,0.5375,0.7227388541631228,0.1852388541631228,"{""model__alpha"": 100.0}"
806,4,valence,ridge,0.725,0.5619114293177935,0.1630885706822065,"{""model__alpha"": 100.0}"
815,4,valence,ridge,0.3125,0.4864878421035902,0.1739878421035902,"{""model__alpha"": 100.0}"
824,4,valence,ridge,0.825,0.7225548273221327,0.10244517267786724,"{""model__alpha"": 100.0}"
827,4,valence,ridge,0.825,0.6492952111852549,0.17570478881474505,"{""model__alpha"": 100.0}"
830,4,valence,ridge,0.6,0.7164574763473333,0.11645747634733328,"{""model__alpha"": 100.0}"
832,4,valence,ridge,0.625,0.697369266373369,0.07236926637336905,"{""model__alpha"": 100.0}"
848,4,valence,ridge,0.5125,0.6271867539076436,0.1146867539076436,"{""model__alpha"": 100.0}"
861,4,valence,ridge,0.7625,0.77926719834606,0.016767198346059997,"{""model__alpha"": 100.0}"
868,4,valence,ridge,0.625,0.7225108524673804,0.09751085246738045,"{""model__alpha"": 100.0}"
913,4,valence,ridge,0.275,0.5526372113646453,0.27763721136464525,"{""model__alpha"": 100.0}"
927,4,valence,ridge,0.65,0.6675460193251291,0.017546019325129114,"{""model__alpha"": 100.0}"
932,4,valence,ridge,0.6625,0.7534633317084749,0.09096333170847493,"{""model__alpha"": 100.0}"
933,4,valence,ridge,0.7375,0.681899472521552,0.055600527478448014,"{""model__alpha"": 100.0}"
950,4,valence,ridge,0.6875,0.5484065285236613,0.13909347147633866,"{""model__alpha"": 100.0}"
958,4,valence,ridge,0.8625,0.6353274076055728,0.22717259239442722,"{""model__alpha"": 100.0}"
959,4,valence,ridge,0.45,0.5725533356231699,0.12255333562316989,"{""model__alpha"": 100.0}"
962,4,valence,ridge,0.2,0.6091177852998682,0.40911778529986814,"{""model__alpha"": 100.0}"
969,4,valence,ridge,0.175,0.6034211453055949,0.4284211453055949,"{""model__alpha"": 100.0}"
970,4,valence,ridge,0.4875,0.5061040480691155,0.018604048069115475,"{""model__alpha"": 100.0}"
980,4,valence,ridge,0.725,0.6153161304220218,0.10968386957797815,"{""model__alpha"": 100.0}"
5,0,valence,svr_rbf,0.2,0.31371877478064647,0.11371877478064646,"{""model__C"": 1, ""model__epsilon"": 0.03, ""model__gamma"": ""scale""}"
9,0,valence,svr_rbf,0.2875,0.45183533782962987,0.1643353378296299,"{""model__C"": 1, ""model__epsilon"": 0.03, ""model__gamma"": ""scale""}"
12,0,valence,svr_rbf,0.575,0.56840086656309,0.0065991334369099874,"{""model__C"": 1, ""model__epsilon"": 0.03, ""model__gamma"": ""scale""}"
18,0,valence,svr_rbf,0.8375,0.6300183563474895,0.20748164365251054,"{""model__C"": 1, ""model__epsilon"": 0.03, ""model__gamma"": ""scale""}"
20,0,valence,svr_rbf,0.6375,0.6704142891942614,0.032914289194261426,"{""model__C"": 1, ""model__epsilon"": 0.03, ""model__gamma"": ""scale""}"
23,0,valence,svr_rbf,0.675,0.7032722453910958,0.02827224539109574,"{""model__C"": 1, ""model__epsilon"": 0.03, ""model__gamma"": ""scale""}"
30,0,valence,svr_rbf,0.5375,0.46334455176339956,0.07415544823660042,"{""model__C"": 1, ""model__epsilon"": 0.03, ""model__gamma"": ""scale""}"
33,0,valence,svr_rbf,0.75,0.601236482573556,0.148763517426444,"{""model__C"": 1, ""model__epsilon"": 0.03, ""model__gamma"": ""scale""}"
37,0,valence,svr_rbf,0.75,0.6810085956994787,0.06899140430052131,"{""model__C"": 1, ""model__epsilon"": 0.03, ""model__gamma"": ""scale""}"
38,0,valence,svr_rbf,0.8375,0.7462400311424622,0.09125996885753784,"{""model__C"": 1, ""model__epsilon"": 0.03, ""model__gamma"": ""scale""}"
49,0,valence,svr_rbf,0.7125,0.7029260034607959,0.0095739965392041,"{""model__C"": 1, ""model__epsilon"": 0.03, ""model__gamma"": ""scale""}"
63,0,valence,svr_rbf,0.4625,0.435027416221915,0.027472583778085036,"{""model__C"": 1, ""model__epsilon"": 0.03, ""model__gamma"": ""scale""}"
65,0,valence,svr_rbf,0.75,0.6278685653896938,0.12213143461030618,"{""model__C"": 1, ""model__epsilon"": 0.03, ""model__gamma"": ""scale""}"
69,0,valence,svr_rbf,0.775,0.7169686408873979,0.058031359112602154,"{""model__C"": 1, ""model__epsilon"": 0.03, ""model__gamma"": ""scale""}"
70,0,valence,svr_rbf,0.525,0.6793533852043078,0.15435338520430775,"{""model__C"": 1, ""model__epsilon"": 0.03, ""model__gamma"": ""scale""}"
75,0,valence,svr_rbf,0.7375,0.7902917620833356,0.05279176208333558,"{""model__C"": 1, ""model__epsilon"": 0.03, ""model__gamma"": ""scale""}"
87,0,valence,svr_rbf,0.6,0.6290269733819087,0.02902697338190874,"{""model__C"": 1, ""model__epsilon"": 0.03, ""model__gamma"": ""scale""}"
90,0,valence,svr_rbf,0.4875,0.6552567599505129,0.16775675995051292,"{""model__C"": 1, ""model__epsilon"": 0.03, ""model__gamma"": ""scale""}"
92,0,valence,svr_rbf,0.575,0.6552567599505129,0.08025675995051296,"{""model__C"": 1, ""model__epsilon"": 0.03, ""model__gamma"": ""scale""}"
100,0,valence,svr_rbf,0.3,0.47616402131410435,0.17616402131410436,"{""model__C"": 1, ""model__epsilon"": 0.03, ""model__gamma"": ""scale""}"
113,0,valence,svr_rbf,0.7125,0.5918729351481672,0.12062706485183283,"{""model__C"": 1, ""model__epsilon"": 0.03, ""model__gamma"": ""scale""}"
124,0,valence,svr_rbf,0.8375,0.6611138313526468,0.17638616864735324,"{""model__C"": 1, ""model__epsilon"": 0.03, ""model__gamma"": ""scale""}"
126,0,valence,svr_rbf,0.7,0.7357878125906137,0.0357878125906137,"{""model__C"": 1, ""model__epsilon"": 0.03, ""model__gamma"": ""scale""}"
128,0,valence,svr_rbf,0.6,0.5970731161369675,0.0029268838630325256,"{""model__C"": 1, ""model__epsilon"": 0.03, ""model__gamma"": ""scale""}"
136,0,valence,svr_rbf,0.525,0.5060169480666032,0.018983051933396777,"{""model__C"": 1, ""model__epsilon"": 0.03, ""model__gamma"": ""scale""}"
141,0,valence,svr_rbf,0.65,0.5117968668318233,0.13820313316817667,"{""model__C"": 1, ""model__epsilon"": 0.03, ""model__gamma"": ""scale""}"
142,0,valence,svr_rbf,0.625,0.51136480233103,0.11363519766897001,"{""model__C"": 1, ""model__epsilon"": 0.03, ""model__gamma"": ""scale""}"
166,0,valence,svr_rbf,0.575,0.6344626018592006,0.0594626018592006,"{""model__C"": 1, ""model__epsilon"": 0.03, ""model__gamma"": ""scale""}"
174,0,valence,svr_rbf,0.534090909091,0.5492850808631224,0.015194171772122456,"{""model__C"": 1, ""model__epsilon"": 0.03, ""model__gamma"": ""scale""}"
176,0,valence,svr_rbf,0.65,0.6983373121519493,0.04833731215194925,"{""model__C"": 1, ""model__epsilon"": 0.03, ""model__gamma"": ""scale""}"
181,0,valence,svr_rbf,0.625,0.5348431979903835,0.09015680200961651,"{""model__C"": 1, ""model__epsilon"": 0.03, ""model__gamma"": ""scale""}"
184,0,valence,svr_rbf,0.6375,0.5400635077067159,0.0974364922932841,"{""model__C"": 1, ""model__epsilon"": 0.03, ""model__gamma"": ""scale""}"
187,0,valence,svr_rbf,0.675,0.5384548125900862,0.13654518740991384,"{""model__C"": 1, ""model__epsilon"": 0.03, ""model__gamma"": ""scale""}"
199,0,valence,svr_rbf,0.6875,0.6064446815787785,0.08105531842122149,"{""model__C"": 1, ""model__epsilon"": 0.03, ""model__gamma"": ""scale""}"
200,0,valence,svr_rbf,0.5625,0.5077910158369323,0.054708984163067687,"{""model__C"": 1, ""model__epsilon"": 0.03, ""model__gamma"": ""scale""}"
202,0,valence,svr_rbf,0.7625,0.7423328471426516,0.02016715285734838,"{""model__C"": 1, ""model__epsilon"": 0.03, ""model__gamma"": ""scale""}"
210,0,valence,svr_rbf,0.725,0.788731047498708,0.06373104749870806,"{""model__C"": 1, ""model__epsilon"": 0.03, ""model__gamma"": ""scale""}"
217,0,valence,svr_rbf,0.575,0.6696872134598757,0.09468721345987574,"{""model__C"": 1, ""model__epsilon"": 0.03, ""model__gamma"": ""scale""}"
219,0,valence,svr_rbf,0.75,0.6862143371833186,0.06378566281668141,"{""model__C"": 1, ""model__epsilon"": 0.03, ""model__gamma"": ""scale""}"
231,0,valence,svr_rbf,0.55,0.481908927747199,0.06809107225280103,"{""model__C"": 1, ""model__epsilon"": 0.03, ""model__gamma"": ""scale""}"
234,0,valence,svr_rbf,0.4375,0.36518910995336684,0.07231089004663316,"{""model__C"": 1, ""model__epsilon"": 0.03, ""model__gamma"": ""scale""}"
239,0,valence,svr_rbf,0.6875,0.39251566946964556,0.29498433053035444,"{""model__C"": 1, ""model__epsilon"": 0.03, ""model__gamma"": ""scale""}"
242,0,valence,svr_rbf,0.6125,0.551003775694324,0.06149622430567603,"{""model__C"": 1, ""model__epsilon"": 0.03, ""model__gamma"": ""scale""}"
251,0,valence,svr_rbf,0.4659090909089999,0.4749998357578873,0.009090744848887389,"{""model__C"": 1, ""model__epsilon"": 0.03, ""model__gamma"": ""scale""}"
253,0,valence,svr_rbf,0.525,0.3668091030178864,0.15819089698211364,"{""model__C"": 1, ""model__epsilon"": 0.03, ""model__gamma"": ""scale""}"
263,0,valence,svr_rbf,0.35,0.43912109624251827,0.0891210962425183,"{""model__C"": 1, ""model__epsilon"": 0.03, ""model__gamma"": ""scale""}"
267,0,valence,svr_rbf,0.35,0.36343026198349904,0.013430261983499059,"{""model__C"": 1, ""model__epsilon"": 0.03, ""model__gamma"": ""scale""}"
269,0,valence,svr_rbf,0.6375,0.5392714715188078,0.09822852848119212,"{""model__C"": 1, ""model__epsilon"": 0.03, ""model__gamma"": ""scale""}"
273,0,valence,svr_rbf,0.3625,0.35476380231826676,0.007736197681733226,"{""model__C"": 1, ""model__epsilon"": 0.03, ""model__gamma"": ""scale""}"
280,0,valence,svr_rbf,0.525,0.39304273707143417,0.13195726292856585,"{""model__C"": 1, ""model__epsilon"": 0.03, ""model__gamma"": ""scale""}"
292,0,valence,svr_rbf,0.8625,0.6148190891639398,0.24768091083606025,"{""model__C"": 1, ""model__epsilon"": 0.03, ""model__gamma"": ""scale""}"
296,0,valence,svr_rbf,0.8,0.7946825696620256,0.005317430337974494,"{""model__C"": 1, ""model__epsilon"": 0.03, ""model__gamma"": ""scale""}"
306,0,valence,svr_rbf,0.875,0.7102133282607244,0.16478667173927564,"{""model__C"": 1, ""model__epsilon"": 0.03, ""model__gamma"": ""scale""}"
307,0,valence,svr_rbf,0.575,0.6083342098136205,0.03333420981362056,"{""model__C"": 1, ""model__epsilon"": 0.03, ""model__gamma"": ""scale""}"
310,0,valence,svr_rbf,0.675,0.5459598041983819,0.12904019580161818,"{""model__C"": 1, ""model__epsilon"": 0.03, ""model__gamma"": ""scale""}"
312,0,valence,svr_rbf,0.7875,0.8287126750627756,0.041212675062775594,"{""model__C"": 1, ""model__epsilon"": 0.03, ""model__gamma"": ""scale""}"
318,0,valence,svr_rbf,0.825,0.7469180371347455,0.07808196286525448,"{""model__C"": 1, ""model__epsilon"": 0.03, ""model__gamma"": ""scale""}"
323,0,valence,svr_rbf,0.725,0.5621240192938237,0.16287598070617626,"{""model__C"": 1, ""model__epsilon"": 0.03, ""model__gamma"": ""scale""}"
329,0,valence,svr_rbf,0.7875,0.7874705523478172,2.9447652182823525e-05,"{""model__C"": 1, ""model__epsilon"": 0.03, ""model__gamma"": ""scale""}"
332,0,valence,svr_rbf,0.725,0.7068341451762248,0.018165854823775196,"{""model__C"": 1, ""model__epsilon"": 0.03, ""model__gamma"": ""scale""}"
338,0,valence,svr_rbf,0.7125,0.6871847741753003,0.025315225824699694,"{""model__C"": 1, ""model__epsilon"": 0.03, ""model__gamma"": ""scale""}"
341,0,valence,svr_rbf,0.8,0.5747220888573444,0.2252779111426556,"{""model__C"": 1, ""model__epsilon"": 0.03, ""model__gamma"": ""scale""}"
347,0,valence,svr_rbf,0.3375,0.4616056870468307,0.12410568704683067,"{""model__C"": 1, ""model__epsilon"": 0.03, ""model__gamma"": ""scale""}"
353,0,valence,svr_rbf,0.5875,0.5797820553621793,0.007717944637820717,"{""model__C"": 1, ""model__epsilon"": 0.03, ""model__gamma"": ""scale""}"
375,0,valence,svr_rbf,0.775,0.6369805760170855,0.13801942398291456,"{""model__C"": 1, ""model__epsilon"": 0.03, ""model__gamma"": ""scale""}"
376,0,valence,svr_rbf,0.6625,0.5036059391895374,0.15889406081046253,"{""model__C"": 1, ""model__epsilon"": 0.03, ""model__gamma"": ""scale""}"
399,0,valence,svr_rbf,0.45,0.4488256039538768,0.0011743960461232383,"{""model__C"": 1, ""model__epsilon"": 0.03, ""model__gamma"": ""scale""}"
411,0,valence,svr_rbf,0.6375,0.5123940042399441,0.12510599576005588,"{""model__C"": 1, ""model__epsilon"": 0.03, ""model__gamma"": ""scale""}"
418,0,valence,svr_rbf,0.375,0.4657538279593003,0.09075382795930031,"{""model__C"": 1, ""model__epsilon"": 0.03, ""model__gamma"": ""scale""}"
420,0,valence,svr_rbf,0.55,0.5243509146009752,0.025649085399024885,"{""model__C"": 1, ""model__epsilon"": 0.03, ""model__gamma"": ""scale""}"
432,0,valence,svr_rbf,0.4,0.3953702817642183,0.004629718235781732,"{""model__C"": 1, ""model__epsilon"": 0.03, ""model__gamma"": ""scale""}"
434,0,valence,svr_rbf,0.3875,0.5767121430447615,0.18921214304476147,"{""model__C"": 1, ""model__epsilon"": 0.03, ""model__gamma"": ""scale""}"
455,0,valence,svr_rbf,0.7375,0.7024810649097314,0.035018935090268655,"{""model__C"": 1, ""model__epsilon"": 0.03, ""model__gamma"": ""scale""}"
466,0,valence,svr_rbf,0.7375,0.6284893990551641,0.10901060094483594,"{""model__C"": 1, ""model__epsilon"": 0.03, ""model__gamma"": ""scale""}"
478,0,valence,svr_rbf,0.675,0.538898537324304,0.136101462675696,"{""model__C"": 1, ""model__epsilon"": 0.03, ""model__gamma"": ""scale""}"
484,0,valence,svr_rbf,0.625,0.6095731734246146,0.01542682657538541,"{""model__C"": 1, ""model__epsilon"": 0.03, ""model__gamma"": ""scale""}"
486,0,valence,svr_rbf,0.575,0.43687812455342095,0.138121875446579,"{""model__C"": 1, ""model__epsilon"": 0.03, ""model__gamma"": ""scale""}"
489,0,valence,svr_rbf,0.7954545454549999,0.8042324125349095,0.008777867079909574,"{""model__C"": 1, ""model__epsilon"": 0.03, ""model__gamma"": ""scale""}"
491,0,valence,svr_rbf,0.4375,0.5393000848728955,0.10180008487289549,"{""model__C"": 1, ""model__epsilon"": 0.03, ""model__gamma"": ""scale""}"
492,0,valence,svr_rbf,0.7875,0.6593197404101896,0.12818025958981039,"{""model__C"": 1, ""model__epsilon"": 0.03, ""model__gamma"": ""scale""}"
493,0,valence,svr_rbf,0.75,0.7241405875018596,0.02585941249814039,"{""model__C"": 1, ""model__epsilon"": 0.03, ""model__gamma"": ""scale""}"
499,0,valence,svr_rbf,0.825,0.6608844039574692,0.1641155960425308,"{""model__C"": 1, ""model__epsilon"": 0.03, ""model__gamma"": ""scale""}"
515,0,valence,svr_rbf,0.7875,0.7182747448936098,0.06922525510639022,"{""model__C"": 1, ""model__epsilon"": 0.03, ""model__gamma"": ""scale""}"
517,0,valence,svr_rbf,0.425,0.5275769614206955,0.10257696142069556,"{""model__C"": 1, ""model__epsilon"": 0.03, ""model__gamma"": ""scale""}"
519,0,valence,svr_rbf,0.2625,0.3484925198933484,0.08599251989334838,"{""model__C"": 1, ""model__epsilon"": 0.03, ""model__gamma"": ""scale""}"
522,0,valence,svr_rbf,0.4625,0.38719886271872345,0.07530113728127658,"{""model__C"": 1, ""model__epsilon"": 0.03, ""model__gamma"": ""scale""}"
530,0,valence,svr_rbf,0.3409090909089999,0.40027829972893814,0.059369208819938235,"{""model__C"": 1, ""model__epsilon"": 0.03, ""model__gamma"": ""scale""}"
542,0,valence,svr_rbf,0.6125,0.5039956124470548,0.10850438755294523,"{""model__C"": 1, ""model__epsilon"": 0.03, ""model__gamma"": ""scale""}"
544,0,valence,svr_rbf,0.625,0.5596363926725378,0.06536360732746216,"{""model__C"": 1, ""model__epsilon"": 0.03, ""model__gamma"": ""scale""}"
548,0,valence,svr_rbf,0.55,0.47302064091086576,0.07697935908913428,"{""model__C"": 1, ""model__epsilon"": 0.03, ""model__gamma"": ""scale""}"
550,0,valence,svr_rbf,0.375,0.4282813623173222,0.05328136231732222,"{""model__C"": 1, ""model__epsilon"": 0.03, ""model__gamma"": ""scale""}"
555,0,valence,svr_rbf,0.6875,0.7577021552714365,0.07020215527143647,"{""model__C"": 1, ""model__epsilon"": 0.03, ""model__gamma"": ""scale""}"
560,0,valence,svr_rbf,0.5125,0.6288488112019397,0.11634881120193974,"{""model__C"": 1, ""model__epsilon"": 0.03, ""model__gamma"": ""scale""}"
569,0,valence,svr_rbf,0.65,0.7203568757425973,0.0703568757425973,"{""model__C"": 1, ""model__epsilon"": 0.03, ""model__gamma"": ""scale""}"
571,0,valence,svr_rbf,0.725,0.6986922617134897,0.02630773828651023,"{""model__C"": 1, ""model__epsilon"": 0.03, ""model__gamma"": ""scale""}"
578,0,valence,svr_rbf,0.625,0.4816310188806439,0.1433689811193561,"{""model__C"": 1, ""model__epsilon"": 0.03, ""model__gamma"": ""scale""}"
599,0,valence,svr_rbf,0.55,0.6454860080710711,0.0954860080710711,"{""model__C"": 1, ""model__epsilon"": 0.03, ""model__gamma"": ""scale""}"
601,0,valence,svr_rbf,0.7,0.6388551076729467,0.061144892327053224,"{""model__C"": 1, ""model__epsilon"": 0.03, ""model__gamma"": ""scale""}"
629,0,valence,svr_rbf,0.5625,0.511642849393783,0.05085715060621698,"{""model__C"": 1, ""model__epsilon"": 0.03, ""model__gamma"": ""scale""}"
632,0,valence,svr_rbf,0.6875,0.6047183386262767,0.08278166137372334,"{""model__C"": 1, ""model__epsilon"": 0.03, ""model__gamma"": ""scale""}"
638,0,valence,svr_rbf,0.775,0.5986474784721227,0.17635252152787728,"{""model__C"": 1, ""model__epsilon"": 0.03, ""model__gamma"": ""scale""}"
646,0,valence,svr_rbf,0.7875,0.7317391669166787,0.05576083308332125,"{""model__C"": 1, ""model__epsilon"": 0.03, ""model__gamma"": ""scale""}"
649,0,valence,svr_rbf,0.3125,0.5524438124774246,0.23994381247742458,"{""model__C"": 1, ""model__epsilon"": 0.03, ""model__gamma"": ""scale""}"
662,0,valence,svr_rbf,0.525,0.6205573505687321,0.09555735056873205,"{""model__C"": 1, ""model__epsilon"": 0.03, ""model__gamma"": ""scale""}"
675,0,valence,svr_rbf,0.3,0.371210075586206,0.07121007558620601,"{""model__C"": 1, ""model__epsilon"": 0.03, ""model__gamma"": ""scale""}"
684,0,valence,svr_rbf,0.45,0.6630391686501066,0.21303916865010658,"{""model__C"": 1, ""model__epsilon"": 0.03, ""model__gamma"": ""scale""}"
685,0,valence,svr_rbf,0.7375,0.6881315938727675,0.04936840612723259,"{""model__C"": 1, ""model__epsilon"": 0.03, ""model__gamma"": ""scale""}"
686,0,valence,svr_rbf,0.725,0.6250902855506351,0.09990971444936492,"{""model__C"": 1, ""model__epsilon"": 0.03, ""model__gamma"": ""scale""}"
698,0,valence,svr_rbf,0.2625,0.49676128664857777,0.23426128664857776,"{""model__C"": 1, ""model__epsilon"": 0.03, ""model__gamma"": ""scale""}"
699,0,valence,svr_rbf,0.775,0.556003811469544,0.218996188530456,"{""model__C"": 1, ""model__epsilon"": 0.03, ""model__gamma"": ""scale""}"
707,0,valence,svr_rbf,0.3,0.3541797678030023,0.05417976780300232,"{""model__C"": 1, ""model__epsilon"": 0.03, ""model__gamma"": ""scale""}"
719,0,valence,svr_rbf,0.5625,0.6184363369657457,0.05593633696574574,"{""model__C"": 1, ""model__epsilon"": 0.03, ""model__gamma"": ""scale""}"
720,0,valence,svr_rbf,0.6375,0.683777006546299,0.04627700654629907,"{""model__C"": 1, ""model__epsilon"": 0.03, ""model__gamma"": ""scale""}"
729,0,valence,svr_rbf,0.4,0.4693534850804191,0.06935348508041905,"{""model__C"": 1, ""model__epsilon"": 0.03, ""model__gamma"": ""scale""}"
742,0,valence,svr_rbf,0.725,0.6093284331789282,0.11567156682107183,"{""model__C"": 1, ""model__epsilon"": 0.03, ""model__gamma"": ""scale""}"
743,0,valence,svr_rbf,0.725,0.669041694444088,0.05595830555591197,"{""model__C"": 1, ""model__epsilon"": 0.03, ""model__gamma"": ""scale""}"
746,0,valence,svr_rbf,0.7875,0.6848463183623383,0.10265368163766164,"{""model__C"": 1, ""model__epsilon"": 0.03, ""model__gamma"": ""scale""}"
749,0,valence,svr_rbf,0.4875,0.5295643599670268,0.04206435996702679,"{""model__C"": 1, ""model__epsilon"": 0.03, ""model__gamma"": ""scale""}"
769,0,valence,svr_rbf,0.475,0.5194309488889189,0.044430948888918964,"{""model__C"": 1, ""model__epsilon"": 0.03, ""model__gamma"": ""scale""}"
772,0,valence,svr_rbf,0.6125,0.6096773139098555,0.002822686090144577,"{""model__C"": 1, ""model__epsilon"": 0.03, ""model__gamma"": ""scale""}"
776,0,valence,svr_rbf,0.5125,0.7230533594224772,0.21055335942247722,"{""model__C"": 1, ""model__epsilon"": 0.03, ""model__gamma"": ""scale""}"
780,0,valence,svr_rbf,0.4375,0.4855359866312417,0.0480359866312417,"{""model__C"": 1, ""model__epsilon"": 0.03, ""model__gamma"": ""scale""}"
784,0,valence,svr_rbf,0.35,0.45062552468031675,0.10062552468031677,"{""model__C"": 1, ""model__epsilon"": 0.03, ""model__gamma"": ""scale""}"
788,0,valence,svr_rbf,0.525,0.6512247067013213,0.12622470670132124,"{""model__C"": 1, ""model__epsilon"": 0.03, ""model__gamma"": ""scale""}"
789,0,valence,svr_rbf,0.125,0.47900579727733145,0.35400579727733145,"{""model__C"": 1, ""model__epsilon"": 0.03, ""model__gamma"": ""scale""}"
791,0,valence,svr_rbf,0.7125,0.8070379034032719,0.09453790340327184,"{""model__C"": 1, ""model__epsilon"": 0.03, ""model__gamma"": ""scale""}"
809,0,valence,svr_rbf,0.65,0.4730361729538947,0.1769638270461053,"{""model__C"": 1, ""model__epsilon"": 0.03, ""model__gamma"": ""scale""}"
810,0,valence,svr_rbf,0.65,0.5094884764661374,0.14051152353386265,"{""model__C"": 1, ""model__epsilon"": 0.03, ""model__gamma"": ""scale""}"
812,0,valence,svr_rbf,0.6875,0.691217655602608,0.00371765560260795,"{""model__C"": 1, ""model__epsilon"": 0.03, ""model__gamma"": ""scale""}"
820,0,valence,svr_rbf,0.6,0.6571764539718323,0.05717645397183235,"{""model__C"": 1, ""model__epsilon"": 0.03, ""model__gamma"": ""scale""}"
821,0,valence,svr_rbf,0.75,0.7555441163569976,0.005544116356997586,"{""model__C"": 1, ""model__epsilon"": 0.03, ""model__gamma"": ""scale""}"
835,0,valence,svr_rbf,0.6125,0.7753618104745582,0.16286181047455817,"{""model__C"": 1, ""model__epsilon"": 0.03, ""model__gamma"": ""scale""}"
842,0,valence,svr_rbf,0.35,0.583135487384102,0.23313548738410206,"{""model__C"": 1, ""model__epsilon"": 0.03, ""model__gamma"": ""scale""}"
854,0,valence,svr_rbf,0.7875,0.7554213820402389,0.03207861795976108,"{""model__C"": 1, ""model__epsilon"": 0.03, ""model__gamma"": ""scale""}"
858,0,valence,svr_rbf,0.6125,0.6220852099627954,0.009585209962795327,"{""model__C"": 1, ""model__epsilon"": 0.03, ""model__gamma"": ""scale""}"
865,0,valence,svr_rbf,0.7875,0.7477841052305488,0.03971589476945114,"{""model__C"": 1, ""model__epsilon"": 0.03, ""model__gamma"": ""scale""}"
870,0,valence,svr_rbf,0.5625,0.7053540805762206,0.14285408057622062,"{""model__C"": 1, ""model__epsilon"": 0.03, ""model__gamma"": ""scale""}"
876,0,valence,svr_rbf,0.775,0.6803303242403826,0.09466967575961738,"{""model__C"": 1, ""model__epsilon"": 0.03, ""model__gamma"": ""scale""}"
883,0,valence,svr_rbf,0.725,0.5913014388928605,0.1336985611071395,"{""model__C"": 1, ""model__epsilon"": 0.03, ""model__gamma"": ""scale""}"
890,0,valence,svr_rbf,0.7875,0.6935637325492576,0.09393626745074235,"{""model__C"": 1, ""model__epsilon"": 0.03, ""model__gamma"": ""scale""}"
895,0,valence,svr_rbf,0.5125,0.5021310128998945,0.010368987100105476,"{""model__C"": 1, ""model__epsilon"": 0.03, ""model__gamma"": ""scale""}"
903,0,valence,svr_rbf,0.6,0.7923077569395103,0.1923077569395103,"{""model__C"": 1, ""model__epsilon"": 0.03, ""model__gamma"": ""scale""}"
906,0,valence,svr_rbf,0.4375,0.5488397112846881,0.11133971128468811,"{""model__C"": 1, ""model__epsilon"": 0.03, ""model__gamma"": ""scale""}"
917,0,valence,svr_rbf,0.6625,0.6991565969885725,0.03665659698857249,"{""model__C"": 1, ""model__epsilon"": 0.03, ""model__gamma"": ""scale""}"
924,0,valence,svr_rbf,0.65,0.5973740860280841,0.05262591397191596,"{""model__C"": 1, ""model__epsilon"": 0.03, ""model__gamma"": ""scale""}"
938,0,valence,svr_rbf,0.75,0.7111692794339303,0.03883072056606973,"{""model__C"": 1, ""model__epsilon"": 0.03, ""model__gamma"": ""scale""}"
939,0,valence,svr_rbf,0.6625,0.8124020490314928,0.14990204903149285,"{""model__C"": 1, ""model__epsilon"": 0.03, ""model__gamma"": ""scale""}"
940,0,valence,svr_rbf,0.5,0.44875910379015577,0.05124089620984423,"{""model__C"": 1, ""model__epsilon"": 0.03, ""model__gamma"": ""scale""}"
946,0,valence,svr_rbf,0.4,0.5695541866619251,0.16955418666192512,"{""model__C"": 1, ""model__epsilon"": 0.03, ""model__gamma"": ""scale""}"
952,0,valence,svr_rbf,0.4875,0.5433888326571461,0.055888832657146115,"{""model__C"": 1, ""model__epsilon"": 0.03, ""model__gamma"": ""scale""}"
965,0,valence,svr_rbf,0.5375,0.49325348614031034,0.04424651385968964,"{""model__C"": 1, ""model__epsilon"": 0.03, ""model__gamma"": ""scale""}"
978,0,valence,svr_rbf,0.725,0.7889078396990601,0.06390783969906011,"{""model__C"": 1, ""model__epsilon"": 0.03, ""model__gamma"": ""scale""}"
996,0,valence,svr_rbf,0.5625,0.7788168240270692,0.2163168240270692,"{""model__C"": 1, ""model__epsilon"": 0.03, ""model__gamma"": ""scale""}"
1000,0,valence,svr_rbf,0.575,0.7412603664567099,0.16626036645670994,"{""model__C"": 1, ""model__epsilon"": 0.03, ""model__gamma"": ""scale""}"
1,1,valence,svr_rbf,0.575,0.4977380745825276,0.07726192541747234,"{""model__C"": 1, ""model__epsilon"": 0.03, ""model__gamma"": ""scale""}"
4,1,valence,svr_rbf,0.2875,0.2917215348722627,0.004221534872262733,"{""model__C"": 1, ""model__epsilon"": 0.03, ""model__gamma"": ""scale""}"
8,1,valence,svr_rbf,0.225,0.604993842935849,0.37999384293584904,"{""model__C"": 1, ""model__epsilon"": 0.03, ""model__gamma"": ""scale""}"
28,1,valence,svr_rbf,0.575,0.5444199462661212,0.03058005373387873,"{""model__C"": 1, ""model__epsilon"": 0.03, ""model__gamma"": ""scale""}"
39,1,valence,svr_rbf,0.590909090909,0.8508632939402143,0.2599542030312143,"{""model__C"": 1, ""model__epsilon"": 0.03, ""model__gamma"": ""scale""}"
46,1,valence,svr_rbf,0.575,0.5682943893995717,0.006705610600428291,"{""model__C"": 1, ""model__epsilon"": 0.03, ""model__gamma"": ""scale""}"
52,1,valence,svr_rbf,0.4625,0.49125971550462766,0.028759715504627636,"{""model__C"": 1, ""model__epsilon"": 0.03, ""model__gamma"": ""scale""}"
55,1,valence,svr_rbf,0.4,0.433099046720129,0.03309904672012898,"{""model__C"": 1, ""model__epsilon"": 0.03, ""model__gamma"": ""scale""}"
61,1,valence,svr_rbf,0.275,0.41859770253363854,0.14359770253363852,"{""model__C"": 1, ""model__epsilon"": 0.03, ""model__gamma"": ""scale""}"
66,1,valence,svr_rbf,0.7625,0.7610440102463849,0.0014559897536150501,"{""model__C"": 1, ""model__epsilon"": 0.03, ""model__gamma"": ""scale""}"
67,1,valence,svr_rbf,0.5875,0.6953078117398694,0.10780781173986942,"{""model__C"": 1, ""model__epsilon"": 0.03, ""model__gamma"": ""scale""}"
72,1,valence,svr_rbf,0.6875,0.6851048357208434,0.0023951642791566474,"{""model__C"": 1, ""model__epsilon"": 0.03, ""model__gamma"": ""scale""}"
73,1,valence,svr_rbf,0.6875,0.6613368949764152,0.026163105023584765,"{""model__C"": 1, ""model__epsilon"": 0.03, ""model__gamma"": ""scale""}"
74,1,valence,svr_rbf,0.775,0.7280631681954443,0.04693683180455577,"{""model__C"": 1, ""model__epsilon"": 0.03, ""model__gamma"": ""scale""}"
88,1,valence,svr_rbf,0.5875,0.6263927250822953,0.03889272508229524,"{""model__C"": 1, ""model__epsilon"": 0.03, ""model__gamma"": ""scale""}"
94,1,valence,svr_rbf,0.8,0.4532521238669848,0.3467478761330152,"{""model__C"": 1, ""model__epsilon"": 0.03, ""model__gamma"": ""scale""}"
102,1,valence,svr_rbf,0.825,0.630086741491283,0.194913258508717,"{""model__C"": 1, ""model__epsilon"": 0.03, ""model__gamma"": ""scale""}"
104,1,valence,svr_rbf,0.825,0.6998058849120978,0.12519411508790212,"{""model__C"": 1, ""model__epsilon"": 0.03, ""model__gamma"": ""scale""}"
108,1,valence,svr_rbf,0.8625,0.7671796731676426,0.09532032683235747,"{""model__C"": 1, ""model__epsilon"": 0.03, ""model__gamma"": ""scale""}"
139,1,valence,svr_rbf,0.775,0.5475533288705923,0.22744667112940775,"{""model__C"": 1, ""model__epsilon"": 0.03, ""model__gamma"": ""scale""}"
143,1,valence,svr_rbf,0.625,0.6982212041292337,0.07322120412923372,"{""model__C"": 1, ""model__epsilon"": 0.03, ""model__gamma"": ""scale""}"
146,1,valence,svr_rbf,0.7375,0.7056058558558745,0.0318941441441255,"{""model__C"": 1, ""model__epsilon"": 0.03, ""model__gamma"": ""scale""}"
149,1,valence,svr_rbf,0.2625,0.5240273582866887,0.26152735828668866,"{""model__C"": 1, ""model__epsilon"": 0.03, ""model__gamma"": ""scale""}"
152,1,valence,svr_rbf,0.725,0.7680200403292046,0.04302004032920459,"{""model__C"": 1, ""model__epsilon"": 0.03, ""model__gamma"": ""scale""}"
156,1,valence,svr_rbf,0.55,0.48410629841200414,0.0658937015879959,"{""model__C"": 1, ""model__epsilon"": 0.03, ""model__gamma"": ""scale""}"
160,1,valence,svr_rbf,0.8125,0.7643758952887245,0.048124104711275484,"{""model__C"": 1, ""model__epsilon"": 0.03, ""model__gamma"": ""scale""}"
165,1,valence,svr_rbf,0.675,0.6131649804574544,0.061835019542545666,"{""model__C"": 1, ""model__epsilon"": 0.03, ""model__gamma"": ""scale""}"
177,1,valence,svr_rbf,0.5375,0.4348469238130464,0.10265307618695357,"{""model__C"": 1, ""model__epsilon"": 0.03, ""model__gamma"": ""scale""}"
180,1,valence,svr_rbf,0.6875,0.4862955425731078,0.2012044574268922,"{""model__C"": 1, ""model__epsilon"": 0.03, ""model__gamma"": ""scale""}"
189,1,valence,svr_rbf,0.6375,0.4500729555502518,0.18742704444974817,"{""model__C"": 1, ""model__epsilon"": 0.03, ""model__gamma"": ""scale""}"
191,1,valence,svr_rbf,0.825,0.6164614415686864,0.20853855843131353,"{""model__C"": 1, ""model__epsilon"": 0.03, ""model__gamma"": ""scale""}"
192,1,valence,svr_rbf,0.5375,0.472321561811374,0.06517843818862595,"{""model__C"": 1, ""model__epsilon"": 0.03, ""model__gamma"": ""scale""}"
204,1,valence,svr_rbf,0.5875,0.606027991506161,0.018527991506161023,"{""model__C"": 1, ""model__epsilon"": 0.03, ""model__gamma"": ""scale""}"
207,1,valence,svr_rbf,0.7375,0.6277860470228048,0.10971395297719522,"{""model__C"": 1, ""model__epsilon"": 0.03, ""model__gamma"": ""scale""}"
220,1,valence,svr_rbf,0.675,0.7031571004017715,0.02815710040177144,"{""model__C"": 1, ""model__epsilon"": 0.03, ""model__gamma"": ""scale""}"
222,1,valence,svr_rbf,0.35,0.6301163945594672,0.28011639455946724,"{""model__C"": 1, ""model__epsilon"": 0.03, ""model__gamma"": ""scale""}"
233,1,valence,svr_rbf,0.4875,0.5292293295529227,0.04172932955292269,"{""model__C"": 1, ""model__epsilon"": 0.03, ""model__gamma"": ""scale""}"
257,1,valence,svr_rbf,0.3125,0.3391639348117046,0.026663934811704593,"{""model__C"": 1, ""model__epsilon"": 0.03, ""model__gamma"": ""scale""}"
265,1,valence,svr_rbf,0.675,0.45453319333030073,0.2204668066696993,"{""model__C"": 1, ""model__epsilon"": 0.03, ""model__gamma"": ""scale""}"
279,1,valence,svr_rbf,0.4625,0.4519878182687486,0.010512181731251402,"{""model__C"": 1, ""model__epsilon"": 0.03, ""model__gamma"": ""scale""}"
294,1,valence,svr_rbf,0.55,0.7824959453934612,0.2324959453934612,"{""model__C"": 1, ""model__epsilon"": 0.03, ""model__gamma"": ""scale""}"
299,1,valence,svr_rbf,0.65,0.596454751821797,0.05354524817820305,"{""model__C"": 1, ""model__epsilon"": 0.03, ""model__gamma"": ""scale""}"
301,1,valence,svr_rbf,0.7875,0.6827959876351878,0.1047040123648122,"{""model__C"": 1, ""model__epsilon"": 0.03, ""model__gamma"": ""scale""}"
304,1,valence,svr_rbf,0.7375,0.7516200095855312,0.014120009585531168,"{""model__C"": 1, ""model__epsilon"": 0.03, ""model__gamma"": ""scale""}"
314,1,valence,svr_rbf,0.65,0.6231742724898285,0.026825727510171538,"{""model__C"": 1, ""model__epsilon"": 0.03, ""model__gamma"": ""scale""}"
317,1,valence,svr_rbf,0.8625,0.832251107229699,0.030248892770301072,"{""model__C"": 1, ""model__epsilon"": 0.03, ""model__gamma"": ""scale""}"
324,1,valence,svr_rbf,0.55,0.7134946343528228,0.16349463435282274,"{""model__C"": 1, ""model__epsilon"": 0.03, ""model__gamma"": ""scale""}"
334,1,valence,svr_rbf,0.5625,0.44460183596143954,0.11789816403856046,"{""model__C"": 1, ""model__epsilon"": 0.03, ""model__gamma"": ""scale""}"
362,1,valence,svr_rbf,0.4625,0.46239842517554874,0.00010157482445127819,"{""model__C"": 1, ""model__epsilon"": 0.03, ""model__gamma"": ""scale""}"
368,1,valence,svr_rbf,0.575,0.41532546548293686,0.1596745345170631,"{""model__C"": 1, ""model__epsilon"": 0.03, ""model__gamma"": ""scale""}"
370,1,valence,svr_rbf,0.25,0.45583075885687674,0.20583075885687674,"{""model__C"": 1, ""model__epsilon"": 0.03, ""model__gamma"": ""scale""}"
372,1,valence,svr_rbf,0.175,0.46946494830721586,0.29446494830721587,"{""model__C"": 1, ""model__epsilon"": 0.03, ""model__gamma"": ""scale""}"
379,1,valence,svr_rbf,0.9125,0.800035153923546,0.11246484607645402,"{""model__C"": 1, ""model__epsilon"": 0.03, ""model__gamma"": ""scale""}"
391,1,valence,svr_rbf,0.6,0.675692253697127,0.07569225369712707,"{""model__C"": 1, ""model__epsilon"": 0.03, ""model__gamma"": ""scale""}"
403,1,valence,svr_rbf,0.8125,0.7128950873117459,0.09960491268825411,"{""model__C"": 1, ""model__epsilon"": 0.03, ""model__gamma"": ""scale""}"
408,1,valence,svr_rbf,0.6125,0.6927958712633718,0.08029587126337179,"{""model__C"": 1, ""model__epsilon"": 0.03, ""model__gamma"": ""scale""}"
425,1,valence,svr_rbf,0.8125,0.685867526606571,0.12663247339342898,"{""model__C"": 1, ""model__epsilon"": 0.03, ""model__gamma"": ""scale""}"
426,1,valence,svr_rbf,0.7125,0.5897200149449217,0.12277998505507837,"{""model__C"": 1, ""model__epsilon"": 0.03, ""model__gamma"": ""scale""}"
435,1,valence,svr_rbf,0.35,0.39987095221395214,0.04987095221395216,"{""model__C"": 1, ""model__epsilon"": 0.03, ""model__gamma"": ""scale""}"
436,1,valence,svr_rbf,0.35,0.3943393382409017,0.04433933824090175,"{""model__C"": 1, ""model__epsilon"": 0.03, ""model__gamma"": ""scale""}"
441,1,valence,svr_rbf,0.6875,0.673849825646155,0.013650174353844968,"{""model__C"": 1, ""model__epsilon"": 0.03, ""model__gamma"": ""scale""}"
442,1,valence,svr_rbf,0.6125,0.5694354643142726,0.043064535685727434,"{""model__C"": 1, ""model__epsilon"": 0.03, ""model__gamma"": ""scale""}"
461,1,valence,svr_rbf,0.6375,0.5517023305110051,0.08579766948899481,"{""model__C"": 1, ""model__epsilon"": 0.03, ""model__gamma"": ""scale""}"
465,1,valence,svr_rbf,0.425,0.5365375411725856,0.11153754117258557,"{""model__C"": 1, ""model__epsilon"": 0.03, ""model__gamma"": ""scale""}"
469,1,valence,svr_rbf,0.7125,0.6952357270763627,0.017264272923637303,"{""model__C"": 1, ""model__epsilon"": 0.03, ""model__gamma"": ""scale""}"
471,1,valence,svr_rbf,0.7875,0.7094840889142637,0.07801591108573624,"{""model__C"": 1, ""model__epsilon"": 0.03, ""model__gamma"": ""scale""}"
480,1,valence,svr_rbf,0.6375,0.759172152722854,0.12167215272285403,"{""model__C"": 1, ""model__epsilon"": 0.03, ""model__gamma"": ""scale""}"
487,1,valence,svr_rbf,0.775,0.680301329361227,0.09469867063877302,"{""model__C"": 1, ""model__epsilon"": 0.03, ""model__gamma"": ""scale""}"
496,1,valence,svr_rbf,0.5375,0.4441091818015873,0.09339081819841266,"{""model__C"": 1, ""model__epsilon"": 0.03, ""model__gamma"": ""scale""}"
500,1,valence,svr_rbf,0.425,0.5853621664331164,0.16036216643311646,"{""model__C"": 1, ""model__epsilon"": 0.03, ""model__gamma"": ""scale""}"
503,1,valence,svr_rbf,0.488636363636,0.5986171089060381,0.10998074527003815,"{""model__C"": 1, ""model__epsilon"": 0.03, ""model__gamma"": ""scale""}"
507,1,valence,svr_rbf,0.6625,0.780950355970442,0.11845035597044207,"{""model__C"": 1, ""model__epsilon"": 0.03, ""model__gamma"": ""scale""}"
512,1,valence,svr_rbf,0.425,0.48590025048554,0.060900250485539986,"{""model__C"": 1, ""model__epsilon"": 0.03, ""model__gamma"": ""scale""}"
521,1,valence,svr_rbf,0.375,0.5235256273968029,0.14852562739680286,"{""model__C"": 1, ""model__epsilon"": 0.03, ""model__gamma"": ""scale""}"
525,1,valence,svr_rbf,0.275,0.3402050137610101,0.06520501376101007,"{""model__C"": 1, ""model__epsilon"": 0.03, ""model__gamma"": ""scale""}"
536,1,valence,svr_rbf,0.825,0.708606954725232,0.1163930452747679,"{""model__C"": 1, ""model__epsilon"": 0.03, ""model__gamma"": ""scale""}"
546,1,valence,svr_rbf,0.575,0.44950502066579845,0.1254949793342015,"{""model__C"": 1, ""model__epsilon"": 0.03, ""model__gamma"": ""scale""}"
549,1,valence,svr_rbf,0.3125,0.45182301046511203,0.13932301046511203,"{""model__C"": 1, ""model__epsilon"": 0.03, ""model__gamma"": ""scale""}"
562,1,valence,svr_rbf,0.6875,0.7208765888990295,0.0333765888990295,"{""model__C"": 1, ""model__epsilon"": 0.03, ""model__gamma"": ""scale""}"
566,1,valence,svr_rbf,0.725,0.758940348608931,0.033940348608931026,"{""model__C"": 1, ""model__epsilon"": 0.03, ""model__gamma"": ""scale""}"
572,1,valence,svr_rbf,0.525,0.6633348730708091,0.13833487307080905,"{""model__C"": 1, ""model__epsilon"": 0.03, ""model__gamma"": ""scale""}"
574,1,valence,svr_rbf,0.775,0.6553560592343715,0.11964394076562856,"{""model__C"": 1, ""model__epsilon"": 0.03, ""model__gamma"": ""scale""}"
576,1,valence,svr_rbf,0.7125,0.7320215249822519,0.019521524982251903,"{""model__C"": 1, ""model__epsilon"": 0.03, ""model__gamma"": ""scale""}"
588,1,valence,svr_rbf,0.775,0.5256428644941478,0.24935713550585226,"{""model__C"": 1, ""model__epsilon"": 0.03, ""model__gamma"": ""scale""}"
591,1,valence,svr_rbf,0.35,0.42289159496709783,0.07289159496709785,"{""model__C"": 1, ""model__epsilon"": 0.03, ""model__gamma"": ""scale""}"
598,1,valence,svr_rbf,0.8125,0.6660726138078067,0.1464273861921933,"{""model__C"": 1, ""model__epsilon"": 0.03, ""model__gamma"": ""scale""}"
614,1,valence,svr_rbf,0.4875,0.5933721826409224,0.10587218264092241,"{""model__C"": 1, ""model__epsilon"": 0.03, ""model__gamma"": ""scale""}"
617,1,valence,svr_rbf,0.8125,0.6992396755114385,0.11326032448856149,"{""model__C"": 1, ""model__epsilon"": 0.03, ""model__gamma"": ""scale""}"
623,1,valence,svr_rbf,0.775,0.7789239624031614,0.003923962403161396,"{""model__C"": 1, ""model__epsilon"": 0.03, ""model__gamma"": ""scale""}"
634,1,valence,svr_rbf,0.2375,0.39247865694696493,0.15497865694696494,"{""model__C"": 1, ""model__epsilon"": 0.03, ""model__gamma"": ""scale""}"
635,1,valence,svr_rbf,0.825,0.537001020530962,0.28799897946903796,"{""model__C"": 1, ""model__epsilon"": 0.03, ""model__gamma"": ""scale""}"
637,1,valence,svr_rbf,0.65,0.7129338573647886,0.06293385736478863,"{""model__C"": 1, ""model__epsilon"": 0.03, ""model__gamma"": ""scale""}"
648,1,valence,svr_rbf,0.7,0.6363612995069396,0.06363870049306031,"{""model__C"": 1, ""model__epsilon"": 0.03, ""model__gamma"": ""scale""}"
651,1,valence,svr_rbf,0.775,0.6739371207147065,0.10106287928529356,"{""model__C"": 1, ""model__epsilon"": 0.03, ""model__gamma"": ""scale""}"
652,1,valence,svr_rbf,0.675,0.5107311183555063,0.16426888164449371,"{""model__C"": 1, ""model__epsilon"": 0.03, ""model__gamma"": ""scale""}"
661,1,valence,svr_rbf,0.55,0.609411325044966,0.059411325044965935,"{""model__C"": 1, ""model__epsilon"": 0.03, ""model__gamma"": ""scale""}"
666,1,valence,svr_rbf,0.7,0.63094224692129,0.06905775307870998,"{""model__C"": 1, ""model__epsilon"": 0.03, ""model__gamma"": ""scale""}"
671,1,valence,svr_rbf,0.4125,0.5562831895466146,0.14378318954661462,"{""model__C"": 1, ""model__epsilon"": 0.03, ""model__gamma"": ""scale""}"
673,1,valence,svr_rbf,0.2,0.5827944231566834,0.3827944231566834,"{""model__C"": 1, ""model__epsilon"": 0.03, ""model__gamma"": ""scale""}"
678,1,valence,svr_rbf,0.8625,0.7374520653407755,0.1250479346592246,"{""model__C"": 1, ""model__epsilon"": 0.03, ""model__gamma"": ""scale""}"
692,1,valence,svr_rbf,0.5125,0.5183437420906446,0.0058437420906446436,"{""model__C"": 1, ""model__epsilon"": 0.03, ""model__gamma"": ""scale""}"
694,1,valence,svr_rbf,0.3375,0.48594686127178455,0.14844686127178452,"{""model__C"": 1, ""model__epsilon"": 0.03, ""model__gamma"": ""scale""}"
708,1,valence,svr_rbf,0.5875,0.5236016556840988,0.06389834431590125,"{""model__C"": 1, ""model__epsilon"": 0.03, ""model__gamma"": ""scale""}"
710,1,valence,svr_rbf,0.775,0.699934813241864,0.075065186758136,"{""model__C"": 1, ""model__epsilon"": 0.03, ""model__gamma"": ""scale""}"
718,1,valence,svr_rbf,0.5875,0.4604295070378756,0.12707049296212442,"{""model__C"": 1, ""model__epsilon"": 0.03, ""model__gamma"": ""scale""}"
722,1,valence,svr_rbf,0.65,0.5671476609844247,0.08285233901557532,"{""model__C"": 1, ""model__epsilon"": 0.03, ""model__gamma"": ""scale""}"
730,1,valence,svr_rbf,0.575,0.35076882514076446,0.2242311748592355,"{""model__C"": 1, ""model__epsilon"": 0.03, ""model__gamma"": ""scale""}"
731,1,valence,svr_rbf,0.7,0.6363612030666049,0.06363879693339503,"{""model__C"": 1, ""model__epsilon"": 0.03, ""model__gamma"": ""scale""}"
738,1,valence,svr_rbf,0.7125,0.7290830589604533,0.016583058960453312,"{""model__C"": 1, ""model__epsilon"": 0.03, ""model__gamma"": ""scale""}"
739,1,valence,svr_rbf,0.6875,0.7281762589146872,0.04067625891468718,"{""model__C"": 1, ""model__epsilon"": 0.03, ""model__gamma"": ""scale""}"
750,1,valence,svr_rbf,0.2625,0.4203083080951452,0.15780830809514518,"{""model__C"": 1, ""model__epsilon"": 0.03, ""model__gamma"": ""scale""}"
751,1,valence,svr_rbf,0.525,0.4806073750768655,0.044392624923134505,"{""model__C"": 1, ""model__epsilon"": 0.03, ""model__gamma"": ""scale""}"
757,1,valence,svr_rbf,0.375,0.5246416450427733,0.14964164504277333,"{""model__C"": 1, ""model__epsilon"": 0.03, ""model__gamma"": ""scale""}"
758,1,valence,svr_rbf,0.625,0.8071694149418086,0.1821694149418086,"{""model__C"": 1, ""model__epsilon"": 0.03, ""model__gamma"": ""scale""}"
763,1,valence,svr_rbf,0.55,0.543122857494822,0.006877142505178013,"{""model__C"": 1, ""model__epsilon"": 0.03, ""model__gamma"": ""scale""}"
773,1,valence,svr_rbf,0.65,0.6578317856309873,0.007831785630987298,"{""model__C"": 1, ""model__epsilon"": 0.03, ""model__gamma"": ""scale""}"
796,1,valence,svr_rbf,0.375,0.46804184607491733,0.09304184607491733,"{""model__C"": 1, ""model__epsilon"": 0.03, ""model__gamma"": ""scale""}"
797,1,valence,svr_rbf,0.775,0.7659013461927378,0.00909865380726227,"{""model__C"": 1, ""model__epsilon"": 0.03, ""model__gamma"": ""scale""}"
801,1,valence,svr_rbf,0.2875,0.463907666034385,0.176407666034385,"{""model__C"": 1, ""model__epsilon"": 0.03, ""model__gamma"": ""scale""}"
813,1,valence,svr_rbf,0.675,0.5439620324615576,0.13103796753844243,"{""model__C"": 1, ""model__epsilon"": 0.03, ""model__gamma"": ""scale""}"
818,1,valence,svr_rbf,0.1375,0.353459928784416,0.215959928784416,"{""model__C"": 1, ""model__epsilon"": 0.03, ""model__gamma"": ""scale""}"
825,1,valence,svr_rbf,0.8375,0.5965247820668211,0.2409752179331789,"{""model__C"": 1, ""model__epsilon"": 0.03, ""model__gamma"": ""scale""}"
828,1,valence,svr_rbf,0.6,0.5056375047250232,0.09436249527497675,"{""model__C"": 1, ""model__epsilon"": 0.03, ""model__gamma"": ""scale""}"
833,1,valence,svr_rbf,0.7,0.7504328930944103,0.05043289309441035,"{""model__C"": 1, ""model__epsilon"": 0.03, ""model__gamma"": ""scale""}"
834,1,valence,svr_rbf,0.8125,0.7405998496453805,0.0719001503546195,"{""model__C"": 1, ""model__epsilon"": 0.03, ""model__gamma"": ""scale""}"
836,1,valence,svr_rbf,0.7875,0.7795751180772472,0.007924881922752758,"{""model__C"": 1, ""model__epsilon"": 0.03, ""model__gamma"": ""scale""}"
837,1,valence,svr_rbf,0.725,0.6539008990696933,0.07109910093030669,"{""model__C"": 1, ""model__epsilon"": 0.03, ""model__gamma"": ""scale""}"
847,1,valence,svr_rbf,0.7625,0.6526314400237965,0.10986855997620348,"{""model__C"": 1, ""model__epsilon"": 0.03, ""model__gamma"": ""scale""}"
852,1,valence,svr_rbf,0.45,0.5024798351039987,0.05247983510399873,"{""model__C"": 1, ""model__epsilon"": 0.03, ""model__gamma"": ""scale""}"
853,1,valence,svr_rbf,0.625,0.6371723444097788,0.012172344409778768,"{""model__C"": 1, ""model__epsilon"": 0.03, ""model__gamma"": ""scale""}"
859,1,valence,svr_rbf,0.725,0.5822866636661357,0.1427133363338643,"{""model__C"": 1, ""model__epsilon"": 0.03, ""model__gamma"": ""scale""}"
860,1,valence,svr_rbf,0.6375,0.6097857728707096,0.027714227129290392,"{""model__C"": 1, ""model__epsilon"": 0.03, ""model__gamma"": ""scale""}"
862,1,valence,svr_rbf,0.85,0.7163598079154501,0.1336401920845499,"{""model__C"": 1, ""model__epsilon"": 0.03, ""model__gamma"": ""scale""}"
869,1,valence,svr_rbf,0.5125,0.6241829255236808,0.11168292552368086,"{""model__C"": 1, ""model__epsilon"": 0.03, ""model__gamma"": ""scale""}"
879,1,valence,svr_rbf,0.6375,0.4906705762688248,0.14682942373117513,"{""model__C"": 1, ""model__epsilon"": 0.03, ""model__gamma"": ""scale""}"
880,1,valence,svr_rbf,0.5375,0.5716174360012694,0.034117436001269374,"{""model__C"": 1, ""model__epsilon"": 0.03, ""model__gamma"": ""scale""}"
881,1,valence,svr_rbf,0.6,0.6394814078702622,0.03948140787026222,"{""model__C"": 1, ""model__epsilon"": 0.03, ""model__gamma"": ""scale""}"
885,1,valence,svr_rbf,0.4875,0.45356846169477627,0.03393153830522372,"{""model__C"": 1, ""model__epsilon"": 0.03, ""model__gamma"": ""scale""}"
892,1,valence,svr_rbf,0.65,0.7206506319710684,0.07065063197106836,"{""model__C"": 1, ""model__epsilon"": 0.03, ""model__gamma"": ""scale""}"
896,1,valence,svr_rbf,0.636363636364,0.7683743337344953,0.1320106973704953,"{""model__C"": 1, ""model__epsilon"": 0.03, ""model__gamma"": ""scale""}"
908,1,valence,svr_rbf,0.6625,0.7704101092794301,0.10791010927943012,"{""model__C"": 1, ""model__epsilon"": 0.03, ""model__gamma"": ""scale""}"
909,1,valence,svr_rbf,0.6625,0.7363749646998559,0.07387496469985588,"{""model__C"": 1, ""model__epsilon"": 0.03, ""model__gamma"": ""scale""}"
918,1,valence,svr_rbf,0.6375,0.5714209360371371,0.0660790639628629,"{""model__C"": 1, ""model__epsilon"": 0.03, ""model__gamma"": ""scale""}"
921,1,valence,svr_rbf,0.5625,0.7207588829461417,0.15825888294614165,"{""model__C"": 1, ""model__epsilon"": 0.03, ""model__gamma"": ""scale""}"
925,1,valence,svr_rbf,0.6125,0.6938555898449278,0.08135558984492774,"{""model__C"": 1, ""model__epsilon"": 0.03, ""model__gamma"": ""scale""}"
928,1,valence,svr_rbf,0.825,0.7073262047513253,0.1176737952486746,"{""model__C"": 1, ""model__epsilon"": 0.03, ""model__gamma"": ""scale""}"
929,1,valence,svr_rbf,0.3375,0.5022731023009682,0.1647731023009682,"{""model__C"": 1, ""model__epsilon"": 0.03, ""model__gamma"": ""scale""}"
935,1,valence,svr_rbf,0.386363636364,0.44776334004234974,0.06139970367834974,"{""model__C"": 1, ""model__epsilon"": 0.03, ""model__gamma"": ""scale""}"
948,1,valence,svr_rbf,0.4,0.36459535332424886,0.03540464667575116,"{""model__C"": 1, ""model__epsilon"": 0.03, ""model__gamma"": ""scale""}"
957,1,valence,svr_rbf,0.3375,0.5390053641398052,0.20150536413980513,"{""model__C"": 1, ""model__epsilon"": 0.03, ""model__gamma"": ""scale""}"
966,1,valence,svr_rbf,0.45,0.5340476315342094,0.08404763153420941,"{""model__C"": 1, ""model__epsilon"": 0.03, ""model__gamma"": ""scale""}"
981,1,valence,svr_rbf,0.6,0.7274774485336125,0.12747744853361254,"{""model__C"": 1, ""model__epsilon"": 0.03, ""model__gamma"": ""scale""}"
984,1,valence,svr_rbf,0.7375,0.6803818301107967,0.057118169889203374,"{""model__C"": 1, ""model__epsilon"": 0.03, ""model__gamma"": ""scale""}"
989,1,valence,svr_rbf,0.3125,0.48345783383404023,0.17095783383404023,"{""model__C"": 1, ""model__epsilon"": 0.03, ""model__gamma"": ""scale""}"
6,2,valence,svr_rbf,0.35,0.38803413634328143,0.038034136343281455,"{""model__C"": 1, ""model__epsilon"": 0.03, ""model__gamma"": ""scale""}"
10,2,valence,svr_rbf,0.425,0.5676289039586156,0.14262890395861566,"{""model__C"": 1, ""model__epsilon"": 0.03, ""model__gamma"": ""scale""}"
15,2,valence,svr_rbf,0.6625,0.6003130555619329,0.06218694443806705,"{""model__C"": 1, ""model__epsilon"": 0.03, ""model__gamma"": ""scale""}"
16,2,valence,svr_rbf,0.575,0.5943768283449382,0.019376828344938257,"{""model__C"": 1, ""model__epsilon"": 0.03, ""model__gamma"": ""scale""}"
19,2,valence,svr_rbf,0.75,0.7001318963101326,0.04986810368986738,"{""model__C"": 1, ""model__epsilon"": 0.03, ""model__gamma"": ""scale""}"
43,2,valence,svr_rbf,0.7875,0.6547352217976661,0.1327647782023339,"{""model__C"": 1, ""model__epsilon"": 0.03, ""model__gamma"": ""scale""}"
44,2,valence,svr_rbf,0.675,0.6116081453397544,0.06339185466024566,"{""model__C"": 1, ""model__epsilon"": 0.03, ""model__gamma"": ""scale""}"
47,2,valence,svr_rbf,0.4625,0.4570300479814735,0.005469952018526514,"{""model__C"": 1, ""model__epsilon"": 0.03, ""model__gamma"": ""scale""}"
50,2,valence,svr_rbf,0.5875,0.4926897417050117,0.09481025829498835,"{""model__C"": 1, ""model__epsilon"": 0.03, ""model__gamma"": ""scale""}"
51,2,valence,svr_rbf,0.7625,0.7530425430363885,0.009457456963611444,"{""model__C"": 1, ""model__epsilon"": 0.03, ""model__gamma"": ""scale""}"
56,2,valence,svr_rbf,0.275,0.4023091272570739,0.12730912725707388,"{""model__C"": 1, ""model__epsilon"": 0.03, ""model__gamma"": ""scale""}"
68,2,valence,svr_rbf,0.575,0.5010422812339699,0.07395771876603008,"{""model__C"": 1, ""model__epsilon"": 0.03, ""model__gamma"": ""scale""}"
78,2,valence,svr_rbf,0.659090909091,0.6113489640835473,0.04774194500745266,"{""model__C"": 1, ""model__epsilon"": 0.03, ""model__gamma"": ""scale""}"
97,2,valence,svr_rbf,0.75,0.697573806450319,0.05242619354968103,"{""model__C"": 1, ""model__epsilon"": 0.03, ""model__gamma"": ""scale""}"
99,2,valence,svr_rbf,0.6875,0.6789581857364514,0.008541814263548608,"{""model__C"": 1, ""model__epsilon"": 0.03, ""model__gamma"": ""scale""}"
106,2,valence,svr_rbf,0.675,0.634076906069144,0.040923093930856025,"{""model__C"": 1, ""model__epsilon"": 0.03, ""model__gamma"": ""scale""}"
109,2,valence,svr_rbf,0.7875,0.6621796640850474,0.12532033591495262,"{""model__C"": 1, ""model__epsilon"": 0.03, ""model__gamma"": ""scale""}"
117,2,valence,svr_rbf,0.7,0.6980011084941364,0.0019988915058635204,"{""model__C"": 1, ""model__epsilon"": 0.03, ""model__gamma"": ""scale""}"
123,2,valence,svr_rbf,0.4875,0.5576489021619594,0.0701489021619594,"{""model__C"": 1, ""model__epsilon"": 0.03, ""model__gamma"": ""scale""}"
127,2,valence,svr_rbf,0.825,0.702310799350013,0.122689200649987,"{""model__C"": 1, ""model__epsilon"": 0.03, ""model__gamma"": ""scale""}"
133,2,valence,svr_rbf,0.7375,0.5447106168476106,0.19278938315238947,"{""model__C"": 1, ""model__epsilon"": 0.03, ""model__gamma"": ""scale""}"
134,2,valence,svr_rbf,0.7125,0.8175417547688748,0.10504175476887478,"{""model__C"": 1, ""model__epsilon"": 0.03, ""model__gamma"": ""scale""}"
137,2,valence,svr_rbf,0.7,0.7026570602474252,0.0026570602474252913,"{""model__C"": 1, ""model__epsilon"": 0.03, ""model__gamma"": ""scale""}"
147,2,valence,svr_rbf,0.65,0.6252178353403988,0.024782164659601258,"{""model__C"": 1, ""model__epsilon"": 0.03, ""model__gamma"": ""scale""}"
153,2,valence,svr_rbf,0.65,0.7405612499711998,0.09056124997119974,"{""model__C"": 1, ""model__epsilon"": 0.03, ""model__gamma"": ""scale""}"
157,2,valence,svr_rbf,0.6818181818179999,0.6039430898636634,0.0778750919543365,"{""model__C"": 1, ""model__epsilon"": 0.03, ""model__gamma"": ""scale""}"
161,2,valence,svr_rbf,0.7125,0.6826393470299825,0.0298606529700175,"{""model__C"": 1, ""model__epsilon"": 0.03, ""model__gamma"": ""scale""}"
162,2,valence,svr_rbf,0.7375,0.7823250930646581,0.044825093064658095,"{""model__C"": 1, ""model__epsilon"": 0.03, ""model__gamma"": ""scale""}"
170,2,valence,svr_rbf,0.6,0.4216538892687581,0.1783461107312419,"{""model__C"": 1, ""model__epsilon"": 0.03, ""model__gamma"": ""scale""}"
172,2,valence,svr_rbf,0.625,0.4275921970975352,0.1974078029024648,"{""model__C"": 1, ""model__epsilon"": 0.03, ""model__gamma"": ""scale""}"
179,2,valence,svr_rbf,0.3125,0.579247479958631,0.266747479958631,"{""model__C"": 1, ""model__epsilon"": 0.03, ""model__gamma"": ""scale""}"
185,2,valence,svr_rbf,0.475,0.579247479958631,0.10424747995863104,"{""model__C"": 1, ""model__epsilon"": 0.03, ""model__gamma"": ""scale""}"
186,2,valence,svr_rbf,0.7125,0.61851934854471,0.09398065145529,"{""model__C"": 1, ""model__epsilon"": 0.03, ""model__gamma"": ""scale""}"
196,2,valence,svr_rbf,0.3625,0.415920364420689,0.05342036442068904,"{""model__C"": 1, ""model__epsilon"": 0.03, ""model__gamma"": ""scale""}"
197,2,valence,svr_rbf,0.4375,0.5486649006368998,0.11116490063689977,"{""model__C"": 1, ""model__epsilon"": 0.03, ""model__gamma"": ""scale""}"
198,2,valence,svr_rbf,0.75,0.7700404925573572,0.02004049255735718,"{""model__C"": 1, ""model__epsilon"": 0.03, ""model__gamma"": ""scale""}"
211,2,valence,svr_rbf,0.65,0.7108000585442169,0.060800058544216884,"{""model__C"": 1, ""model__epsilon"": 0.03, ""model__gamma"": ""scale""}"
228,2,valence,svr_rbf,0.425,0.5300271402301996,0.1050271402301996,"{""model__C"": 1, ""model__epsilon"": 0.03, ""model__gamma"": ""scale""}"
230,2,valence,svr_rbf,0.7375,0.4993667242611957,0.23813327573880433,"{""model__C"": 1, ""model__epsilon"": 0.03, ""model__gamma"": ""scale""}"
236,2,valence,svr_rbf,0.3,0.354132288277359,0.054132288277359,"{""model__C"": 1, ""model__epsilon"": 0.03, ""model__gamma"": ""scale""}"
237,2,valence,svr_rbf,0.3125,0.4662196477515499,0.1537196477515499,"{""model__C"": 1, ""model__epsilon"": 0.03, ""model__gamma"": ""scale""}"
238,2,valence,svr_rbf,0.5625,0.5416544935146927,0.020845506485307252,"{""model__C"": 1, ""model__epsilon"": 0.03, ""model__gamma"": ""scale""}"
244,2,valence,svr_rbf,0.4125,0.43229583029510754,0.019795830295107564,"{""model__C"": 1, ""model__epsilon"": 0.03, ""model__gamma"": ""scale""}"
249,2,valence,svr_rbf,0.45,0.3941383320177434,0.05586166798225661,"{""model__C"": 1, ""model__epsilon"": 0.03, ""model__gamma"": ""scale""}"
252,2,valence,svr_rbf,0.3625,0.3821314590196082,0.01963145901960822,"{""model__C"": 1, ""model__epsilon"": 0.03, ""model__gamma"": ""scale""}"
275,2,valence,svr_rbf,0.4125,0.3651668825051469,0.04733311749485308,"{""model__C"": 1, ""model__epsilon"": 0.03, ""model__gamma"": ""scale""}"
277,2,valence,svr_rbf,0.3875,0.4721665914148224,0.08466659141482241,"{""model__C"": 1, ""model__epsilon"": 0.03, ""model__gamma"": ""scale""}"
283,2,valence,svr_rbf,0.5375,0.6198126506033081,0.08231265060330817,"{""model__C"": 1, ""model__epsilon"": 0.03, ""model__gamma"": ""scale""}"
295,2,valence,svr_rbf,0.75,0.5911463745800651,0.15885362541993486,"{""model__C"": 1, ""model__epsilon"": 0.03, ""model__gamma"": ""scale""}"
298,2,valence,svr_rbf,0.7375,0.6267891922285144,0.11071080777148568,"{""model__C"": 1, ""model__epsilon"": 0.03, ""model__gamma"": ""scale""}"
308,2,valence,svr_rbf,0.85,0.730471963975349,0.11952803602465101,"{""model__C"": 1, ""model__epsilon"": 0.03, ""model__gamma"": ""scale""}"
309,2,valence,svr_rbf,0.3875,0.49839287061605536,0.11089287061605535,"{""model__C"": 1, ""model__epsilon"": 0.03, ""model__gamma"": ""scale""}"
315,2,valence,svr_rbf,0.65,0.5890509202056691,0.06094907979433095,"{""model__C"": 1, ""model__epsilon"": 0.03, ""model__gamma"": ""scale""}"
319,2,valence,svr_rbf,0.5,0.7117975176342505,0.21179751763425048,"{""model__C"": 1, ""model__epsilon"": 0.03, ""model__gamma"": ""scale""}"
327,2,valence,svr_rbf,0.7375,0.6829338891016634,0.05456611089833663,"{""model__C"": 1, ""model__epsilon"": 0.03, ""model__gamma"": ""scale""}"
333,2,valence,svr_rbf,0.775,0.6923028365222172,0.08269716347778278,"{""model__C"": 1, ""model__epsilon"": 0.03, ""model__gamma"": ""scale""}"
342,2,valence,svr_rbf,0.6875,0.5277051805221138,0.1597948194778862,"{""model__C"": 1, ""model__epsilon"": 0.03, ""model__gamma"": ""scale""}"
343,2,valence,svr_rbf,0.55,0.6625680410170687,0.11256804101706863,"{""model__C"": 1, ""model__epsilon"": 0.03, ""model__gamma"": ""scale""}"
349,2,valence,svr_rbf,0.3375,0.40313716642777614,0.06563716642777612,"{""model__C"": 1, ""model__epsilon"": 0.03, ""model__gamma"": ""scale""}"
356,2,valence,svr_rbf,0.5625,0.6062625558533308,0.043762555853330776,"{""model__C"": 1, ""model__epsilon"": 0.03, ""model__gamma"": ""scale""}"
361,2,valence,svr_rbf,0.55,0.5716713539151981,0.021671353915198033,"{""model__C"": 1, ""model__epsilon"": 0.03, ""model__gamma"": ""scale""}"
367,2,valence,svr_rbf,0.3125,0.538658799803969,0.22615879980396902,"{""model__C"": 1, ""model__epsilon"": 0.03, ""model__gamma"": ""scale""}"
373,2,valence,svr_rbf,0.725,0.822567417568228,0.09756741756822807,"{""model__C"": 1, ""model__epsilon"": 0.03, ""model__gamma"": ""scale""}"
381,2,valence,svr_rbf,0.8,0.6556874293645456,0.14431257063545444,"{""model__C"": 1, ""model__epsilon"": 0.03, ""model__gamma"": ""scale""}"
385,2,valence,svr_rbf,0.75,0.6979554874145576,0.052044512585442404,"{""model__C"": 1, ""model__epsilon"": 0.03, ""model__gamma"": ""scale""}"
386,2,valence,svr_rbf,0.5875,0.5758124014192874,0.011687598580712666,"{""model__C"": 1, ""model__epsilon"": 0.03, ""model__gamma"": ""scale""}"
397,2,valence,svr_rbf,0.3375,0.42585484144314784,0.08835484144314781,"{""model__C"": 1, ""model__epsilon"": 0.03, ""model__gamma"": ""scale""}"
405,2,valence,svr_rbf,0.7125,0.5683796917523322,0.14412030824766786,"{""model__C"": 1, ""model__epsilon"": 0.03, ""model__gamma"": ""scale""}"
407,2,valence,svr_rbf,0.5625,0.5803954293762338,0.017895429376233785,"{""model__C"": 1, ""model__epsilon"": 0.03, ""model__gamma"": ""scale""}"
412,2,valence,svr_rbf,0.4375,0.6085011350962318,0.17100113509623183,"{""model__C"": 1, ""model__epsilon"": 0.03, ""model__gamma"": ""scale""}"
414,2,valence,svr_rbf,0.545454545455,0.5219590824602376,0.02349546299476246,"{""model__C"": 1, ""model__epsilon"": 0.03, ""model__gamma"": ""scale""}"
415,2,valence,svr_rbf,0.5227272727269999,0.6049664377312042,0.08223916500420425,"{""model__C"": 1, ""model__epsilon"": 0.03, ""model__gamma"": ""scale""}"
427,2,valence,svr_rbf,0.7,0.6867102557343872,0.013289744265612802,"{""model__C"": 1, ""model__epsilon"": 0.03, ""model__gamma"": ""scale""}"
443,2,valence,svr_rbf,0.675,0.7377065500279117,0.0627065500279117,"{""model__C"": 1, ""model__epsilon"": 0.03, ""model__gamma"": ""scale""}"
449,2,valence,svr_rbf,0.7375,0.7335171338241036,0.003982866175896493,"{""model__C"": 1, ""model__epsilon"": 0.03, ""model__gamma"": ""scale""}"
452,2,valence,svr_rbf,0.7375,0.5086883470717608,0.22881165292823924,"{""model__C"": 1, ""model__epsilon"": 0.03, ""model__gamma"": ""scale""}"
454,2,valence,svr_rbf,0.8125,0.8000063591327866,0.012493640867213385,"{""model__C"": 1, ""model__epsilon"": 0.03, ""model__gamma"": ""scale""}"
462,2,valence,svr_rbf,0.65,0.4941154303824253,0.15588456961757474,"{""model__C"": 1, ""model__epsilon"": 0.03, ""model__gamma"": ""scale""}"
463,2,valence,svr_rbf,0.5625,0.6127854172578884,0.050285417257888376,"{""model__C"": 1, ""model__epsilon"": 0.03, ""model__gamma"": ""scale""}"
472,2,valence,svr_rbf,0.6625,0.7332905246837844,0.07079052468378444,"{""model__C"": 1, ""model__epsilon"": 0.03, ""model__gamma"": ""scale""}"
479,2,valence,svr_rbf,0.3875,0.6005009388437187,0.21300093884371868,"{""model__C"": 1, ""model__epsilon"": 0.03, ""model__gamma"": ""scale""}"
483,2,valence,svr_rbf,0.5125,0.38593040314198673,0.12656959685801322,"{""model__C"": 1, ""model__epsilon"": 0.03, ""model__gamma"": ""scale""}"
495,2,valence,svr_rbf,0.475,0.5561308226498248,0.08113082264982485,"{""model__C"": 1, ""model__epsilon"": 0.03, ""model__gamma"": ""scale""}"
501,2,valence,svr_rbf,0.8125,0.6527041037330819,0.15979589626691815,"{""model__C"": 1, ""model__epsilon"": 0.03, ""model__gamma"": ""scale""}"
504,2,valence,svr_rbf,0.675,0.5963162515596554,0.07868374844034465,"{""model__C"": 1, ""model__epsilon"": 0.03, ""model__gamma"": ""scale""}"
516,2,valence,svr_rbf,0.4625,0.632369103466458,0.169869103466458,"{""model__C"": 1, ""model__epsilon"": 0.03, ""model__gamma"": ""scale""}"
526,2,valence,svr_rbf,0.525,0.42437774522727556,0.10062225477272446,"{""model__C"": 1, ""model__epsilon"": 0.03, ""model__gamma"": ""scale""}"
531,2,valence,svr_rbf,0.3,0.43216390628682155,0.13216390628682156,"{""model__C"": 1, ""model__epsilon"": 0.03, ""model__gamma"": ""scale""}"
535,2,valence,svr_rbf,0.7875,0.7411750142730562,0.04632498572694377,"{""model__C"": 1, ""model__epsilon"": 0.03, ""model__gamma"": ""scale""}"
551,2,valence,svr_rbf,0.375,0.372581637766638,0.0024183622333620036,"{""model__C"": 1, ""model__epsilon"": 0.03, ""model__gamma"": ""scale""}"
552,2,valence,svr_rbf,0.8125,0.7503196601542046,0.06218033984579541,"{""model__C"": 1, ""model__epsilon"": 0.03, ""model__gamma"": ""scale""}"
554,2,valence,svr_rbf,0.65,0.652400960203909,0.0024009602039090083,"{""model__C"": 1, ""model__epsilon"": 0.03, ""model__gamma"": ""scale""}"
558,2,valence,svr_rbf,0.5125,0.6282018801528205,0.11570188015282057,"{""model__C"": 1, ""model__epsilon"": 0.03, ""model__gamma"": ""scale""}"
570,2,valence,svr_rbf,0.5375,0.4962295541803819,0.041270445819618085,"{""model__C"": 1, ""model__epsilon"": 0.03, ""model__gamma"": ""scale""}"
577,2,valence,svr_rbf,0.575,0.5790277952193943,0.004027795219394337,"{""model__C"": 1, ""model__epsilon"": 0.03, ""model__gamma"": ""scale""}"
580,2,valence,svr_rbf,0.7875,0.7531414687002834,0.034358531299716555,"{""model__C"": 1, ""model__epsilon"": 0.03, ""model__gamma"": ""scale""}"
582,2,valence,svr_rbf,0.5,0.5741749616135703,0.07417496161357029,"{""model__C"": 1, ""model__epsilon"": 0.03, ""model__gamma"": ""scale""}"
589,2,valence,svr_rbf,0.4875,0.390024188224138,0.09747581177586201,"{""model__C"": 1, ""model__epsilon"": 0.03, ""model__gamma"": ""scale""}"
592,2,valence,svr_rbf,0.4125,0.53501845930894,0.12251845930894001,"{""model__C"": 1, ""model__epsilon"": 0.03, ""model__gamma"": ""scale""}"
606,2,valence,svr_rbf,0.8,0.6441824872626131,0.15581751273738698,"{""model__C"": 1, ""model__epsilon"": 0.03, ""model__gamma"": ""scale""}"
608,2,valence,svr_rbf,0.5625,0.6348683717114323,0.07236837171143229,"{""model__C"": 1, ""model__epsilon"": 0.03, ""model__gamma"": ""scale""}"
621,2,valence,svr_rbf,0.55,0.49913211804128377,0.05086788195871628,"{""model__C"": 1, ""model__epsilon"": 0.03, ""model__gamma"": ""scale""}"
622,2,valence,svr_rbf,0.675,0.6596246139827647,0.015375386017235315,"{""model__C"": 1, ""model__epsilon"": 0.03, ""model__gamma"": ""scale""}"
625,2,valence,svr_rbf,0.65,0.6962697673541807,0.046269767354180646,"{""model__C"": 1, ""model__epsilon"": 0.03, ""model__gamma"": ""scale""}"
628,2,valence,svr_rbf,0.625,0.6983452071651499,0.07334520716514992,"{""model__C"": 1, ""model__epsilon"": 0.03, ""model__gamma"": ""scale""}"
630,2,valence,svr_rbf,0.775,0.6706346800433737,0.10436531995662635,"{""model__C"": 1, ""model__epsilon"": 0.03, ""model__gamma"": ""scale""}"
643,2,valence,svr_rbf,0.5875,0.5200264250593478,0.0674735749406522,"{""model__C"": 1, ""model__epsilon"": 0.03, ""model__gamma"": ""scale""}"
645,2,valence,svr_rbf,0.6125,0.7326185334617354,0.1201185334617354,"{""model__C"": 1, ""model__epsilon"": 0.03, ""model__gamma"": ""scale""}"
647,2,valence,svr_rbf,0.6125,0.6059385141568555,0.006561485843144532,"{""model__C"": 1, ""model__epsilon"": 0.03, ""model__gamma"": ""scale""}"
656,2,valence,svr_rbf,0.4125,0.5491039474189646,0.13660394741896464,"{""model__C"": 1, ""model__epsilon"": 0.03, ""model__gamma"": ""scale""}"
665,2,valence,svr_rbf,0.75,0.6466205952062296,0.10337940479377039,"{""model__C"": 1, ""model__epsilon"": 0.03, ""model__gamma"": ""scale""}"
676,2,valence,svr_rbf,0.475,0.5403424420187468,0.06534244201874684,"{""model__C"": 1, ""model__epsilon"": 0.03, ""model__gamma"": ""scale""}"
681,2,valence,svr_rbf,0.7,0.700814514071458,0.0008145140714580501,"{""model__C"": 1, ""model__epsilon"": 0.03, ""model__gamma"": ""scale""}"
682,2,valence,svr_rbf,0.6125,0.6623120173820995,0.049812017382099505,"{""model__C"": 1, ""model__epsilon"": 0.03, ""model__gamma"": ""scale""}"
697,2,valence,svr_rbf,0.4875,0.49511720156570305,0.007617201565703058,"{""model__C"": 1, ""model__epsilon"": 0.03, ""model__gamma"": ""scale""}"
705,2,valence,svr_rbf,0.4375,0.4322224449315347,0.005277555068465278,"{""model__C"": 1, ""model__epsilon"": 0.03, ""model__gamma"": ""scale""}"
711,2,valence,svr_rbf,0.675,0.5261080710191611,0.14889192898083892,"{""model__C"": 1, ""model__epsilon"": 0.03, ""model__gamma"": ""scale""}"
717,2,valence,svr_rbf,0.6875,0.5955357601179699,0.09196423988203006,"{""model__C"": 1, ""model__epsilon"": 0.03, ""model__gamma"": ""scale""}"
728,2,valence,svr_rbf,0.275,0.4780898331127043,0.2030898331127043,"{""model__C"": 1, ""model__epsilon"": 0.03, ""model__gamma"": ""scale""}"
748,2,valence,svr_rbf,0.4625,0.40427204039896947,0.058227959601030554,"{""model__C"": 1, ""model__epsilon"": 0.03, ""model__gamma"": ""scale""}"
755,2,valence,svr_rbf,0.625,0.5325997995486147,0.0924002004513853,"{""model__C"": 1, ""model__epsilon"": 0.03, ""model__gamma"": ""scale""}"
759,2,valence,svr_rbf,0.8375,0.5948328384334572,0.24266716156654278,"{""model__C"": 1, ""model__epsilon"": 0.03, ""model__gamma"": ""scale""}"
761,2,valence,svr_rbf,0.7875,0.4953866072083754,0.29211339279162457,"{""model__C"": 1, ""model__epsilon"": 0.03, ""model__gamma"": ""scale""}"
765,2,valence,svr_rbf,0.7625,0.6914053204081443,0.07109467959185567,"{""model__C"": 1, ""model__epsilon"": 0.03, ""model__gamma"": ""scale""}"
767,2,valence,svr_rbf,0.5125,0.5275820881452431,0.015082088145243144,"{""model__C"": 1, ""model__epsilon"": 0.03, ""model__gamma"": ""scale""}"
777,2,valence,svr_rbf,0.475,0.6162518262123644,0.14125182621236443,"{""model__C"": 1, ""model__epsilon"": 0.03, ""model__gamma"": ""scale""}"
804,2,valence,svr_rbf,0.65,0.7621448881393109,0.1121448881393109,"{""model__C"": 1, ""model__epsilon"": 0.03, ""model__gamma"": ""scale""}"
814,2,valence,svr_rbf,0.7375,0.6693292511673068,0.06817074883269325,"{""model__C"": 1, ""model__epsilon"": 0.03, ""model__gamma"": ""scale""}"
823,2,valence,svr_rbf,0.6625,0.5726878886335842,0.08981211136641576,"{""model__C"": 1, ""model__epsilon"": 0.03, ""model__gamma"": ""scale""}"
844,2,valence,svr_rbf,0.75,0.6531168917442158,0.09688310825578417,"{""model__C"": 1, ""model__epsilon"": 0.03, ""model__gamma"": ""scale""}"
846,2,valence,svr_rbf,0.5375,0.517069539409711,0.020430460590288968,"{""model__C"": 1, ""model__epsilon"": 0.03, ""model__gamma"": ""scale""}"
855,2,valence,svr_rbf,0.775,0.7465027991446206,0.028497200855379434,"{""model__C"": 1, ""model__epsilon"": 0.03, ""model__gamma"": ""scale""}"
882,2,valence,svr_rbf,0.6,0.7128055997603494,0.11280559976034943,"{""model__C"": 1, ""model__epsilon"": 0.03, ""model__gamma"": ""scale""}"
884,2,valence,svr_rbf,0.7625,0.6053974612838868,0.15710253871611313,"{""model__C"": 1, ""model__epsilon"": 0.03, ""model__gamma"": ""scale""}"
889,2,valence,svr_rbf,0.75,0.702842140392706,0.04715785960729402,"{""model__C"": 1, ""model__epsilon"": 0.03, ""model__gamma"": ""scale""}"
894,2,valence,svr_rbf,0.375,0.4324795252182682,0.05747952521826821,"{""model__C"": 1, ""model__epsilon"": 0.03, ""model__gamma"": ""scale""}"
900,2,valence,svr_rbf,0.5375,0.5730748962848554,0.03557489628485544,"{""model__C"": 1, ""model__epsilon"": 0.03, ""model__gamma"": ""scale""}"
907,2,valence,svr_rbf,0.5625,0.5181186472226986,0.044381352777301375,"{""model__C"": 1, ""model__epsilon"": 0.03, ""model__gamma"": ""scale""}"
915,2,valence,svr_rbf,0.575,0.49176580141974907,0.08323419858025088,"{""model__C"": 1, ""model__epsilon"": 0.03, ""model__gamma"": ""scale""}"
916,2,valence,svr_rbf,0.3375,0.37390351144718736,0.03640351144718734,"{""model__C"": 1, ""model__epsilon"": 0.03, ""model__gamma"": ""scale""}"
922,2,valence,svr_rbf,0.7375,0.7118408642757567,0.025659135724243387,"{""model__C"": 1, ""model__epsilon"": 0.03, ""model__gamma"": ""scale""}"
931,2,valence,svr_rbf,0.5,0.48534514470571877,0.014654855294281233,"{""model__C"": 1, ""model__epsilon"": 0.03, ""model__gamma"": ""scale""}"
934,2,valence,svr_rbf,0.3875,0.5336537636912256,0.14615376369122562,"{""model__C"": 1, ""model__epsilon"": 0.03, ""model__gamma"": ""scale""}"
936,2,valence,svr_rbf,0.45,0.40400714391824055,0.04599285608175946,"{""model__C"": 1, ""model__epsilon"": 0.03, ""model__gamma"": ""scale""}"
951,2,valence,svr_rbf,0.75,0.5784528686847832,0.17154713131521682,"{""model__C"": 1, ""model__epsilon"": 0.03, ""model__gamma"": ""scale""}"
967,2,valence,svr_rbf,0.5125,0.4804139658428124,0.03208603415718758,"{""model__C"": 1, ""model__epsilon"": 0.03, ""model__gamma"": ""scale""}"
973,2,valence,svr_rbf,0.6,0.4695103813810756,0.13048961861892439,"{""model__C"": 1, ""model__epsilon"": 0.03, ""model__gamma"": ""scale""}"
979,2,valence,svr_rbf,0.5125,0.4845808371299308,0.02791916287006918,"{""model__C"": 1, ""model__epsilon"": 0.03, ""model__gamma"": ""scale""}"
985,2,valence,svr_rbf,0.7,0.7458826407320918,0.045882640732091806,"{""model__C"": 1, ""model__epsilon"": 0.03, ""model__gamma"": ""scale""}"
992,2,valence,svr_rbf,0.3625,0.5548247522763519,0.19232475227635187,"{""model__C"": 1, ""model__epsilon"": 0.03, ""model__gamma"": ""scale""}"
993,2,valence,svr_rbf,0.7625,0.6483484670042834,0.11415153299571656,"{""model__C"": 1, ""model__epsilon"": 0.03, ""model__gamma"": ""scale""}"
997,2,valence,svr_rbf,0.6625,0.7778067168486735,0.11530671684867355,"{""model__C"": 1, ""model__epsilon"": 0.03, ""model__gamma"": ""scale""}"
999,2,valence,svr_rbf,0.775,0.681941863946846,0.09305813605315405,"{""model__C"": 1, ""model__epsilon"": 0.03, ""model__gamma"": ""scale""}"
7,3,valence,svr_rbf,0.725,0.6503778533240419,0.07462214667595812,"{""model__C"": 0.1, ""model__epsilon"": 0.03, ""model__gamma"": ""scale""}"
13,3,valence,svr_rbf,0.5875,0.7315339063938171,0.14403390639381708,"{""model__C"": 0.1, ""model__epsilon"": 0.03, ""model__gamma"": ""scale""}"
14,3,valence,svr_rbf,0.575,0.5601781177849811,0.0148218822150189,"{""model__C"": 0.1, ""model__epsilon"": 0.03, ""model__gamma"": ""scale""}"
17,3,valence,svr_rbf,0.675,0.5961773839694012,0.07882261603059881,"{""model__C"": 0.1, ""model__epsilon"": 0.03, ""model__gamma"": ""scale""}"
31,3,valence,svr_rbf,0.4375,0.5074483914274662,0.06994839142746623,"{""model__C"": 0.1, ""model__epsilon"": 0.03, ""model__gamma"": ""scale""}"
57,3,valence,svr_rbf,0.3625,0.412334854349839,0.04983485434983903,"{""model__C"": 0.1, ""model__epsilon"": 0.03, ""model__gamma"": ""scale""}"
76,3,valence,svr_rbf,0.65,0.6072267905210622,0.04277320947893781,"{""model__C"": 0.1, ""model__epsilon"": 0.03, ""model__gamma"": ""scale""}"
79,3,valence,svr_rbf,0.625,0.688396279285432,0.06339627928543201,"{""model__C"": 0.1, ""model__epsilon"": 0.03, ""model__gamma"": ""scale""}"
83,3,valence,svr_rbf,0.725,0.7255407577662968,0.0005407577662968066,"{""model__C"": 0.1, ""model__epsilon"": 0.03, ""model__gamma"": ""scale""}"
98,3,valence,svr_rbf,0.65,0.6609910165692304,0.010991016569230405,"{""model__C"": 0.1, ""model__epsilon"": 0.03, ""model__gamma"": ""scale""}"
105,3,valence,svr_rbf,0.3875,0.4808971413515777,0.09339714135157767,"{""model__C"": 0.1, ""model__epsilon"": 0.03, ""model__gamma"": ""scale""}"
114,3,valence,svr_rbf,0.7375,0.6523187094756476,0.08518129052435242,"{""model__C"": 0.1, ""model__epsilon"": 0.03, ""model__gamma"": ""scale""}"
115,3,valence,svr_rbf,0.8,0.6976037542551521,0.10239624574484796,"{""model__C"": 0.1, ""model__epsilon"": 0.03, ""model__gamma"": ""scale""}"
132,3,valence,svr_rbf,0.7125,0.7231473387407855,0.010647338740785495,"{""model__C"": 0.1, ""model__epsilon"": 0.03, ""model__gamma"": ""scale""}"
135,3,valence,svr_rbf,0.4,0.6991554806993928,0.2991554806993928,"{""model__C"": 0.1, ""model__epsilon"": 0.03, ""model__gamma"": ""scale""}"
138,3,valence,svr_rbf,0.5875,0.6094957666367037,0.021995766636703662,"{""model__C"": 0.1, ""model__epsilon"": 0.03, ""model__gamma"": ""scale""}"
148,3,valence,svr_rbf,0.5,0.5119778139182207,0.011977813918220725,"{""model__C"": 0.1, ""model__epsilon"": 0.03, ""model__gamma"": ""scale""}"
150,3,valence,svr_rbf,0.725,0.6655242340766759,0.05947576592332404,"{""model__C"": 0.1, ""model__epsilon"": 0.03, ""model__gamma"": ""scale""}"
151,3,valence,svr_rbf,0.6125,0.5654584201964064,0.04704157980359369,"{""model__C"": 0.1, ""model__epsilon"": 0.03, ""model__gamma"": ""scale""}"
158,3,valence,svr_rbf,0.7875,0.693186296027947,0.09431370397205296,"{""model__C"": 0.1, ""model__epsilon"": 0.03, ""model__gamma"": ""scale""}"
168,3,valence,svr_rbf,0.625,0.6034805407826551,0.021519459217344883,"{""model__C"": 0.1, ""model__epsilon"": 0.03, ""model__gamma"": ""scale""}"
169,3,valence,svr_rbf,0.6,0.6561724356464245,0.05617243564642449,"{""model__C"": 0.1, ""model__epsilon"": 0.03, ""model__gamma"": ""scale""}"
175,3,valence,svr_rbf,0.45,0.4290680052482292,0.02093199475177082,"{""model__C"": 0.1, ""model__epsilon"": 0.03, ""model__gamma"": ""scale""}"
203,3,valence,svr_rbf,0.6875,0.7304159458849806,0.0429159458849806,"{""model__C"": 0.1, ""model__epsilon"": 0.03, ""model__gamma"": ""scale""}"
209,3,valence,svr_rbf,0.775,0.7278555085937405,0.04714449140625954,"{""model__C"": 0.1, ""model__epsilon"": 0.03, ""model__gamma"": ""scale""}"
212,3,valence,svr_rbf,0.6,0.6997042303828613,0.09970423038286136,"{""model__C"": 0.1, ""model__epsilon"": 0.03, ""model__gamma"": ""scale""}"
213,3,valence,svr_rbf,0.3625,0.4258975494837877,0.06339754948378773,"{""model__C"": 0.1, ""model__epsilon"": 0.03, ""model__gamma"": ""scale""}"
216,3,valence,svr_rbf,0.6625,0.6823864891494231,0.019886489149423148,"{""model__C"": 0.1, ""model__epsilon"": 0.03, ""model__gamma"": ""scale""}"
221,3,valence,svr_rbf,0.7,0.7085307920342123,0.008530792034212364,"{""model__C"": 0.1, ""model__epsilon"": 0.03, ""model__gamma"": ""scale""}"
224,3,valence,svr_rbf,0.5,0.4170922964386559,0.08290770356134408,"{""model__C"": 0.1, ""model__epsilon"": 0.03, ""model__gamma"": ""scale""}"
225,3,valence,svr_rbf,0.525,0.5273588041878848,0.002358804187884811,"{""model__C"": 0.1, ""model__epsilon"": 0.03, ""model__gamma"": ""scale""}"
227,3,valence,svr_rbf,0.425,0.3947166492477212,0.03028335075227878,"{""model__C"": 0.1, ""model__epsilon"": 0.03, ""model__gamma"": ""scale""}"
232,3,valence,svr_rbf,0.475,0.45992024235523943,0.01507975764476055,"{""model__C"": 0.1, ""model__epsilon"": 0.03, ""model__gamma"": ""scale""}"
241,3,valence,svr_rbf,0.5625,0.5102603935302777,0.052239606469722255,"{""model__C"": 0.1, ""model__epsilon"": 0.03, ""model__gamma"": ""scale""}"
282,3,valence,svr_rbf,0.525,0.5509239875327792,0.025923987532779136,"{""model__C"": 0.1, ""model__epsilon"": 0.03, ""model__gamma"": ""scale""}"
287,3,valence,svr_rbf,0.6875,0.5121621469686264,0.17533785303137361,"{""model__C"": 0.1, ""model__epsilon"": 0.03, ""model__gamma"": ""scale""}"
293,3,valence,svr_rbf,0.6375,0.7060447192740859,0.0685447192740859,"{""model__C"": 0.1, ""model__epsilon"": 0.03, ""model__gamma"": ""scale""}"
297,3,valence,svr_rbf,0.7,0.5954591085051544,0.10454089149484558,"{""model__C"": 0.1, ""model__epsilon"": 0.03, ""model__gamma"": ""scale""}"
302,3,valence,svr_rbf,0.575,0.5703806372713397,0.004619362728660259,"{""model__C"": 0.1, ""model__epsilon"": 0.03, ""model__gamma"": ""scale""}"
305,3,valence,svr_rbf,0.75,0.6688426098912599,0.08115739010874012,"{""model__C"": 0.1, ""model__epsilon"": 0.03, ""model__gamma"": ""scale""}"
313,3,valence,svr_rbf,0.6625,0.675130555423523,0.012630555423522982,"{""model__C"": 0.1, ""model__epsilon"": 0.03, ""model__gamma"": ""scale""}"
325,3,valence,svr_rbf,0.6125,0.5716907719624565,0.0408092280375435,"{""model__C"": 0.1, ""model__epsilon"": 0.03, ""model__gamma"": ""scale""}"
336,3,valence,svr_rbf,0.725,0.7502099346117177,0.02520993461171772,"{""model__C"": 0.1, ""model__epsilon"": 0.03, ""model__gamma"": ""scale""}"
351,3,valence,svr_rbf,0.55,0.6243372586688039,0.07433725866880381,"{""model__C"": 0.1, ""model__epsilon"": 0.03, ""model__gamma"": ""scale""}"
360,3,valence,svr_rbf,0.55,0.5658381462218189,0.015838146221818894,"{""model__C"": 0.1, ""model__epsilon"": 0.03, ""model__gamma"": ""scale""}"
364,3,valence,svr_rbf,0.4,0.4640825183854918,0.06408251838549178,"{""model__C"": 0.1, ""model__epsilon"": 0.03, ""model__gamma"": ""scale""}"
366,3,valence,svr_rbf,0.2875,0.47083828046937926,0.18333828046937928,"{""model__C"": 0.1, ""model__epsilon"": 0.03, ""model__gamma"": ""scale""}"
382,3,valence,svr_rbf,0.863636363636,0.700577057684303,0.16305930595169704,"{""model__C"": 0.1, ""model__epsilon"": 0.03, ""model__gamma"": ""scale""}"
394,3,valence,svr_rbf,0.675,0.5830557981841604,0.09194420181583962,"{""model__C"": 0.1, ""model__epsilon"": 0.03, ""model__gamma"": ""scale""}"
398,3,valence,svr_rbf,0.4375,0.39732662624049647,0.04017337375950353,"{""model__C"": 0.1, ""model__epsilon"": 0.03, ""model__gamma"": ""scale""}"
401,3,valence,svr_rbf,0.25,0.476446961984218,0.226446961984218,"{""model__C"": 0.1, ""model__epsilon"": 0.03, ""model__gamma"": ""scale""}"
402,3,valence,svr_rbf,0.6875,0.717873589584511,0.030373589584510974,"{""model__C"": 0.1, ""model__epsilon"": 0.03, ""model__gamma"": ""scale""}"
410,3,valence,svr_rbf,0.45,0.6548348438423779,0.20483484384237788,"{""model__C"": 0.1, ""model__epsilon"": 0.03, ""model__gamma"": ""scale""}"
417,3,valence,svr_rbf,0.775,0.8071364132144241,0.032136413214424064,"{""model__C"": 0.1, ""model__epsilon"": 0.03, ""model__gamma"": ""scale""}"
421,3,valence,svr_rbf,0.725,0.6987114326117149,0.02628856738828511,"{""model__C"": 0.1, ""model__epsilon"": 0.03, ""model__gamma"": ""scale""}"
424,3,valence,svr_rbf,0.65,0.5390762104662519,0.11092378953374815,"{""model__C"": 0.1, ""model__epsilon"": 0.03, ""model__gamma"": ""scale""}"
429,3,valence,svr_rbf,0.4,0.4647764084839947,0.06477640848399469,"{""model__C"": 0.1, ""model__epsilon"": 0.03, ""model__gamma"": ""scale""}"
431,3,valence,svr_rbf,0.6375,0.4297378006769751,0.20776219932302487,"{""model__C"": 0.1, ""model__epsilon"": 0.03, ""model__gamma"": ""scale""}"
437,3,valence,svr_rbf,0.375,0.42923894241869964,0.05423894241869964,"{""model__C"": 0.1, ""model__epsilon"": 0.03, ""model__gamma"": ""scale""}"
440,3,valence,svr_rbf,0.2875,0.4833891862007285,0.19588918620072854,"{""model__C"": 0.1, ""model__epsilon"": 0.03, ""model__gamma"": ""scale""}"
445,3,valence,svr_rbf,0.4625,0.6116675592019833,0.14916755920198332,"{""model__C"": 0.1, ""model__epsilon"": 0.03, ""model__gamma"": ""scale""}"
446,3,valence,svr_rbf,0.4875,0.5481741306511658,0.060674130651165836,"{""model__C"": 0.1, ""model__epsilon"": 0.03, ""model__gamma"": ""scale""}"
447,3,valence,svr_rbf,0.6,0.5482854996478654,0.05171450035213454,"{""model__C"": 0.1, ""model__epsilon"": 0.03, ""model__gamma"": ""scale""}"
448,3,valence,svr_rbf,0.7375,0.7301942007963689,0.007305799203631169,"{""model__C"": 0.1, ""model__epsilon"": 0.03, ""model__gamma"": ""scale""}"
450,3,valence,svr_rbf,0.7625,0.7140269905314959,0.04847300946850408,"{""model__C"": 0.1, ""model__epsilon"": 0.03, ""model__gamma"": ""scale""}"
451,3,valence,svr_rbf,0.8375,0.718176404645277,0.11932359535472303,"{""model__C"": 0.1, ""model__epsilon"": 0.03, ""model__gamma"": ""scale""}"
456,3,valence,svr_rbf,0.525,0.673801072482882,0.148801072482882,"{""model__C"": 0.1, ""model__epsilon"": 0.03, ""model__gamma"": ""scale""}"
482,3,valence,svr_rbf,0.568181818182,0.652839538967928,0.08465772078592804,"{""model__C"": 0.1, ""model__epsilon"": 0.03, ""model__gamma"": ""scale""}"
485,3,valence,svr_rbf,0.7,0.7317362404357106,0.03173624043571066,"{""model__C"": 0.1, ""model__epsilon"": 0.03, ""model__gamma"": ""scale""}"
488,3,valence,svr_rbf,0.6,0.5908863284172442,0.009113671582755778,"{""model__C"": 0.1, ""model__epsilon"": 0.03, ""model__gamma"": ""scale""}"
494,3,valence,svr_rbf,0.4625,0.6464477079606417,0.18394770796064164,"{""model__C"": 0.1, ""model__epsilon"": 0.03, ""model__gamma"": ""scale""}"
510,3,valence,svr_rbf,0.825,0.7572024847163858,0.06779751528361411,"{""model__C"": 0.1, ""model__epsilon"": 0.03, ""model__gamma"": ""scale""}"
511,3,valence,svr_rbf,0.7375,0.7300168493296242,0.00748315067037586,"{""model__C"": 0.1, ""model__epsilon"": 0.03, ""model__gamma"": ""scale""}"
520,3,valence,svr_rbf,0.15,0.49299196979361193,0.3429919697936119,"{""model__C"": 0.1, ""model__epsilon"": 0.03, ""model__gamma"": ""scale""}"
523,3,valence,svr_rbf,0.3375,0.48428393700873157,0.14678393700873155,"{""model__C"": 0.1, ""model__epsilon"": 0.03, ""model__gamma"": ""scale""}"
565,3,valence,svr_rbf,0.6375,0.7435007974036977,0.10600079740369772,"{""model__C"": 0.1, ""model__epsilon"": 0.03, ""model__gamma"": ""scale""}"
568,3,valence,svr_rbf,0.825,0.7850191039077227,0.039980896092277285,"{""model__C"": 0.1, ""model__epsilon"": 0.03, ""model__gamma"": ""scale""}"
579,3,valence,svr_rbf,0.225,0.530039931322815,0.30503993132281504,"{""model__C"": 0.1, ""model__epsilon"": 0.03, ""model__gamma"": ""scale""}"
583,3,valence,svr_rbf,0.5,0.5014923308346345,0.0014923308346345143,"{""model__C"": 0.1, ""model__epsilon"": 0.03, ""model__gamma"": ""scale""}"
585,3,valence,svr_rbf,0.4625,0.45354817040555373,0.008951829594446292,"{""model__C"": 0.1, ""model__epsilon"": 0.03, ""model__gamma"": ""scale""}"
587,3,valence,svr_rbf,0.6,0.6552750243215698,0.05527502432156983,"{""model__C"": 0.1, ""model__epsilon"": 0.03, ""model__gamma"": ""scale""}"
590,3,valence,svr_rbf,0.3625,0.3944212365318714,0.0319212365318714,"{""model__C"": 0.1, ""model__epsilon"": 0.03, ""model__gamma"": ""scale""}"
597,3,valence,svr_rbf,0.7,0.7200786307044549,0.020078630704454925,"{""model__C"": 0.1, ""model__epsilon"": 0.03, ""model__gamma"": ""scale""}"
605,3,valence,svr_rbf,0.875,0.7639490699653826,0.11105093003461741,"{""model__C"": 0.1, ""model__epsilon"": 0.03, ""model__gamma"": ""scale""}"
609,3,valence,svr_rbf,0.5125,0.5622501909155566,0.04975019091555666,"{""model__C"": 0.1, ""model__epsilon"": 0.03, ""model__gamma"": ""scale""}"
612,3,valence,svr_rbf,0.375,0.46862212086045013,0.09362212086045013,"{""model__C"": 0.1, ""model__epsilon"": 0.03, ""model__gamma"": ""scale""}"
624,3,valence,svr_rbf,0.55,0.6196936087418975,0.06969360874189745,"{""model__C"": 0.1, ""model__epsilon"": 0.03, ""model__gamma"": ""scale""}"
626,3,valence,svr_rbf,0.775,0.7183481347627252,0.056651865237274834,"{""model__C"": 0.1, ""model__epsilon"": 0.03, ""model__gamma"": ""scale""}"
627,3,valence,svr_rbf,0.675,0.6888191866274967,0.013819186627496705,"{""model__C"": 0.1, ""model__epsilon"": 0.03, ""model__gamma"": ""scale""}"
631,3,valence,svr_rbf,0.5625,0.6170479541503455,0.05454795415034552,"{""model__C"": 0.1, ""model__epsilon"": 0.03, ""model__gamma"": ""scale""}"
636,3,valence,svr_rbf,0.75,0.6719978109567617,0.0780021890432383,"{""model__C"": 0.1, ""model__epsilon"": 0.03, ""model__gamma"": ""scale""}"
653,3,valence,svr_rbf,0.6625,0.7122947163190863,0.049794716319086274,"{""model__C"": 0.1, ""model__epsilon"": 0.03, ""model__gamma"": ""scale""}"
654,3,valence,svr_rbf,0.875,0.7480887050839253,0.12691129491607467,"{""model__C"": 0.1, ""model__epsilon"": 0.03, ""model__gamma"": ""scale""}"
660,3,valence,svr_rbf,0.825,0.5489675910142814,0.27603240898571857,"{""model__C"": 0.1, ""model__epsilon"": 0.03, ""model__gamma"": ""scale""}"
668,3,valence,svr_rbf,0.65,0.66154620449585,0.011546204495849977,"{""model__C"": 0.1, ""model__epsilon"": 0.03, ""model__gamma"": ""scale""}"
670,3,valence,svr_rbf,0.425,0.5255490344996611,0.10054903449966107,"{""model__C"": 0.1, ""model__epsilon"": 0.03, ""model__gamma"": ""scale""}"
672,3,valence,svr_rbf,0.4625,0.4844821002735648,0.021982100273564786,"{""model__C"": 0.1, ""model__epsilon"": 0.03, ""model__gamma"": ""scale""}"
677,3,valence,svr_rbf,0.3625,0.4690735616816949,0.1065735616816949,"{""model__C"": 0.1, ""model__epsilon"": 0.03, ""model__gamma"": ""scale""}"
679,3,valence,svr_rbf,0.6,0.6248018695170153,0.02480186951701535,"{""model__C"": 0.1, ""model__epsilon"": 0.03, ""model__gamma"": ""scale""}"
688,3,valence,svr_rbf,0.4625,0.471610761752925,0.009110761752924967,"{""model__C"": 0.1, ""model__epsilon"": 0.03, ""model__gamma"": ""scale""}"
689,3,valence,svr_rbf,0.35,0.6659719226283871,0.31597192262838714,"{""model__C"": 0.1, ""model__epsilon"": 0.03, ""model__gamma"": ""scale""}"
700,3,valence,svr_rbf,0.475,0.5500593347903108,0.0750593347903108,"{""model__C"": 0.1, ""model__epsilon"": 0.03, ""model__gamma"": ""scale""}"
704,3,valence,svr_rbf,0.7,0.5589961723943266,0.14100382760567332,"{""model__C"": 0.1, ""model__epsilon"": 0.03, ""model__gamma"": ""scale""}"
706,3,valence,svr_rbf,0.6125,0.6267572271767387,0.014257227176738607,"{""model__C"": 0.1, ""model__epsilon"": 0.03, ""model__gamma"": ""scale""}"
713,3,valence,svr_rbf,0.7375,0.7260472846744191,0.011452715325580898,"{""model__C"": 0.1, ""model__epsilon"": 0.03, ""model__gamma"": ""scale""}"
715,3,valence,svr_rbf,0.525,0.6450512891408036,0.12005128914080354,"{""model__C"": 0.1, ""model__epsilon"": 0.03, ""model__gamma"": ""scale""}"
727,3,valence,svr_rbf,0.475,0.4604356137965889,0.01456438620341105,"{""model__C"": 0.1, ""model__epsilon"": 0.03, ""model__gamma"": ""scale""}"
732,3,valence,svr_rbf,0.6125,0.5645607266973627,0.047939273302637364,"{""model__C"": 0.1, ""model__epsilon"": 0.03, ""model__gamma"": ""scale""}"
733,3,valence,svr_rbf,0.6,0.5423928795302256,0.05760712046977434,"{""model__C"": 0.1, ""model__epsilon"": 0.03, ""model__gamma"": ""scale""}"
736,3,valence,svr_rbf,0.4125,0.5540764416917271,0.14157644169172712,"{""model__C"": 0.1, ""model__epsilon"": 0.03, ""model__gamma"": ""scale""}"
741,3,valence,svr_rbf,0.425,0.5504579645286714,0.12545796452867136,"{""model__C"": 0.1, ""model__epsilon"": 0.03, ""model__gamma"": ""scale""}"
745,3,valence,svr_rbf,0.6125,0.598764163601757,0.013735836398243051,"{""model__C"": 0.1, ""model__epsilon"": 0.03, ""model__gamma"": ""scale""}"
747,3,valence,svr_rbf,0.775,0.7412527434488017,0.03374725655119837,"{""model__C"": 0.1, ""model__epsilon"": 0.03, ""model__gamma"": ""scale""}"
752,3,valence,svr_rbf,0.7875,0.594354912247335,0.19314508775266492,"{""model__C"": 0.1, ""model__epsilon"": 0.03, ""model__gamma"": ""scale""}"
753,3,valence,svr_rbf,0.625,0.6592765283123118,0.03427652831231176,"{""model__C"": 0.1, ""model__epsilon"": 0.03, ""model__gamma"": ""scale""}"
754,3,valence,svr_rbf,0.8,0.7250351061648345,0.07496489383516558,"{""model__C"": 0.1, ""model__epsilon"": 0.03, ""model__gamma"": ""scale""}"
770,3,valence,svr_rbf,0.6125,0.7180279265257793,0.10552792652577925,"{""model__C"": 0.1, ""model__epsilon"": 0.03, ""model__gamma"": ""scale""}"
779,3,valence,svr_rbf,0.4125,0.6425246138658142,0.2300246138658142,"{""model__C"": 0.1, ""model__epsilon"": 0.03, ""model__gamma"": ""scale""}"
783,3,valence,svr_rbf,0.45,0.4894195761245089,0.039419576124508915,"{""model__C"": 0.1, ""model__epsilon"": 0.03, ""model__gamma"": ""scale""}"
790,3,valence,svr_rbf,0.725,0.7592893184067688,0.034289318406768854,"{""model__C"": 0.1, ""model__epsilon"": 0.03, ""model__gamma"": ""scale""}"
792,3,valence,svr_rbf,0.625,0.6985391101738537,0.07353911017385373,"{""model__C"": 0.1, ""model__epsilon"": 0.03, ""model__gamma"": ""scale""}"
793,3,valence,svr_rbf,0.6375,0.6815494505645903,0.04404945056459031,"{""model__C"": 0.1, ""model__epsilon"": 0.03, ""model__gamma"": ""scale""}"
803,3,valence,svr_rbf,0.75,0.6774014746208996,0.07259852537910039,"{""model__C"": 0.1, ""model__epsilon"": 0.03, ""model__gamma"": ""scale""}"
807,3,valence,svr_rbf,0.3625,0.423985600882834,0.061485600882834,"{""model__C"": 0.1, ""model__epsilon"": 0.03, ""model__gamma"": ""scale""}"
808,3,valence,svr_rbf,0.25,0.4741224800072526,0.2241224800072526,"{""model__C"": 0.1, ""model__epsilon"": 0.03, ""model__gamma"": ""scale""}"
816,3,valence,svr_rbf,0.425,0.5162191666045801,0.09121916660458013,"{""model__C"": 0.1, ""model__epsilon"": 0.03, ""model__gamma"": ""scale""}"
829,3,valence,svr_rbf,0.8125,0.7451531979130162,0.06734680208698385,"{""model__C"": 0.1, ""model__epsilon"": 0.03, ""model__gamma"": ""scale""}"
831,3,valence,svr_rbf,0.9125,0.6717902361410841,0.24070976385891585,"{""model__C"": 0.1, ""model__epsilon"": 0.03, ""model__gamma"": ""scale""}"
839,3,valence,svr_rbf,0.625,0.6964088343532703,0.07140883435327028,"{""model__C"": 0.1, ""model__epsilon"": 0.03, ""model__gamma"": ""scale""}"
850,3,valence,svr_rbf,0.6125,0.6473742061608884,0.03487420616088832,"{""model__C"": 0.1, ""model__epsilon"": 0.03, ""model__gamma"": ""scale""}"
851,3,valence,svr_rbf,0.4125,0.6633843083200988,0.2508843083200988,"{""model__C"": 0.1, ""model__epsilon"": 0.03, ""model__gamma"": ""scale""}"
857,3,valence,svr_rbf,0.2125,0.5306301325096969,0.3181301325096969,"{""model__C"": 0.1, ""model__epsilon"": 0.03, ""model__gamma"": ""scale""}"
863,3,valence,svr_rbf,0.625,0.6901398335768012,0.0651398335768012,"{""model__C"": 0.1, ""model__epsilon"": 0.03, ""model__gamma"": ""scale""}"
864,3,valence,svr_rbf,0.409090909091,0.4040918405951386,0.004999068495861403,"{""model__C"": 0.1, ""model__epsilon"": 0.03, ""model__gamma"": ""scale""}"
871,3,valence,svr_rbf,0.65,0.6143290842627356,0.03567091573726444,"{""model__C"": 0.1, ""model__epsilon"": 0.03, ""model__gamma"": ""scale""}"
886,3,valence,svr_rbf,0.725,0.7032097555826939,0.021790244417306037,"{""model__C"": 0.1, ""model__epsilon"": 0.03, ""model__gamma"": ""scale""}"
888,3,valence,svr_rbf,0.675,0.5737899284593543,0.10121007154064576,"{""model__C"": 0.1, ""model__epsilon"": 0.03, ""model__gamma"": ""scale""}"
897,3,valence,svr_rbf,0.5625,0.5396516875854799,0.022848312414520122,"{""model__C"": 0.1, ""model__epsilon"": 0.03, ""model__gamma"": ""scale""}"
904,3,valence,svr_rbf,0.5625,0.6222891987934771,0.059789198793477105,"{""model__C"": 0.1, ""model__epsilon"": 0.03, ""model__gamma"": ""scale""}"
905,3,valence,svr_rbf,0.575,0.5567274096061081,0.01827259039389184,"{""model__C"": 0.1, ""model__epsilon"": 0.03, ""model__gamma"": ""scale""}"
911,3,valence,svr_rbf,0.3875,0.4220120545518073,0.03451205455180728,"{""model__C"": 0.1, ""model__epsilon"": 0.03, ""model__gamma"": ""scale""}"
919,3,valence,svr_rbf,0.7375,0.6980441442019101,0.03945585579808997,"{""model__C"": 0.1, ""model__epsilon"": 0.03, ""model__gamma"": ""scale""}"
926,3,valence,svr_rbf,0.4875,0.5278901765865672,0.04039017658656724,"{""model__C"": 0.1, ""model__epsilon"": 0.03, ""model__gamma"": ""scale""}"
937,3,valence,svr_rbf,0.5875,0.7207886676310287,0.13328866763102865,"{""model__C"": 0.1, ""model__epsilon"": 0.03, ""model__gamma"": ""scale""}"
941,3,valence,svr_rbf,0.3,0.4595252335231958,0.1595252335231958,"{""model__C"": 0.1, ""model__epsilon"": 0.03, ""model__gamma"": ""scale""}"
943,3,valence,svr_rbf,0.4875,0.5277697619118623,0.04026976191186232,"{""model__C"": 0.1, ""model__epsilon"": 0.03, ""model__gamma"": ""scale""}"
945,3,valence,svr_rbf,0.575,0.5983431962598648,0.023343196259864807,"{""model__C"": 0.1, ""model__epsilon"": 0.03, ""model__gamma"": ""scale""}"
953,3,valence,svr_rbf,0.55,0.3876275181291262,0.16237248187087383,"{""model__C"": 0.1, ""model__epsilon"": 0.03, ""model__gamma"": ""scale""}"
964,3,valence,svr_rbf,0.6,0.45367262544061615,0.14632737455938383,"{""model__C"": 0.1, ""model__epsilon"": 0.03, ""model__gamma"": ""scale""}"
968,3,valence,svr_rbf,0.4,0.5444536668942558,0.14445366689425576,"{""model__C"": 0.1, ""model__epsilon"": 0.03, ""model__gamma"": ""scale""}"
971,3,valence,svr_rbf,0.55,0.5303077492814411,0.019692250718558957,"{""model__C"": 0.1, ""model__epsilon"": 0.03, ""model__gamma"": ""scale""}"
974,3,valence,svr_rbf,0.5875,0.5908533702851584,0.0033533702851583636,"{""model__C"": 0.1, ""model__epsilon"": 0.03, ""model__gamma"": ""scale""}"
983,3,valence,svr_rbf,0.5,0.6954843959820226,0.1954843959820226,"{""model__C"": 0.1, ""model__epsilon"": 0.03, ""model__gamma"": ""scale""}"
21,4,valence,svr_rbf,0.775,0.6941296256860698,0.08087037431393018,"{""model__C"": 0.1, ""model__epsilon"": 0.03, ""model__gamma"": ""scale""}"
25,4,valence,svr_rbf,0.784090909091,0.6829501862839749,0.10114072280702513,"{""model__C"": 0.1, ""model__epsilon"": 0.03, ""model__gamma"": ""scale""}"
26,4,valence,svr_rbf,0.7625,0.5877859759707023,0.1747140240292977,"{""model__C"": 0.1, ""model__epsilon"": 0.03, ""model__gamma"": ""scale""}"
29,4,valence,svr_rbf,0.675,0.6843689874068479,0.009368987406847884,"{""model__C"": 0.1, ""model__epsilon"": 0.03, ""model__gamma"": ""scale""}"
32,4,valence,svr_rbf,0.3875,0.5254021458321916,0.13790214583219157,"{""model__C"": 0.1, ""model__epsilon"": 0.03, ""model__gamma"": ""scale""}"
34,4,valence,svr_rbf,0.8375,0.6456888871226636,0.19181111287733643,"{""model__C"": 0.1, ""model__epsilon"": 0.03, ""model__gamma"": ""scale""}"
35,4,valence,svr_rbf,0.625,0.4992036599079726,0.1257963400920274,"{""model__C"": 0.1, ""model__epsilon"": 0.03, ""model__gamma"": ""scale""}"
40,4,valence,svr_rbf,0.6625,0.6343923135957569,0.028107686404243104,"{""model__C"": 0.1, ""model__epsilon"": 0.03, ""model__gamma"": ""scale""}"
42,4,valence,svr_rbf,0.6,0.6839237356805437,0.08392373568054368,"{""model__C"": 0.1, ""model__epsilon"": 0.03, ""model__gamma"": ""scale""}"
48,4,valence,svr_rbf,0.8375,0.7137012025354372,0.1237987974645628,"{""model__C"": 0.1, ""model__epsilon"": 0.03, ""model__gamma"": ""scale""}"
54,4,valence,svr_rbf,0.775,0.6951448217741976,0.07985517822580246,"{""model__C"": 0.1, ""model__epsilon"": 0.03, ""model__gamma"": ""scale""}"
58,4,valence,svr_rbf,0.25,0.42464192996496075,0.17464192996496075,"{""model__C"": 0.1, ""model__epsilon"": 0.03, ""model__gamma"": ""scale""}"
59,4,valence,svr_rbf,0.6,0.4270998661111861,0.17290013388881387,"{""model__C"": 0.1, ""model__epsilon"": 0.03, ""model__gamma"": ""scale""}"
60,4,valence,svr_rbf,0.409090909091,0.5058092534581707,0.09671834436717075,"{""model__C"": 0.1, ""model__epsilon"": 0.03, ""model__gamma"": ""scale""}"
71,4,valence,svr_rbf,0.5875,0.7109580543395914,0.12345805433959134,"{""model__C"": 0.1, ""model__epsilon"": 0.03, ""model__gamma"": ""scale""}"
80,4,valence,svr_rbf,0.7625,0.7220624644446334,0.040437535555366555,"{""model__C"": 0.1, ""model__epsilon"": 0.03, ""model__gamma"": ""scale""}"
81,4,valence,svr_rbf,0.7,0.712974494874779,0.012974494874779086,"{""model__C"": 0.1, ""model__epsilon"": 0.03, ""model__gamma"": ""scale""}"
84,4,valence,svr_rbf,0.8,0.6500442107296722,0.14995578927032782,"{""model__C"": 0.1, ""model__epsilon"": 0.03, ""model__gamma"": ""scale""}"
86,4,valence,svr_rbf,0.725,0.6407931486158972,0.08420685138410278,"{""model__C"": 0.1, ""model__epsilon"": 0.03, ""model__gamma"": ""scale""}"
89,4,valence,svr_rbf,0.75,0.6997255520180884,0.05027444798191161,"{""model__C"": 0.1, ""model__epsilon"": 0.03, ""model__gamma"": ""scale""}"
91,4,valence,svr_rbf,0.7375,0.7860353966171608,0.048535396617160775,"{""model__C"": 0.1, ""model__epsilon"": 0.03, ""model__gamma"": ""scale""}"
93,4,valence,svr_rbf,0.65,0.5536090462262561,0.09639095377374396,"{""model__C"": 0.1, ""model__epsilon"": 0.03, ""model__gamma"": ""scale""}"
96,4,valence,svr_rbf,0.825,0.7554624352213759,0.06953756477862405,"{""model__C"": 0.1, ""model__epsilon"": 0.03, ""model__gamma"": ""scale""}"
103,4,valence,svr_rbf,0.775,0.5519261405150252,0.22307385948497482,"{""model__C"": 0.1, ""model__epsilon"": 0.03, ""model__gamma"": ""scale""}"
107,4,valence,svr_rbf,0.6125,0.5763380443149956,0.036161955685004465,"{""model__C"": 0.1, ""model__epsilon"": 0.03, ""model__gamma"": ""scale""}"
116,4,valence,svr_rbf,0.7625,0.7303165207715406,0.03218347922845932,"{""model__C"": 0.1, ""model__epsilon"": 0.03, ""model__gamma"": ""scale""}"
119,4,valence,svr_rbf,0.6625,0.5167930973773607,0.1457069026226393,"{""model__C"": 0.1, ""model__epsilon"": 0.03, ""model__gamma"": ""scale""}"
120,4,valence,svr_rbf,0.7625,0.6227616788603453,0.13973832113965468,"{""model__C"": 0.1, ""model__epsilon"": 0.03, ""model__gamma"": ""scale""}"
140,4,valence,svr_rbf,0.65,0.6326652269281254,0.017334773071874587,"{""model__C"": 0.1, ""model__epsilon"": 0.03, ""model__gamma"": ""scale""}"
144,4,valence,svr_rbf,0.825,0.8020353864266949,0.022964613573305037,"{""model__C"": 0.1, ""model__epsilon"": 0.03, ""model__gamma"": ""scale""}"
145,4,valence,svr_rbf,0.75,0.7199852194185664,0.030014780581433587,"{""model__C"": 0.1, ""model__epsilon"": 0.03, ""model__gamma"": ""scale""}"
159,4,valence,svr_rbf,0.675,0.768042722945766,0.09304272294576599,"{""model__C"": 0.1, ""model__epsilon"": 0.03, ""model__gamma"": ""scale""}"
167,4,valence,svr_rbf,0.775,0.7535124881770089,0.021487511822991134,"{""model__C"": 0.1, ""model__epsilon"": 0.03, ""model__gamma"": ""scale""}"
171,4,valence,svr_rbf,0.8125,0.7967036816367138,0.01579631836328621,"{""model__C"": 0.1, ""model__epsilon"": 0.03, ""model__gamma"": ""scale""}"
188,4,valence,svr_rbf,0.4,0.5112587310508586,0.1112587310508586,"{""model__C"": 0.1, ""model__epsilon"": 0.03, ""model__gamma"": ""scale""}"
201,4,valence,svr_rbf,0.6875,0.6593709645321492,0.028129035467850838,"{""model__C"": 0.1, ""model__epsilon"": 0.03, ""model__gamma"": ""scale""}"
215,4,valence,svr_rbf,0.5125,0.6256321283360881,0.1131321283360881,"{""model__C"": 0.1, ""model__epsilon"": 0.03, ""model__gamma"": ""scale""}"
229,4,valence,svr_rbf,0.4,0.41229540279429855,0.012295402794298527,"{""model__C"": 0.1, ""model__epsilon"": 0.03, ""model__gamma"": ""scale""}"
235,4,valence,svr_rbf,0.7,0.5747443576561652,0.1252556423438348,"{""model__C"": 0.1, ""model__epsilon"": 0.03, ""model__gamma"": ""scale""}"
258,4,valence,svr_rbf,0.475,0.46986048207693626,0.005139517923063719,"{""model__C"": 0.1, ""model__epsilon"": 0.03, ""model__gamma"": ""scale""}"
260,4,valence,svr_rbf,0.3,0.47747755785935286,0.17747755785935287,"{""model__C"": 0.1, ""model__epsilon"": 0.03, ""model__gamma"": ""scale""}"
276,4,valence,svr_rbf,0.5125,0.44274274043556866,0.0697572595644313,"{""model__C"": 0.1, ""model__epsilon"": 0.03, ""model__gamma"": ""scale""}"
284,4,valence,svr_rbf,0.4875,0.5686427771920409,0.08114277719204094,"{""model__C"": 0.1, ""model__epsilon"": 0.03, ""model__gamma"": ""scale""}"
285,4,valence,svr_rbf,0.525,0.41657082597063233,0.10842917402936769,"{""model__C"": 0.1, ""model__epsilon"": 0.03, ""model__gamma"": ""scale""}"
300,4,valence,svr_rbf,0.7625,0.6612527686657768,0.1012472313342232,"{""model__C"": 0.1, ""model__epsilon"": 0.03, ""model__gamma"": ""scale""}"
303,4,valence,svr_rbf,0.6125,0.5905304306103323,0.021969569389667765,"{""model__C"": 0.1, ""model__epsilon"": 0.03, ""model__gamma"": ""scale""}"
316,4,valence,svr_rbf,0.8625,0.7346803081393025,0.12781969186069753,"{""model__C"": 0.1, ""model__epsilon"": 0.03, ""model__gamma"": ""scale""}"
321,4,valence,svr_rbf,0.4875,0.5460360956686785,0.05853609566867851,"{""model__C"": 0.1, ""model__epsilon"": 0.03, ""model__gamma"": ""scale""}"
326,4,valence,svr_rbf,0.7,0.6786223218035241,0.021377678196475847,"{""model__C"": 0.1, ""model__epsilon"": 0.03, ""model__gamma"": ""scale""}"
331,4,valence,svr_rbf,0.8,0.7393741960808251,0.060625803919174936,"{""model__C"": 0.1, ""model__epsilon"": 0.03, ""model__gamma"": ""scale""}"
337,4,valence,svr_rbf,0.8125,0.7326523205691468,0.07984767943085325,"{""model__C"": 0.1, ""model__epsilon"": 0.03, ""model__gamma"": ""scale""}"
339,4,valence,svr_rbf,0.7875,0.6194333727278577,0.16806662727214228,"{""model__C"": 0.1, ""model__epsilon"": 0.03, ""model__gamma"": ""scale""}"
348,4,valence,svr_rbf,0.3,0.48048547177678724,0.18048547177678725,"{""model__C"": 0.1, ""model__epsilon"": 0.03, ""model__gamma"": ""scale""}"
350,4,valence,svr_rbf,0.375,0.4871093955645916,0.1121093955645916,"{""model__C"": 0.1, ""model__epsilon"": 0.03, ""model__gamma"": ""scale""}"
354,4,valence,svr_rbf,0.5125,0.42486171552257207,0.08763828447742789,"{""model__C"": 0.1, ""model__epsilon"": 0.03, ""model__gamma"": ""scale""}"
355,4,valence,svr_rbf,0.325,0.472405683289382,0.14740568328938197,"{""model__C"": 0.1, ""model__epsilon"": 0.03, ""model__gamma"": ""scale""}"
358,4,valence,svr_rbf,0.6875,0.45963484783591396,0.22786515216408604,"{""model__C"": 0.1, ""model__epsilon"": 0.03, ""model__gamma"": ""scale""}"
383,4,valence,svr_rbf,0.4125,0.6361702026231913,0.22367020262319137,"{""model__C"": 0.1, ""model__epsilon"": 0.03, ""model__gamma"": ""scale""}"
388,4,valence,svr_rbf,0.7125,0.6522126114996116,0.060287388500388395,"{""model__C"": 0.1, ""model__epsilon"": 0.03, ""model__gamma"": ""scale""}"
389,4,valence,svr_rbf,0.3625,0.48338521954514746,0.12088521954514747,"{""model__C"": 0.1, ""model__epsilon"": 0.03, ""model__gamma"": ""scale""}"
393,4,valence,svr_rbf,0.4625,0.6020795464301877,0.13957954643018766,"{""model__C"": 0.1, ""model__epsilon"": 0.03, ""model__gamma"": ""scale""}"
395,4,valence,svr_rbf,0.675,0.641260525643077,0.03373947435692304,"{""model__C"": 0.1, ""model__epsilon"": 0.03, ""model__gamma"": ""scale""}"
396,4,valence,svr_rbf,0.7125,0.7058408252811184,0.006659174718881666,"{""model__C"": 0.1, ""model__epsilon"": 0.03, ""model__gamma"": ""scale""}"
409,4,valence,svr_rbf,0.6625,0.7160554701080502,0.053555470108050174,"{""model__C"": 0.1, ""model__epsilon"": 0.03, ""model__gamma"": ""scale""}"
413,4,valence,svr_rbf,0.675,0.6665677918052406,0.008432208194759427,"{""model__C"": 0.1, ""model__epsilon"": 0.03, ""model__gamma"": ""scale""}"
419,4,valence,svr_rbf,0.225,0.4961560609347858,0.27115606093478584,"{""model__C"": 0.1, ""model__epsilon"": 0.03, ""model__gamma"": ""scale""}"
423,4,valence,svr_rbf,0.65,0.6666080851426177,0.01660808514261769,"{""model__C"": 0.1, ""model__epsilon"": 0.03, ""model__gamma"": ""scale""}"
428,4,valence,svr_rbf,0.5625,0.46636822792778093,0.09613177207221907,"{""model__C"": 0.1, ""model__epsilon"": 0.03, ""model__gamma"": ""scale""}"
433,4,valence,svr_rbf,0.5,0.49475482092294776,0.005245179077052242,"{""model__C"": 0.1, ""model__epsilon"": 0.03, ""model__gamma"": ""scale""}"
438,4,valence,svr_rbf,0.325,0.41875850571988893,0.09375850571988892,"{""model__C"": 0.1, ""model__epsilon"": 0.03, ""model__gamma"": ""scale""}"
439,4,valence,svr_rbf,0.2625,0.48686148206584834,0.22436148206584833,"{""model__C"": 0.1, ""model__epsilon"": 0.03, ""model__gamma"": ""scale""}"
444,4,valence,svr_rbf,0.7625,0.7589426852839548,0.0035573147160451457,"{""model__C"": 0.1, ""model__epsilon"": 0.03, ""model__gamma"": ""scale""}"
457,4,valence,svr_rbf,0.7875,0.6240244749102597,0.16347552508974028,"{""model__C"": 0.1, ""model__epsilon"": 0.03, ""model__gamma"": ""scale""}"
458,4,valence,svr_rbf,0.7375,0.6911955624190981,0.04630443758090197,"{""model__C"": 0.1, ""model__epsilon"": 0.03, ""model__gamma"": ""scale""}"
460,4,valence,svr_rbf,0.7,0.6693979805715722,0.030602019428427774,"{""model__C"": 0.1, ""model__epsilon"": 0.03, ""model__gamma"": ""scale""}"
468,4,valence,svr_rbf,0.7875,0.6259655967633826,0.16153440323661739,"{""model__C"": 0.1, ""model__epsilon"": 0.03, ""model__gamma"": ""scale""}"
470,4,valence,svr_rbf,0.85,0.6796770493845249,0.1703229506154751,"{""model__C"": 0.1, ""model__epsilon"": 0.03, ""model__gamma"": ""scale""}"
476,4,valence,svr_rbf,0.8625,0.7282301811658752,0.1342698188341248,"{""model__C"": 0.1, ""model__epsilon"": 0.03, ""model__gamma"": ""scale""}"
477,4,valence,svr_rbf,0.7125,0.6784692315774442,0.03403076842255581,"{""model__C"": 0.1, ""model__epsilon"": 0.03, ""model__gamma"": ""scale""}"
481,4,valence,svr_rbf,0.6125,0.6797024285424648,0.06720242854246472,"{""model__C"": 0.1, ""model__epsilon"": 0.03, ""model__gamma"": ""scale""}"
490,4,valence,svr_rbf,0.6875,0.7039251889180766,0.01642518891807665,"{""model__C"": 0.1, ""model__epsilon"": 0.03, ""model__gamma"": ""scale""}"
505,4,valence,svr_rbf,0.6125,0.6994844936859992,0.08698449368599914,"{""model__C"": 0.1, ""model__epsilon"": 0.03, ""model__gamma"": ""scale""}"
506,4,valence,svr_rbf,0.375,0.5430408234472627,0.16804082344726268,"{""model__C"": 0.1, ""model__epsilon"": 0.03, ""model__gamma"": ""scale""}"
508,4,valence,svr_rbf,0.5375,0.5391939561972179,0.0016939561972179051,"{""model__C"": 0.1, ""model__epsilon"": 0.03, ""model__gamma"": ""scale""}"
514,4,valence,svr_rbf,0.75,0.7010896182319784,0.04891038176802165,"{""model__C"": 0.1, ""model__epsilon"": 0.03, ""model__gamma"": ""scale""}"
518,4,valence,svr_rbf,0.5125,0.4955973811030332,0.01690261889696676,"{""model__C"": 0.1, ""model__epsilon"": 0.03, ""model__gamma"": ""scale""}"
524,4,valence,svr_rbf,0.275,0.5055097837191515,0.23050978371915143,"{""model__C"": 0.1, ""model__epsilon"": 0.03, ""model__gamma"": ""scale""}"
532,4,valence,svr_rbf,0.3375,0.38780034468896446,0.05030034468896444,"{""model__C"": 0.1, ""model__epsilon"": 0.03, ""model__gamma"": ""scale""}"
534,4,valence,svr_rbf,0.2875,0.4865499681399487,0.19904996813994874,"{""model__C"": 0.1, ""model__epsilon"": 0.03, ""model__gamma"": ""scale""}"
537,4,valence,svr_rbf,0.7125,0.6936398707644154,0.018860129235584666,"{""model__C"": 0.1, ""model__epsilon"": 0.03, ""model__gamma"": ""scale""}"
539,4,valence,svr_rbf,0.65,0.5776353791117337,0.07236462088826634,"{""model__C"": 0.1, ""model__epsilon"": 0.03, ""model__gamma"": ""scale""}"
540,4,valence,svr_rbf,0.3875,0.5587014240968974,0.17120142409689737,"{""model__C"": 0.1, ""model__epsilon"": 0.03, ""model__gamma"": ""scale""}"
541,4,valence,svr_rbf,0.35,0.4078849991184229,0.05788499911842293,"{""model__C"": 0.1, ""model__epsilon"": 0.03, ""model__gamma"": ""scale""}"
561,4,valence,svr_rbf,0.8875,0.699952792603036,0.18754720739696396,"{""model__C"": 0.1, ""model__epsilon"": 0.03, ""model__gamma"": ""scale""}"
563,4,valence,svr_rbf,0.6875,0.6056735771112876,0.08182642288871245,"{""model__C"": 0.1, ""model__epsilon"": 0.03, ""model__gamma"": ""scale""}"
564,4,valence,svr_rbf,0.475,0.6144543875887624,0.13945438758876239,"{""model__C"": 0.1, ""model__epsilon"": 0.03, ""model__gamma"": ""scale""}"
567,4,valence,svr_rbf,0.825,0.7749380877052089,0.05006191229479107,"{""model__C"": 0.1, ""model__epsilon"": 0.03, ""model__gamma"": ""scale""}"
573,4,valence,svr_rbf,0.7625,0.7390832342025232,0.023416765797476757,"{""model__C"": 0.1, ""model__epsilon"": 0.03, ""model__gamma"": ""scale""}"
575,4,valence,svr_rbf,0.7875,0.6186239372811325,0.16887606271886746,"{""model__C"": 0.1, ""model__epsilon"": 0.03, ""model__gamma"": ""scale""}"
584,4,valence,svr_rbf,0.4625,0.5249826690641918,0.062482669064191754,"{""model__C"": 0.1, ""model__epsilon"": 0.03, ""model__gamma"": ""scale""}"
594,4,valence,svr_rbf,0.4375,0.4243600229373374,0.013139977062662622,"{""model__C"": 0.1, ""model__epsilon"": 0.03, ""model__gamma"": ""scale""}"
595,4,valence,svr_rbf,0.4,0.4956336305577337,0.09563363055773366,"{""model__C"": 0.1, ""model__epsilon"": 0.03, ""model__gamma"": ""scale""}"
600,4,valence,svr_rbf,0.65,0.5456432386552595,0.10435676134474048,"{""model__C"": 0.1, ""model__epsilon"": 0.03, ""model__gamma"": ""scale""}"
602,4,valence,svr_rbf,0.5375,0.5591599434462718,0.021659943446271868,"{""model__C"": 0.1, ""model__epsilon"": 0.03, ""model__gamma"": ""scale""}"
603,4,valence,svr_rbf,0.7125,0.743951874172784,0.031451874172783945,"{""model__C"": 0.1, ""model__epsilon"": 0.03, ""model__gamma"": ""scale""}"
607,4,valence,svr_rbf,0.6375,0.7145677372069373,0.07706773720693738,"{""model__C"": 0.1, ""model__epsilon"": 0.03, ""model__gamma"": ""scale""}"
611,4,valence,svr_rbf,0.475,0.5216937108413499,0.04669371084134988,"{""model__C"": 0.1, ""model__epsilon"": 0.03, ""model__gamma"": ""scale""}"
613,4,valence,svr_rbf,0.6875,0.725857411410669,0.03835741141066895,"{""model__C"": 0.1, ""model__epsilon"": 0.03, ""model__gamma"": ""scale""}"
615,4,valence,svr_rbf,0.675,0.7268155325284464,0.051815532528446395,"{""model__C"": 0.1, ""model__epsilon"": 0.03, ""model__gamma"": ""scale""}"
616,4,valence,svr_rbf,0.7875,0.6839543990164325,0.10354560098356747,"{""model__C"": 0.1, ""model__epsilon"": 0.03, ""model__gamma"": ""scale""}"
639,4,valence,svr_rbf,0.6875,0.6479801972262614,0.039519802773738566,"{""model__C"": 0.1, ""model__epsilon"": 0.03, ""model__gamma"": ""scale""}"
644,4,valence,svr_rbf,0.7625,0.582469089503309,0.18003091049669095,"{""model__C"": 0.1, ""model__epsilon"": 0.03, ""model__gamma"": ""scale""}"
650,4,valence,svr_rbf,0.5375,0.6370285099473808,0.09952850994738083,"{""model__C"": 0.1, ""model__epsilon"": 0.03, ""model__gamma"": ""scale""}"
657,4,valence,svr_rbf,0.5125,0.5300640369810075,0.017564036981007503,"{""model__C"": 0.1, ""model__epsilon"": 0.03, ""model__gamma"": ""scale""}"
659,4,valence,svr_rbf,0.375,0.6102004136151744,0.2352004136151744,"{""model__C"": 0.1, ""model__epsilon"": 0.03, ""model__gamma"": ""scale""}"
674,4,valence,svr_rbf,0.25,0.466226623960849,0.21622662396084902,"{""model__C"": 0.1, ""model__epsilon"": 0.03, ""model__gamma"": ""scale""}"
683,4,valence,svr_rbf,0.7375,0.46628236532432116,0.2712176346756789,"{""model__C"": 0.1, ""model__epsilon"": 0.03, ""model__gamma"": ""scale""}"
693,4,valence,svr_rbf,0.4,0.4803076778076948,0.08030767780769477,"{""model__C"": 0.1, ""model__epsilon"": 0.03, ""model__gamma"": ""scale""}"
703,4,valence,svr_rbf,0.545454545455,0.49133254823793654,0.05412199721706351,"{""model__C"": 0.1, ""model__epsilon"": 0.03, ""model__gamma"": ""scale""}"
716,4,valence,svr_rbf,0.525,0.5111518146587731,0.013848185341226893,"{""model__C"": 0.1, ""model__epsilon"": 0.03, ""model__gamma"": ""scale""}"
726,4,valence,svr_rbf,0.7125,0.7824521236781199,0.06995212367811987,"{""model__C"": 0.1, ""model__epsilon"": 0.03, ""model__gamma"": ""scale""}"
734,4,valence,svr_rbf,0.825,0.6442501717288003,0.18074982827119968,"{""model__C"": 0.1, ""model__epsilon"": 0.03, ""model__gamma"": ""scale""}"
740,4,valence,svr_rbf,0.75,0.723894578950339,0.02610542104966096,"{""model__C"": 0.1, ""model__epsilon"": 0.03, ""model__gamma"": ""scale""}"
744,4,valence,svr_rbf,0.725,0.6861945054328225,0.03880549456717752,"{""model__C"": 0.1, ""model__epsilon"": 0.03, ""model__gamma"": ""scale""}"
760,4,valence,svr_rbf,0.7375,0.729557013780686,0.007942986219313997,"{""model__C"": 0.1, ""model__epsilon"": 0.03, ""model__gamma"": ""scale""}"
771,4,valence,svr_rbf,0.5625,0.6997781855546615,0.13727818555466154,"{""model__C"": 0.1, ""model__epsilon"": 0.03, ""model__gamma"": ""scale""}"
774,4,valence,svr_rbf,0.75,0.683562098011127,0.066437901988873,"{""model__C"": 0.1, ""model__epsilon"": 0.03, ""model__gamma"": ""scale""}"
775,4,valence,svr_rbf,0.475,0.6305424838737785,0.15554248387377856,"{""model__C"": 0.1, ""model__epsilon"": 0.03, ""model__gamma"": ""scale""}"
778,4,valence,svr_rbf,0.8125,0.7460106457997684,0.06648935420023161,"{""model__C"": 0.1, ""model__epsilon"": 0.03, ""model__gamma"": ""scale""}"
786,4,valence,svr_rbf,0.45,0.46144259577642655,0.011442595776426534,"{""model__C"": 0.1, ""model__epsilon"": 0.03, ""model__gamma"": ""scale""}"
794,4,valence,svr_rbf,0.575,0.5691908923731968,0.0058091076268032005,"{""model__C"": 0.1, ""model__epsilon"": 0.03, ""model__gamma"": ""scale""}"
798,4,valence,svr_rbf,0.6,0.6763937822389376,0.07639378223893767,"{""model__C"": 0.1, ""model__epsilon"": 0.03, ""model__gamma"": ""scale""}"
799,4,valence,svr_rbf,0.5375,0.650454636870728,0.11295463687072804,"{""model__C"": 0.1, ""model__epsilon"": 0.03, ""model__gamma"": ""scale""}"
806,4,valence,svr_rbf,0.725,0.5446647746029165,0.18033522539708347,"{""model__C"": 0.1, ""model__epsilon"": 0.03, ""model__gamma"": ""scale""}"
815,4,valence,svr_rbf,0.3125,0.5002814892216199,0.18778148922161986,"{""model__C"": 0.1, ""model__epsilon"": 0.03, ""model__gamma"": ""scale""}"
824,4,valence,svr_rbf,0.825,0.6872890762485974,0.1377109237514026,"{""model__C"": 0.1, ""model__epsilon"": 0.03, ""model__gamma"": ""scale""}"
827,4,valence,svr_rbf,0.825,0.6581180877422211,0.16688191225777882,"{""model__C"": 0.1, ""model__epsilon"": 0.03, ""model__gamma"": ""scale""}"
830,4,valence,svr_rbf,0.6,0.6646086869427468,0.0646086869427468,"{""model__C"": 0.1, ""model__epsilon"": 0.03, ""model__gamma"": ""scale""}"
832,4,valence,svr_rbf,0.625,0.7430494276943101,0.11804942769431015,"{""model__C"": 0.1, ""model__epsilon"": 0.03, ""model__gamma"": ""scale""}"
848,4,valence,svr_rbf,0.5125,0.688937399169539,0.17643739916953904,"{""model__C"": 0.1, ""model__epsilon"": 0.03, ""model__gamma"": ""scale""}"
861,4,valence,svr_rbf,0.7625,0.7095795003379191,0.0529204996620809,"{""model__C"": 0.1, ""model__epsilon"": 0.03, ""model__gamma"": ""scale""}"
868,4,valence,svr_rbf,0.625,0.6949029484389532,0.06990294843895317,"{""model__C"": 0.1, ""model__epsilon"": 0.03, ""model__gamma"": ""scale""}"
913,4,valence,svr_rbf,0.275,0.5131842694547112,0.23818426945471116,"{""model__C"": 0.1, ""model__epsilon"": 0.03, ""model__gamma"": ""scale""}"
927,4,valence,svr_rbf,0.65,0.7489154042625851,0.09891540426258505,"{""model__C"": 0.1, ""model__epsilon"": 0.03, ""model__gamma"": ""scale""}"
932,4,valence,svr_rbf,0.6625,0.6921582472465728,0.029658247246572844,"{""model__C"": 0.1, ""model__epsilon"": 0.03, ""model__gamma"": ""scale""}"
933,4,valence,svr_rbf,0.7375,0.7188914899591887,0.01860851004081132,"{""model__C"": 0.1, ""model__epsilon"": 0.03, ""model__gamma"": ""scale""}"
950,4,valence,svr_rbf,0.6875,0.5261405376935256,0.16135946230647435,"{""model__C"": 0.1, ""model__epsilon"": 0.03, ""model__gamma"": ""scale""}"
958,4,valence,svr_rbf,0.8625,0.6780282571064694,0.18447174289353063,"{""model__C"": 0.1, ""model__epsilon"": 0.03, ""model__gamma"": ""scale""}"
959,4,valence,svr_rbf,0.45,0.559470786109619,0.10947078610961897,"{""model__C"": 0.1, ""model__epsilon"": 0.03, ""model__gamma"": ""scale""}"
962,4,valence,svr_rbf,0.2,0.5322674193451882,0.33226741934518816,"{""model__C"": 0.1, ""model__epsilon"": 0.03, ""model__gamma"": ""scale""}"
969,4,valence,svr_rbf,0.175,0.560431950733057,0.38543195073305697,"{""model__C"": 0.1, ""model__epsilon"": 0.03, ""model__gamma"": ""scale""}"
970,4,valence,svr_rbf,0.4875,0.4889721397187185,0.0014721397187185126,"{""model__C"": 0.1, ""model__epsilon"": 0.03, ""model__gamma"": ""scale""}"
980,4,valence,svr_rbf,0.725,0.692743362641227,0.03225663735877293,"{""model__C"": 0.1, ""model__epsilon"": 0.03, ""model__gamma"": ""scale""}"
